timestamp,power_kw
2022-01-01 00:00:00,1059.1
2022-01-01 01:00:00,1027.1
2022-01-01 02:00:00,1099.0
2022-01-01 03:00:00,1131.7
2022-01-01 04:00:00,1079.2
2022-01-01 05:00:00,1138.0
2022-01-01 06:00:00,1222.8
2022-01-01 07:00:00,1251.4
2022-01-01 08:00:00,1299.6
2022-01-01 09:00:00,1308.6
2022-01-01 10:00:00,1387.4
2022-01-01 11:00:00,1402.3
2022-01-01 12:00:00,1389.0
2022-01-01 13:00:00,1418.6
2022-01-01 14:00:00,1386.6
2022-01-01 15:00:00,1325.8
2022-01-01 16:00:00,1334.2
2022-01-01 17:00:00,1260.9
2022-01-01 18:00:00,1279.7
2022-01-01 19:00:00,1215.5
2022-01-01 20:00:00,1177.7
2022-01-01 21:00:00,1134.1
2022-01-01 22:00:00,1169.7
2022-01-01 23:00:00,1115.6
2022-01-02 00:00:00,1104.3
2022-01-02 01:00:00,1113.8
2022-01-02 02:00:00,1157.2
2022-01-02 03:00:00,1177.9
2022-01-02 04:00:00,1212.1
2022-01-02 05:00:00,1250.4
2022-01-02 06:00:00,1342.1
2022-01-02 07:00:00,1306.0
2022-01-02 08:00:00,1340.3
2022-01-02 09:00:00,1363.5
2022-01-02 10:00:00,1431.4
2022-01-02 11:00:00,1462.8
2022-01-02 12:00:00,1431.5
2022-01-02 13:00:00,1405.4
2022-01-02 14:00:00,1391.6
2022-01-02 15:00:00,1412.6
2022-01-02 16:00:00,1384.8
2022-01-02 17:00:00,1343.0
2022-01-02 18:00:00,1268.2
2022-01-02 19:00:00,1256.4
2022-01-02 20:00:00,1216.8
2022-01-02 21:00:00,1188.7
2022-01-02 22:00:00,1184.2
2022-01-02 23:00:00,1149.5
2022-01-03 00:00:00,1157.6
2022-01-03 01:00:00,1143.9
2022-01-03 02:00:00,1164.9
2022-01-03 03:00:00,1198.2
2022-01-03 04:00:00,1165.8
2022-01-03 05:00:00,1235.2
2022-01-03 06:00:00,1268.4
2022-01-03 07:00:00,1301.0
2022-01-03 08:00:00,1346.9
2022-01-03 09:00:00,1429.7
2022-01-03 10:00:00,1381.2
2022-01-03 11:00:00,1449.7
2022-01-03 12:00:00,1373.7
2022-01-03 13:00:00,1407.3
2022-01-03 14:00:00,1405.4
2022-01-03 15:00:00,1392.4
2022-01-03 16:00:00,1363.1
2022-01-03 17:00:00,1327.4
2022-01-03 18:00:00,1252.2
2022-01-03 19:00:00,1207.8
2022-01-03 20:00:00,1209.0
2022-01-03 21:00:00,1144.1
2022-01-03 22:00:00,1085.4
2022-01-03 23:00:00,1072.2
2022-01-04 00:00:00,1071.1
2022-01-04 01:00:00,1116.1
2022-01-04 02:00:00,1117.9
2022-01-04 03:00:00,1155.6
2022-01-04 04:00:00,1150.5
2022-01-04 05:00:00,1201.5
2022-01-04 06:00:00,1251.7
2022-01-04 07:00:00,1259.7
2022-01-04 08:00:00,1316.1
2022-01-04 09:00:00,1310.8
2022-01-04 10:00:00,1340.8
2022-01-04 11:00:00,1352.5
2022-01-04 12:00:00,1330.4
2022-01-04 13:00:00,1372.9
2022-01-04 14:00:00,1326.5
2022-01-04 15:00:00,1314.3
2022-01-04 16:00:00,1294.5
2022-01-04 17:00:00,1254.6
2022-01-04 18:00:00,1219.6
2022-01-04 19:00:00,1155.1
2022-01-04 20:00:00,1106.5
2022-01-04 21:00:00,1083.1
2022-01-04 22:00:00,1008.4
2022-01-04 23:00:00,998.1
2022-01-05 00:00:00,994.2
2022-01-05 01:00:00,1006.6
2022-01-05 02:00:00,1061.0
2022-01-05 03:00:00,1043.3
2022-01-05 04:00:00,1087.9
2022-01-05 05:00:00,1172.2
2022-01-05 06:00:00,1159.2
2022-01-05 07:00:00,1228.7
2022-01-05 08:00:00,1212.7
2022-01-05 09:00:00,1263.6
2022-01-05 10:00:00,1263.3
2022-01-05 11:00:00,1294.8
2022-01-05 12:00:00,1333.5
2022-01-05 13:00:00,1249.8
2022-01-05 14:00:00,1298.1
2022-01-05 15:00:00,1266.9
2022-01-05 16:00:00,1209.5
2022-01-05 17:00:00,1146.6
2022-01-05 18:00:00,1152.1
2022-01-05 19:00:00,1094.2
2022-01-05 20:00:00,1079.9
2022-01-05 21:00:00,1041.7
2022-01-05 22:00:00,1064.5
2022-01-05 23:00:00,993.7
2022-01-06 00:00:00,964.5
2022-01-06 01:00:00,1005.3
2022-01-06 02:00:00,1021.2
2022-01-06 03:00:00,1079.0
2022-01-06 04:00:00,1094.2
2022-01-06 05:00:00,1116.1
2022-01-06 06:00:00,1188.2
2022-01-06 07:00:00,1147.8
2022-01-06 08:00:00,1200.8
2022-01-06 09:00:00,1223.7
2022-01-06 10:00:00,1264.2
2022-01-06 11:00:00,1250.3
2022-01-06 12:00:00,1316.6
2022-01-06 13:00:00,1286.6
2022-01-06 14:00:00,1235.2
2022-01-06 15:00:00,1226.2
2022-01-06 16:00:00,1236.2
2022-01-06 17:00:00,1217.1
2022-01-06 18:00:00,1214.5
2022-01-06 19:00:00,1204.7
2022-01-06 20:00:00,1095.2
2022-01-06 21:00:00,1023.8
2022-01-06 22:00:00,967.5
2022-01-06 23:00:00,1026.4
2022-01-07 00:00:00,990.9
2022-01-07 01:00:00,1010.0
2022-01-07 02:00:00,1021.3
2022-01-07 03:00:00,1061.5
2022-01-07 04:00:00,1131.2
2022-01-07 05:00:00,1142.5
2022-01-07 06:00:00,1174.3
2022-01-07 07:00:00,1189.4
2022-01-07 08:00:00,1209.1
2022-01-07 09:00:00,1278.5
2022-01-07 10:00:00,1318.0
2022-01-07 11:00:00,1390.5
2022-01-07 12:00:00,1349.3
2022-01-07 13:00:00,1372.7
2022-01-07 14:00:00,1316.2
2022-01-07 15:00:00,1274.8
2022-01-07 16:00:00,1253.4
2022-01-07 17:00:00,1227.5
2022-01-07 18:00:00,1277.3
2022-01-07 19:00:00,1153.1
2022-01-07 20:00:00,1169.9
2022-01-07 21:00:00,1089.8
2022-01-07 22:00:00,1124.1
2022-01-07 23:00:00,1095.9
2022-01-08 00:00:00,1077.7
2022-01-08 01:00:00,1089.5
2022-01-08 02:00:00,1089.3
2022-01-08 03:00:00,1149.3
2022-01-08 04:00:00,1156.5
2022-01-08 05:00:00,1172.7
2022-01-08 06:00:00,1213.1
2022-01-08 07:00:00,1298.5
2022-01-08 08:00:00,1379.9
2022-01-08 09:00:00,1371.5
2022-01-08 10:00:00,1389.9
2022-01-08 11:00:00,1420.0
2022-01-08 12:00:00,1458.6
2022-01-08 13:00:00,1423.8
2022-01-08 14:00:00,1392.7
2022-01-08 15:00:00,1417.1
2022-01-08 16:00:00,1368.4
2022-01-08 17:00:00,1368.1
2022-01-08 18:00:00,1291.3
2022-01-08 19:00:00,1212.7
2022-01-08 20:00:00,1174.7
2022-01-08 21:00:00,1236.5
2022-01-08 22:00:00,1217.1
2022-01-08 23:00:00,1147.2
2022-01-09 00:00:00,1138.1
2022-01-09 01:00:00,1200.6
2022-01-09 02:00:00,1140.4
2022-01-09 03:00:00,1172.5
2022-01-09 04:00:00,1251.4
2022-01-09 05:00:00,1258.1
2022-01-09 06:00:00,1310.1
2022-01-09 07:00:00,1345.6
2022-01-09 08:00:00,1398.2
2022-01-09 09:00:00,1462.6
2022-01-09 10:00:00,1448.0
2022-01-09 11:00:00,1480.6
2022-01-09 12:00:00,1405.8
2022-01-09 13:00:00,1461.6
2022-01-09 14:00:00,1423.5
2022-01-09 15:00:00,1388.9
2022-01-09 16:00:00,1368.6
2022-01-09 17:00:00,1349.1
2022-01-09 18:00:00,1348.0
2022-01-09 19:00:00,1242.0
2022-01-09 20:00:00,1246.6
2022-01-09 21:00:00,1200.0
2022-01-09 22:00:00,1180.7
2022-01-09 23:00:00,1205.3
2022-01-10 00:00:00,1185.8
2022-01-10 01:00:00,1214.4
2022-01-10 02:00:00,1184.0
2022-01-10 03:00:00,1190.8
2022-01-10 04:00:00,1235.2
2022-01-10 05:00:00,1284.4
2022-01-10 06:00:00,1320.2
2022-01-10 07:00:00,1320.0
2022-01-10 08:00:00,1390.2
2022-01-10 09:00:00,1424.0
2022-01-10 10:00:00,1515.1
2022-01-10 11:00:00,1509.3
2022-01-10 12:00:00,1430.9
2022-01-10 13:00:00,1441.1
2022-01-10 14:00:00,1389.0
2022-01-10 15:00:00,1389.4
2022-01-10 16:00:00,1383.6
2022-01-10 17:00:00,1372.1
2022-01-10 18:00:00,1273.1
2022-01-10 19:00:00,1234.4
2022-01-10 20:00:00,1151.1
2022-01-10 21:00:00,1177.3
2022-01-10 22:00:00,1124.1
2022-01-10 23:00:00,1122.7
2022-01-11 00:00:00,1104.7
2022-01-11 01:00:00,1130.7
2022-01-11 02:00:00,1093.2
2022-01-11 03:00:00,1123.2
2022-01-11 04:00:00,1259.5
2022-01-11 05:00:00,1190.5
2022-01-11 06:00:00,1232.3
2022-01-11 07:00:00,1356.4
2022-01-11 08:00:00,1421.9
2022-01-11 09:00:00,1327.9
2022-01-11 10:00:00,1373.0
2022-01-11 11:00:00,1406.5
2022-01-11 12:00:00,1450.4
2022-01-11 13:00:00,1361.0
2022-01-11 14:00:00,1365.5
2022-01-11 15:00:00,1369.6
2022-01-11 16:00:00,1325.4
2022-01-11 17:00:00,1262.2
2022-01-11 18:00:00,1227.9
2022-01-11 19:00:00,1149.1
2022-01-11 20:00:00,1144.4
2022-01-11 21:00:00,1109.8
2022-01-11 22:00:00,1098.3
2022-01-11 23:00:00,1057.1
2022-01-12 00:00:00,1080.3
2022-01-12 01:00:00,1099.1
2022-01-12 02:00:00,1086.0
2022-01-12 03:00:00,1113.3
2022-01-12 04:00:00,1133.1
2022-01-12 05:00:00,1165.5
2022-01-12 06:00:00,1180.5
2022-01-12 07:00:00,1248.3
2022-01-12 08:00:00,1270.0
2022-01-12 09:00:00,1364.9
2022-01-12 10:00:00,1371.2
2022-01-12 11:00:00,1348.8
2022-01-12 12:00:00,1317.7
2022-01-12 13:00:00,1300.5
2022-01-12 14:00:00,1353.1
2022-01-12 15:00:00,1299.9
2022-01-12 16:00:00,1274.0
2022-01-12 17:00:00,1169.8
2022-01-12 18:00:00,1210.0
2022-01-12 19:00:00,1156.0
2022-01-12 20:00:00,1071.9
2022-01-12 21:00:00,1059.1
2022-01-12 22:00:00,1056.6
2022-01-12 23:00:00,1034.6
2022-01-13 00:00:00,1018.7
2022-01-13 01:00:00,1029.0
2022-01-13 02:00:00,1039.2
2022-01-13 03:00:00,1075.0
2022-01-13 04:00:00,1145.6
2022-01-13 05:00:00,1060.6
2022-01-13 06:00:00,1169.5
2022-01-13 07:00:00,1220.9
2022-01-13 08:00:00,1261.0
2022-01-13 09:00:00,1272.5
2022-01-13 10:00:00,1255.4
2022-01-13 11:00:00,1333.6
2022-01-13 12:00:00,1381.5
2022-01-13 13:00:00,1279.5
2022-01-13 14:00:00,1337.5
2022-01-13 15:00:00,1279.0
2022-01-13 16:00:00,1257.2
2022-01-13 17:00:00,1192.6
2022-01-13 18:00:00,1176.7
2022-01-13 19:00:00,1188.5
2022-01-13 20:00:00,1132.4
2022-01-13 21:00:00,1137.6
2022-01-13 22:00:00,1098.9
2022-01-13 23:00:00,1063.7
2022-01-14 00:00:00,1099.8
2022-01-14 01:00:00,1067.8
2022-01-14 02:00:00,1096.7
2022-01-14 03:00:00,1089.0
2022-01-14 04:00:00,1133.3
2022-01-14 05:00:00,1149.0
2022-01-14 06:00:00,1240.9
2022-01-14 07:00:00,1217.3
2022-01-14 08:00:00,1314.9
2022-01-14 09:00:00,1319.5
2022-01-14 10:00:00,1386.9
2022-01-14 11:00:00,1392.1
2022-01-14 12:00:00,1432.2
2022-01-14 13:00:00,1397.3
2022-01-14 14:00:00,1316.2
2022-01-14 15:00:00,1340.5
2022-01-14 16:00:00,1279.3
2022-01-14 17:00:00,1265.8
2022-01-14 18:00:00,1290.9
2022-01-14 19:00:00,1229.0
2022-01-14 20:00:00,1155.9
2022-01-14 21:00:00,1118.5
2022-01-14 22:00:00,1129.3
2022-01-14 23:00:00,1080.0
2022-01-15 00:00:00,1094.4
2022-01-15 01:00:00,1132.2
2022-01-15 02:00:00,1175.6
2022-01-15 03:00:00,1186.3
2022-01-15 04:00:00,1133.5
2022-01-15 05:00:00,1250.7
2022-01-15 06:00:00,1285.6
2022-01-15 07:00:00,1337.8
2022-01-15 08:00:00,1413.1
2022-01-15 09:00:00,1336.8
2022-01-15 10:00:00,1407.8
2022-01-15 11:00:00,1461.2
2022-01-15 12:00:00,1404.1
2022-01-15 13:00:00,1493.5
2022-01-15 14:00:00,1448.1
2022-01-15 15:00:00,1441.4
2022-01-15 16:00:00,1370.5
2022-01-15 17:00:00,1378.5
2022-01-15 18:00:00,1349.9
2022-01-15 19:00:00,1288.5
2022-01-15 20:00:00,1254.8
2022-01-15 21:00:00,1227.1
2022-01-15 22:00:00,1171.5
2022-01-15 23:00:00,1180.2
2022-01-16 00:00:00,1177.0
2022-01-16 01:00:00,1200.2
2022-01-16 02:00:00,1235.6
2022-01-16 03:00:00,1199.6
2022-01-16 04:00:00,1260.4
2022-01-16 05:00:00,1346.4
2022-01-16 06:00:00,1320.0
2022-01-16 07:00:00,1357.9
2022-01-16 08:00:00,1426.1
2022-01-16 09:00:00,1477.7
2022-01-16 10:00:00,1477.6
2022-01-16 11:00:00,1533.2
2022-01-16 12:00:00,1525.0
2022-01-16 13:00:00,1520.3
2022-01-16 14:00:00,1497.3
2022-01-16 15:00:00,1527.3
2022-01-16 16:00:00,1420.7
2022-01-16 17:00:00,1330.9
2022-01-16 18:00:00,1400.6
2022-01-16 19:00:00,1300.0
2022-01-16 20:00:00,1280.9
2022-01-16 21:00:00,1285.7
2022-01-16 22:00:00,1174.4
2022-01-16 23:00:00,1169.6
2022-01-17 00:00:00,1153.5
2022-01-17 01:00:00,1182.3
2022-01-17 02:00:00,1233.7
2022-01-17 03:00:00,1259.3
2022-01-17 04:00:00,1282.1
2022-01-17 05:00:00,1266.7
2022-01-17 06:00:00,1277.5
2022-01-17 07:00:00,1386.1
2022-01-17 08:00:00,1405.2
2022-01-17 09:00:00,1462.9
2022-01-17 10:00:00,1492.5
2022-01-17 11:00:00,1489.1
2022-01-17 12:00:00,1511.2
2022-01-17 13:00:00,1488.4
2022-01-17 14:00:00,1480.7
2022-01-17 15:00:00,1417.9
2022-01-17 16:00:00,1400.6
2022-01-17 17:00:00,1373.7
2022-01-17 18:00:00,1351.5
2022-01-17 19:00:00,1274.0
2022-01-17 20:00:00,1263.0
2022-01-17 21:00:00,1206.1
2022-01-17 22:00:00,1184.3
2022-01-17 23:00:00,1195.3
2022-01-18 00:00:00,1103.0
2022-01-18 01:00:00,1126.5
2022-01-18 02:00:00,1133.3
2022-01-18 03:00:00,1129.0
2022-01-18 04:00:00,1207.1
2022-01-18 05:00:00,1283.4
2022-01-18 06:00:00,1288.5
2022-01-18 07:00:00,1339.0
2022-01-18 08:00:00,1399.2
2022-01-18 09:00:00,1434.6
2022-01-18 10:00:00,1413.8
2022-01-18 11:00:00,1468.6
2022-01-18 12:00:00,1433.1
2022-01-18 13:00:00,1397.3
2022-01-18 14:00:00,1386.8
2022-01-18 15:00:00,1333.6
2022-01-18 16:00:00,1317.5
2022-01-18 17:00:00,1294.5
2022-01-18 18:00:00,1287.8
2022-01-18 19:00:00,1273.7
2022-01-18 20:00:00,1141.8
2022-01-18 21:00:00,1161.3
2022-01-18 22:00:00,1091.9
2022-01-18 23:00:00,1119.8
2022-01-19 00:00:00,1093.9
2022-01-19 01:00:00,1045.6
2022-01-19 02:00:00,1140.9
2022-01-19 03:00:00,1116.4
2022-01-19 04:00:00,1147.2
2022-01-19 05:00:00,1165.1
2022-01-19 06:00:00,1214.2
2022-01-19 07:00:00,1283.4
2022-01-19 08:00:00,1299.0
2022-01-19 09:00:00,1343.6
2022-01-19 10:00:00,1366.6
2022-01-19 11:00:00,1408.5
2022-01-19 12:00:00,1362.0
2022-01-19 13:00:00,1321.2
2022-01-19 14:00:00,1381.0
2022-01-19 15:00:00,1313.8
2022-01-19 16:00:00,1324.7
2022-01-19 17:00:00,1265.3
2022-01-19 18:00:00,1209.9
2022-01-19 19:00:00,1184.4
2022-01-19 20:00:00,1195.4
2022-01-19 21:00:00,1167.2
2022-01-19 22:00:00,1082.4
2022-01-19 23:00:00,1069.5
2022-01-20 00:00:00,1091.3
2022-01-20 01:00:00,1038.4
2022-01-20 02:00:00,1088.4
2022-01-20 03:00:00,1101.3
2022-01-20 04:00:00,1142.4
2022-01-20 05:00:00,1144.2
2022-01-20 06:00:00,1160.5
2022-01-20 07:00:00,1185.0
2022-01-20 08:00:00,1250.2
2022-01-20 09:00:00,1301.5
2022-01-20 10:00:00,1330.9
2022-01-20 11:00:00,1413.5
2022-01-20 12:00:00,1394.5
2022-01-20 13:00:00,1328.2
2022-01-20 14:00:00,1353.5
2022-01-20 15:00:00,1308.2
2022-01-20 16:00:00,1282.0
2022-01-20 17:00:00,1261.3
2022-01-20 18:00:00,1236.9
2022-01-20 19:00:00,1170.8
2022-01-20 20:00:00,1178.4
2022-01-20 21:00:00,1082.9
2022-01-20 22:00:00,1095.3
2022-01-20 23:00:00,1160.0
2022-01-21 00:00:00,1085.7
2022-01-21 01:00:00,1129.2
2022-01-21 02:00:00,1106.1
2022-01-21 03:00:00,1146.8
2022-01-21 04:00:00,1161.1
2022-01-21 05:00:00,1196.3
2022-01-21 06:00:00,1219.4
2022-01-21 07:00:00,1297.0
2022-01-21 08:00:00,1297.4
2022-01-21 09:00:00,1376.6
2022-01-21 10:00:00,1415.8
2022-01-21 11:00:00,1412.0
2022-01-21 12:00:00,1400.4
2022-01-21 13:00:00,1420.4
2022-01-21 14:00:00,1385.5
2022-01-21 15:00:00,1402.0
2022-01-21 16:00:00,1290.9
2022-01-21 17:00:00,1302.7
2022-01-21 18:00:00,1217.3
2022-01-21 19:00:00,1196.5
2022-01-21 20:00:00,1249.2
2022-01-21 21:00:00,1207.2
2022-01-21 22:00:00,1138.1
2022-01-21 23:00:00,1102.8
2022-01-22 00:00:00,1057.0
2022-01-22 01:00:00,1137.9
2022-01-22 02:00:00,1245.0
2022-01-22 03:00:00,1212.4
2022-01-22 04:00:00,1216.8
2022-01-22 05:00:00,1286.9
2022-01-22 06:00:00,1268.0
2022-01-22 07:00:00,1347.8
2022-01-22 08:00:00,1399.0
2022-01-22 09:00:00,1427.5
2022-01-22 10:00:00,1480.6
2022-01-22 11:00:00,1485.2
2022-01-22 12:00:00,1502.9
2022-01-22 13:00:00,1459.9
2022-01-22 14:00:00,1495.3
2022-01-22 15:00:00,1496.2
2022-01-22 16:00:00,1389.8
2022-01-22 17:00:00,1358.8
2022-01-22 18:00:00,1389.2
2022-01-22 19:00:00,1307.0
2022-01-22 20:00:00,1321.1
2022-01-22 21:00:00,1237.0
2022-01-22 22:00:00,1272.4
2022-01-22 23:00:00,1219.9
2022-01-23 00:00:00,1220.6
2022-01-23 01:00:00,1266.9
2022-01-23 02:00:00,1226.1
2022-01-23 03:00:00,1234.3
2022-01-23 04:00:00,1281.9
2022-01-23 05:00:00,1346.7
2022-01-23 06:00:00,1326.5
2022-01-23 07:00:00,1432.9
2022-01-23 08:00:00,1435.1
2022-01-23 09:00:00,1518.0
2022-01-23 10:00:00,1436.7
2022-01-23 11:00:00,1500.9
2022-01-23 12:00:00,1479.9
2022-01-23 13:00:00,1501.4
2022-01-23 14:00:00,1519.3
2022-01-23 15:00:00,1483.3
2022-01-23 16:00:00,1450.4
2022-01-23 17:00:00,1417.4
2022-01-23 18:00:00,1389.7
2022-01-23 19:00:00,1314.7
2022-01-23 20:00:00,1330.0
2022-01-23 21:00:00,1297.5
2022-01-23 22:00:00,1265.1
2022-01-23 23:00:00,1255.0
2022-01-24 00:00:00,1241.6
2022-01-24 01:00:00,1298.4
2022-01-24 02:00:00,1249.0
2022-01-24 03:00:00,1265.5
2022-01-24 04:00:00,1282.3
2022-01-24 05:00:00,1309.2
2022-01-24 06:00:00,1340.6
2022-01-24 07:00:00,1388.9
2022-01-24 08:00:00,1448.4
2022-01-24 09:00:00,1490.2
2022-01-24 10:00:00,1504.1
2022-01-24 11:00:00,1493.0
2022-01-24 12:00:00,1546.5
2022-01-24 13:00:00,1534.8
2022-01-24 14:00:00,1491.0
2022-01-24 15:00:00,1450.5
2022-01-24 16:00:00,1453.5
2022-01-24 17:00:00,1404.5
2022-01-24 18:00:00,1314.4
2022-01-24 19:00:00,1314.8
2022-01-24 20:00:00,1286.3
2022-01-24 21:00:00,1218.1
2022-01-24 22:00:00,1224.5
2022-01-24 23:00:00,1157.8
2022-01-25 00:00:00,1233.9
2022-01-25 01:00:00,1233.8
2022-01-25 02:00:00,1201.2
2022-01-25 03:00:00,1240.9
2022-01-25 04:00:00,1186.1
2022-01-25 05:00:00,1257.2
2022-01-25 06:00:00,1319.2
2022-01-25 07:00:00,1331.9
2022-01-25 08:00:00,1418.9
2022-01-25 09:00:00,1485.7
2022-01-25 10:00:00,1411.5
2022-01-25 11:00:00,1433.8
2022-01-25 12:00:00,1468.3
2022-01-25 13:00:00,1501.7
2022-01-25 14:00:00,1398.9
2022-01-25 15:00:00,1416.4
2022-01-25 16:00:00,1429.7
2022-01-25 17:00:00,1286.6
2022-01-25 18:00:00,1256.1
2022-01-25 19:00:00,1240.3
2022-01-25 20:00:00,1198.5
2022-01-25 21:00:00,1204.8
2022-01-25 22:00:00,1161.2
2022-01-25 23:00:00,1083.1
2022-01-26 00:00:00,1144.2
2022-01-26 01:00:00,1114.0
2022-01-26 02:00:00,1182.1
2022-01-26 03:00:00,1146.5
2022-01-26 04:00:00,1175.0
2022-01-26 05:00:00,1244.2
2022-01-26 06:00:00,1287.5
2022-01-26 07:00:00,1314.8
2022-01-26 08:00:00,1284.9
2022-01-26 09:00:00,1380.7
2022-01-26 10:00:00,1355.5
2022-01-26 11:00:00,1406.7
2022-01-26 12:00:00,1360.3
2022-01-26 13:00:00,1409.7
2022-01-26 14:00:00,1355.6
2022-01-26 15:00:00,1316.0
2022-01-26 16:00:00,1343.5
2022-01-26 17:00:00,1291.8
2022-01-26 18:00:00,1226.2
2022-01-26 19:00:00,1248.2
2022-01-26 20:00:00,1154.3
2022-01-26 21:00:00,1136.6
2022-01-26 22:00:00,1119.1
2022-01-26 23:00:00,1076.8
2022-01-27 00:00:00,1103.9
2022-01-27 01:00:00,1078.4
2022-01-27 02:00:00,1096.8
2022-01-27 03:00:00,1173.6
2022-01-27 04:00:00,1132.5
2022-01-27 05:00:00,1127.5
2022-01-27 06:00:00,1287.2
2022-01-27 07:00:00,1354.4
2022-01-27 08:00:00,1302.3
2022-01-27 09:00:00,1287.8
2022-01-27 10:00:00,1361.0
2022-01-27 11:00:00,1377.4
2022-01-27 12:00:00,1386.2
2022-01-27 13:00:00,1354.3
2022-01-27 14:00:00,1391.1
2022-01-27 15:00:00,1366.7
2022-01-27 16:00:00,1276.3
2022-01-27 17:00:00,1307.3
2022-01-27 18:00:00,1310.5
2022-01-27 19:00:00,1216.8
2022-01-27 20:00:00,1166.9
2022-01-27 21:00:00,1143.4
2022-01-27 22:00:00,1144.1
2022-01-27 23:00:00,1060.7
2022-01-28 00:00:00,1114.4
2022-01-28 01:00:00,1105.0
2022-01-28 02:00:00,1189.3
2022-01-28 03:00:00,1154.7
2022-01-28 04:00:00,1243.4
2022-01-28 05:00:00,1198.8
2022-01-28 06:00:00,1290.9
2022-01-28 07:00:00,1324.2
2022-01-28 08:00:00,1327.3
2022-01-28 09:00:00,1392.5
2022-01-28 10:00:00,1450.1
2022-01-28 11:00:00,1421.8
2022-01-28 12:00:00,1388.7
2022-01-28 13:00:00,1436.7
2022-01-28 14:00:00,1398.1
2022-01-28 15:00:00,1394.1
2022-01-28 16:00:00,1373.9
2022-01-28 17:00:00,1292.0
2022-01-28 18:00:00,1259.0
2022-01-28 19:00:00,1286.2
2022-01-28 20:00:00,1223.0
2022-01-28 21:00:00,1133.8
2022-01-28 22:00:00,1213.6
2022-01-28 23:00:00,1186.4
2022-01-29 00:00:00,1154.9
2022-01-29 01:00:00,1145.1
2022-01-29 02:00:00,1227.8
2022-01-29 03:00:00,1240.2
2022-01-29 04:00:00,1335.4
2022-01-29 05:00:00,1315.9
2022-01-29 06:00:00,1356.8
2022-01-29 07:00:00,1382.1
2022-01-29 08:00:00,1450.8
2022-01-29 09:00:00,1479.1
2022-01-29 10:00:00,1524.8
2022-01-29 11:00:00,1489.5
2022-01-29 12:00:00,1500.1
2022-01-29 13:00:00,1496.5
2022-01-29 14:00:00,1522.4
2022-01-29 15:00:00,1522.5
2022-01-29 16:00:00,1435.4
2022-01-29 17:00:00,1402.9
2022-01-29 18:00:00,1388.8
2022-01-29 19:00:00,1335.7
2022-01-29 20:00:00,1337.8
2022-01-29 21:00:00,1213.0
2022-01-29 22:00:00,1234.1
2022-01-29 23:00:00,1222.6
2022-01-30 00:00:00,1173.5
2022-01-30 01:00:00,1221.3
2022-01-30 02:00:00,1239.6
2022-01-30 03:00:00,1286.7
2022-01-30 04:00:00,1358.9
2022-01-30 05:00:00,1356.0
2022-01-30 06:00:00,1372.8
2022-01-30 07:00:00,1442.2
2022-01-30 08:00:00,1512.9
2022-01-30 09:00:00,1484.4
2022-01-30 10:00:00,1511.3
2022-01-30 11:00:00,1571.4
2022-01-30 12:00:00,1554.0
2022-01-30 13:00:00,1575.7
2022-01-30 14:00:00,1541.6
2022-01-30 15:00:00,1539.8
2022-01-30 16:00:00,1457.1
2022-01-30 17:00:00,1451.9
2022-01-30 18:00:00,1407.4
2022-01-30 19:00:00,1338.5
2022-01-30 20:00:00,1291.9
2022-01-30 21:00:00,1328.2
2022-01-30 22:00:00,1273.1
2022-01-30 23:00:00,1237.6
2022-01-31 00:00:00,1259.9
2022-01-31 01:00:00,1301.2
2022-01-31 02:00:00,1213.2
2022-01-31 03:00:00,1259.8
2022-01-31 04:00:00,1307.2
2022-01-31 05:00:00,1414.0
2022-01-31 06:00:00,1416.4
2022-01-31 07:00:00,1468.5
2022-01-31 08:00:00,1446.2
2022-01-31 09:00:00,1476.5
2022-01-31 10:00:00,1545.9
2022-01-31 11:00:00,1547.7
2022-01-31 12:00:00,1565.9
2022-01-31 13:00:00,1536.9
2022-01-31 14:00:00,1534.1
2022-01-31 15:00:00,1504.7
2022-01-31 16:00:00,1490.3
2022-01-31 17:00:00,1452.9
2022-01-31 18:00:00,1339.2
2022-01-31 19:00:00,1279.3
2022-01-31 20:00:00,1338.4
2022-01-31 21:00:00,1310.5
2022-01-31 22:00:00,1218.1
2022-01-31 23:00:00,1175.5
2022-02-01 00:00:00,1226.6
2022-02-01 01:00:00,1254.1
2022-02-01 02:00:00,1292.5
2022-02-01 03:00:00,1275.3
2022-02-01 04:00:00,1277.1
2022-02-01 05:00:00,1294.9
2022-02-01 06:00:00,1358.1
2022-02-01 07:00:00,1384.9
2022-02-01 08:00:00,1396.8
2022-02-01 09:00:00,1517.0
2022-02-01 10:00:00,1530.1
2022-02-01 11:00:00,1522.8
2022-02-01 12:00:00,1463.4
2022-02-01 13:00:00,1508.7
2022-02-01 14:00:00,1484.5
2022-02-01 15:00:00,1451.9
2022-02-01 16:00:00,1442.3
2022-02-01 17:00:00,1384.9
2022-02-01 18:00:00,1346.4
2022-02-01 19:00:00,1301.8
2022-02-01 20:00:00,1254.0
2022-02-01 21:00:00,1156.6
2022-02-01 22:00:00,1186.1
2022-02-01 23:00:00,1149.3
2022-02-02 00:00:00,1120.0
2022-02-02 01:00:00,1211.4
2022-02-02 02:00:00,1225.4
2022-02-02 03:00:00,1235.7
2022-02-02 04:00:00,1231.4
2022-02-02 05:00:00,1298.1
2022-02-02 06:00:00,1294.6
2022-02-02 07:00:00,1337.0
2022-02-02 08:00:00,1332.2
2022-02-02 09:00:00,1406.0
2022-02-02 10:00:00,1417.9
2022-02-02 11:00:00,1390.1
2022-02-02 12:00:00,1431.1
2022-02-02 13:00:00,1423.4
2022-02-02 14:00:00,1463.2
2022-02-02 15:00:00,1410.8
2022-02-02 16:00:00,1351.9
2022-02-02 17:00:00,1321.6
2022-02-02 18:00:00,1275.4
2022-02-02 19:00:00,1228.1
2022-02-02 20:00:00,1164.6
2022-02-02 21:00:00,1160.6
2022-02-02 22:00:00,1118.1
2022-02-02 23:00:00,1087.4
2022-02-03 00:00:00,1134.5
2022-02-03 01:00:00,1135.6
2022-02-03 02:00:00,1084.9
2022-02-03 03:00:00,1158.5
2022-02-03 04:00:00,1223.0
2022-02-03 05:00:00,1261.1
2022-02-03 06:00:00,1299.0
2022-02-03 07:00:00,1308.4
2022-02-03 08:00:00,1318.4
2022-02-03 09:00:00,1342.8
2022-02-03 10:00:00,1410.0
2022-02-03 11:00:00,1426.7
2022-02-03 12:00:00,1459.9
2022-02-03 13:00:00,1450.0
2022-02-03 14:00:00,1399.1
2022-02-03 15:00:00,1343.0
2022-02-03 16:00:00,1340.9
2022-02-03 17:00:00,1322.1
2022-02-03 18:00:00,1272.1
2022-02-03 19:00:00,1223.5
2022-02-03 20:00:00,1213.9
2022-02-03 21:00:00,1161.9
2022-02-03 22:00:00,1136.1
2022-02-03 23:00:00,1151.2
2022-02-04 00:00:00,1126.7
2022-02-04 01:00:00,1153.3
2022-02-04 02:00:00,1171.3
2022-02-04 03:00:00,1155.0
2022-02-04 04:00:00,1208.1
2022-02-04 05:00:00,1304.3
2022-02-04 06:00:00,1267.6
2022-02-04 07:00:00,1280.3
2022-02-04 08:00:00,1326.7
2022-02-04 09:00:00,1417.2
2022-02-04 10:00:00,1443.8
2022-02-04 11:00:00,1457.1
2022-02-04 12:00:00,1505.0
2022-02-04 13:00:00,1386.2
2022-02-04 14:00:00,1466.2
2022-02-04 15:00:00,1480.3
2022-02-04 16:00:00,1371.6
2022-02-04 17:00:00,1360.9
2022-02-04 18:00:00,1313.9
2022-02-04 19:00:00,1274.0
2022-02-04 20:00:00,1258.0
2022-02-04 21:00:00,1282.6
2022-02-04 22:00:00,1274.2
2022-02-04 23:00:00,1197.2
2022-02-05 00:00:00,1262.5
2022-02-05 01:00:00,1214.7
2022-02-05 02:00:00,1284.4
2022-02-05 03:00:00,1255.9
2022-02-05 04:00:00,1296.9
2022-02-05 05:00:00,1343.2
2022-02-05 06:00:00,1469.5
2022-02-05 07:00:00,1441.6
2022-02-05 08:00:00,1434.0
2022-02-05 09:00:00,1518.4
2022-02-05 10:00:00,1505.3
2022-02-05 11:00:00,1519.4
2022-02-05 12:00:00,1569.3
2022-02-05 13:00:00,1540.7
2022-02-05 14:00:00,1536.0
2022-02-05 15:00:00,1506.9
2022-02-05 16:00:00,1488.2
2022-02-05 17:00:00,1457.3
2022-02-05 18:00:00,1350.1
2022-02-05 19:00:00,1391.9
2022-02-05 20:00:00,1308.6
2022-02-05 21:00:00,1266.1
2022-02-05 22:00:00,1286.0
2022-02-05 23:00:00,1277.5
2022-02-06 00:00:00,1251.1
2022-02-06 01:00:00,1303.9
2022-02-06 02:00:00,1255.6
2022-02-06 03:00:00,1309.3
2022-02-06 04:00:00,1336.8
2022-02-06 05:00:00,1390.7
2022-02-06 06:00:00,1440.8
2022-02-06 07:00:00,1442.4
2022-02-06 08:00:00,1531.9
2022-02-06 09:00:00,1544.3
2022-02-06 10:00:00,1510.6
2022-02-06 11:00:00,1524.6
2022-02-06 12:00:00,1589.0
2022-02-06 13:00:00,1578.4
2022-02-06 14:00:00,1567.6
2022-02-06 15:00:00,1546.6
2022-02-06 16:00:00,1523.6
2022-02-06 17:00:00,1509.4
2022-02-06 18:00:00,1409.0
2022-02-06 19:00:00,1368.5
2022-02-06 20:00:00,1334.7
2022-02-06 21:00:00,1344.9
2022-02-06 22:00:00,1349.6
2022-02-06 23:00:00,1284.0
2022-02-07 00:00:00,1216.3
2022-02-07 01:00:00,1244.8
2022-02-07 02:00:00,1285.2
2022-02-07 03:00:00,1316.6
2022-02-07 04:00:00,1351.2
2022-02-07 05:00:00,1399.8
2022-02-07 06:00:00,1427.1
2022-02-07 07:00:00,1505.5
2022-02-07 08:00:00,1488.7
2022-02-07 09:00:00,1512.8
2022-02-07 10:00:00,1575.4
2022-02-07 11:00:00,1528.3
2022-02-07 12:00:00,1589.6
2022-02-07 13:00:00,1574.1
2022-02-07 14:00:00,1549.8
2022-02-07 15:00:00,1576.1
2022-02-07 16:00:00,1476.7
2022-02-07 17:00:00,1519.0
2022-02-07 18:00:00,1409.4
2022-02-07 19:00:00,1336.8
2022-02-07 20:00:00,1338.8
2022-02-07 21:00:00,1271.0
2022-02-07 22:00:00,1254.5
2022-02-07 23:00:00,1271.5
2022-02-08 00:00:00,1268.7
2022-02-08 01:00:00,1235.9
2022-02-08 02:00:00,1296.6
2022-02-08 03:00:00,1322.9
2022-02-08 04:00:00,1359.6
2022-02-08 05:00:00,1365.9
2022-02-08 06:00:00,1427.0
2022-02-08 07:00:00,1365.7
2022-02-08 08:00:00,1446.0
2022-02-08 09:00:00,1457.8
2022-02-08 10:00:00,1508.4
2022-02-08 11:00:00,1499.8
2022-02-08 12:00:00,1514.3
2022-02-08 13:00:00,1567.8
2022-02-08 14:00:00,1488.4
2022-02-08 15:00:00,1479.3
2022-02-08 16:00:00,1426.0
2022-02-08 17:00:00,1396.3
2022-02-08 18:00:00,1352.6
2022-02-08 19:00:00,1324.3
2022-02-08 20:00:00,1306.9
2022-02-08 21:00:00,1287.7
2022-02-08 22:00:00,1221.0
2022-02-08 23:00:00,1211.9
2022-02-09 00:00:00,1152.0
2022-02-09 01:00:00,1186.5
2022-02-09 02:00:00,1229.8
2022-02-09 03:00:00,1249.0
2022-02-09 04:00:00,1258.1
2022-02-09 05:00:00,1312.3
2022-02-09 06:00:00,1337.0
2022-02-09 07:00:00,1395.0
2022-02-09 08:00:00,1401.8
2022-02-09 09:00:00,1411.5
2022-02-09 10:00:00,1454.2
2022-02-09 11:00:00,1369.3
2022-02-09 12:00:00,1472.1
2022-02-09 13:00:00,1344.4
2022-02-09 14:00:00,1385.6
2022-02-09 15:00:00,1425.5
2022-02-09 16:00:00,1393.8
2022-02-09 17:00:00,1307.2
2022-02-09 18:00:00,1280.7
2022-02-09 19:00:00,1303.3
2022-02-09 20:00:00,1210.5
2022-02-09 21:00:00,1260.3
2022-02-09 22:00:00,1168.4
2022-02-09 23:00:00,1165.0
2022-02-10 00:00:00,1195.6
2022-02-10 01:00:00,1155.7
2022-02-10 02:00:00,1136.3
2022-02-10 03:00:00,1186.7
2022-02-10 04:00:00,1219.9
2022-02-10 05:00:00,1216.2
2022-02-10 06:00:00,1288.4
2022-02-10 07:00:00,1312.8
2022-02-10 08:00:00,1399.3
2022-02-10 09:00:00,1404.1
2022-02-10 10:00:00,1419.0
2022-02-10 11:00:00,1439.9
2022-02-10 12:00:00,1455.7
2022-02-10 13:00:00,1463.3
2022-02-10 14:00:00,1400.8
2022-02-10 15:00:00,1376.8
2022-02-10 16:00:00,1411.3
2022-02-10 17:00:00,1330.9
2022-02-10 18:00:00,1263.4
2022-02-10 19:00:00,1281.9
2022-02-10 20:00:00,1247.9
2022-02-10 21:00:00,1158.7
2022-02-10 22:00:00,1189.5
2022-02-10 23:00:00,1191.6
2022-02-11 00:00:00,1177.6
2022-02-11 01:00:00,1192.5
2022-02-11 02:00:00,1148.6
2022-02-11 03:00:00,1226.7
2022-02-11 04:00:00,1241.1
2022-02-11 05:00:00,1274.2
2022-02-11 06:00:00,1356.1
2022-02-11 07:00:00,1415.7
2022-02-11 08:00:00,1464.0
2022-02-11 09:00:00,1483.3
2022-02-11 10:00:00,1467.1
2022-02-11 11:00:00,1498.8
2022-02-11 12:00:00,1519.1
2022-02-11 13:00:00,1497.5
2022-02-11 14:00:00,1485.7
2022-02-11 15:00:00,1485.7
2022-02-11 16:00:00,1431.1
2022-02-11 17:00:00,1377.9
2022-02-11 18:00:00,1351.5
2022-02-11 19:00:00,1347.3
2022-02-11 20:00:00,1295.3
2022-02-11 21:00:00,1277.4
2022-02-11 22:00:00,1266.6
2022-02-11 23:00:00,1223.4
2022-02-12 00:00:00,1255.4
2022-02-12 01:00:00,1252.4
2022-02-12 02:00:00,1222.1
2022-02-12 03:00:00,1329.4
2022-02-12 04:00:00,1305.3
2022-02-12 05:00:00,1309.9
2022-02-12 06:00:00,1370.1
2022-02-12 07:00:00,1412.7
2022-02-12 08:00:00,1484.1
2022-02-12 09:00:00,1508.4
2022-02-12 10:00:00,1533.3
2022-02-12 11:00:00,1579.9
2022-02-12 12:00:00,1579.5
2022-02-12 13:00:00,1576.5
2022-02-12 14:00:00,1567.1
2022-02-12 15:00:00,1552.2
2022-02-12 16:00:00,1442.1
2022-02-12 17:00:00,1460.8
2022-02-12 18:00:00,1370.0
2022-02-12 19:00:00,1400.2
2022-02-12 20:00:00,1365.1
2022-02-12 21:00:00,1367.9
2022-02-12 22:00:00,1350.5
2022-02-12 23:00:00,1308.2
2022-02-13 00:00:00,1284.0
2022-02-13 01:00:00,1320.7
2022-02-13 02:00:00,1307.2
2022-02-13 03:00:00,1348.6
2022-02-13 04:00:00,1411.0
2022-02-13 05:00:00,1402.4
2022-02-13 06:00:00,1483.7
2022-02-13 07:00:00,1520.0
2022-02-13 08:00:00,1508.6
2022-02-13 09:00:00,1598.7
2022-02-13 10:00:00,1615.4
2022-02-13 11:00:00,1613.4
2022-02-13 12:00:00,1593.5
2022-02-13 13:00:00,1586.2
2022-02-13 14:00:00,1581.5
2022-02-13 15:00:00,1590.7
2022-02-13 16:00:00,1515.1
2022-02-13 17:00:00,1521.0
2022-02-13 18:00:00,1432.0
2022-02-13 19:00:00,1424.4
2022-02-13 20:00:00,1397.7
2022-02-13 21:00:00,1436.5
2022-02-13 22:00:00,1297.8
2022-02-13 23:00:00,1367.9
2022-02-14 00:00:00,1322.7
2022-02-14 01:00:00,1335.1
2022-02-14 02:00:00,1340.6
2022-02-14 03:00:00,1373.5
2022-02-14 04:00:00,1385.7
2022-02-14 05:00:00,1469.1
2022-02-14 06:00:00,1449.5
2022-02-14 07:00:00,1534.8
2022-02-14 08:00:00,1516.4
2022-02-14 09:00:00,1563.6
2022-02-14 10:00:00,1555.6
2022-02-14 11:00:00,1614.8
2022-02-14 12:00:00,1648.0
2022-02-14 13:00:00,1595.4
2022-02-14 14:00:00,1575.0
2022-02-14 15:00:00,1521.7
2022-02-14 16:00:00,1515.2
2022-02-14 17:00:00,1436.0
2022-02-14 18:00:00,1415.5
2022-02-14 19:00:00,1408.6
2022-02-14 20:00:00,1402.9
2022-02-14 21:00:00,1414.2
2022-02-14 22:00:00,1286.1
2022-02-14 23:00:00,1329.3
2022-02-15 00:00:00,1285.9
2022-02-15 01:00:00,1276.6
2022-02-15 02:00:00,1306.5
2022-02-15 03:00:00,1316.6
2022-02-15 04:00:00,1346.4
2022-02-15 05:00:00,1364.3
2022-02-15 06:00:00,1370.7
2022-02-15 07:00:00,1402.3
2022-02-15 08:00:00,1501.6
2022-02-15 09:00:00,1502.0
2022-02-15 10:00:00,1513.4
2022-02-15 11:00:00,1543.7
2022-02-15 12:00:00,1569.6
2022-02-15 13:00:00,1543.2
2022-02-15 14:00:00,1500.3
2022-02-15 15:00:00,1530.1
2022-02-15 16:00:00,1506.8
2022-02-15 17:00:00,1435.3
2022-02-15 18:00:00,1408.0
2022-02-15 19:00:00,1374.5
2022-02-15 20:00:00,1332.3
2022-02-15 21:00:00,1283.0
2022-02-15 22:00:00,1256.0
2022-02-15 23:00:00,1236.1
2022-02-16 00:00:00,1179.9
2022-02-16 01:00:00,1236.4
2022-02-16 02:00:00,1187.3
2022-02-16 03:00:00,1225.5
2022-02-16 04:00:00,1317.2
2022-02-16 05:00:00,1337.2
2022-02-16 06:00:00,1393.2
2022-02-16 07:00:00,1377.1
2022-02-16 08:00:00,1384.8
2022-02-16 09:00:00,1441.2
2022-02-16 10:00:00,1473.4
2022-02-16 11:00:00,1485.8
2022-02-16 12:00:00,1520.8
2022-02-16 13:00:00,1469.2
2022-02-16 14:00:00,1474.0
2022-02-16 15:00:00,1408.5
2022-02-16 16:00:00,1419.2
2022-02-16 17:00:00,1368.3
2022-02-16 18:00:00,1305.7
2022-02-16 19:00:00,1281.2
2022-02-16 20:00:00,1245.5
2022-02-16 21:00:00,1211.0
2022-02-16 22:00:00,1247.6
2022-02-16 23:00:00,1175.9
2022-02-17 00:00:00,1165.8
2022-02-17 01:00:00,1114.9
2022-02-17 02:00:00,1165.6
2022-02-17 03:00:00,1208.1
2022-02-17 04:00:00,1226.4
2022-02-17 05:00:00,1324.6
2022-02-17 06:00:00,1317.1
2022-02-17 07:00:00,1399.7
2022-02-17 08:00:00,1399.4
2022-02-17 09:00:00,1430.2
2022-02-17 10:00:00,1450.7
2022-02-17 11:00:00,1469.2
2022-02-17 12:00:00,1526.5
2022-02-17 13:00:00,1401.1
2022-02-17 14:00:00,1396.6
2022-02-17 15:00:00,1417.6
2022-02-17 16:00:00,1404.5
2022-02-17 17:00:00,1389.9
2022-02-17 18:00:00,1345.9
2022-02-17 19:00:00,1282.9
2022-02-17 20:00:00,1290.4
2022-02-17 21:00:00,1261.3
2022-02-17 22:00:00,1213.9
2022-02-17 23:00:00,1224.2
2022-02-18 00:00:00,1200.3
2022-02-18 01:00:00,1182.5
2022-02-18 02:00:00,1237.4
2022-02-18 03:00:00,1245.8
2022-02-18 04:00:00,1275.9
2022-02-18 05:00:00,1358.6
2022-02-18 06:00:00,1282.2
2022-02-18 07:00:00,1354.5
2022-02-18 08:00:00,1400.2
2022-02-18 09:00:00,1458.6
2022-02-18 10:00:00,1488.4
2022-02-18 11:00:00,1468.6
2022-02-18 12:00:00,1492.2
2022-02-18 13:00:00,1493.7
2022-02-18 14:00:00,1581.1
2022-02-18 15:00:00,1540.6
2022-02-18 16:00:00,1446.1
2022-02-18 17:00:00,1414.4
2022-02-18 18:00:00,1355.0
2022-02-18 19:00:00,1296.5
2022-02-18 20:00:00,1317.2
2022-02-18 21:00:00,1262.8
2022-02-18 22:00:00,1269.5
2022-02-18 23:00:00,1212.2
2022-02-19 00:00:00,1235.3
2022-02-19 01:00:00,1270.9
2022-02-19 02:00:00,1295.5
2022-02-19 03:00:00,1324.0
2022-02-19 04:00:00,1306.1
2022-02-19 05:00:00,1410.6
2022-02-19 06:00:00,1402.9
2022-02-19 07:00:00,1487.7
2022-02-19 08:00:00,1507.6
2022-02-19 09:00:00,1500.7
2022-02-19 10:00:00,1559.3
2022-02-19 11:00:00,1597.6
2022-02-19 12:00:00,1613.0
2022-02-19 13:00:00,1588.1
2022-02-19 14:00:00,1626.1
2022-02-19 15:00:00,1589.2
2022-02-19 16:00:00,1522.9
2022-02-19 17:00:00,1519.5
2022-02-19 18:00:00,1518.7
2022-02-19 19:00:00,1483.1
2022-02-19 20:00:00,1353.7
2022-02-19 21:00:00,1333.9
2022-02-19 22:00:00,1384.7
2022-02-19 23:00:00,1295.5
2022-02-20 00:00:00,1284.5
2022-02-20 01:00:00,1316.7
2022-02-20 02:00:00,1360.8
2022-02-20 03:00:00,1370.7
2022-02-20 04:00:00,1387.0
2022-02-20 05:00:00,1424.1
2022-02-20 06:00:00,1463.2
2022-02-20 07:00:00,1498.4
2022-02-20 08:00:00,1630.7
2022-02-20 09:00:00,1603.5
2022-02-20 10:00:00,1646.0
2022-02-20 11:00:00,1620.7
2022-02-20 12:00:00,1635.8
2022-02-20 13:00:00,1615.6
2022-02-20 14:00:00,1543.1
2022-02-20 15:00:00,1558.0
2022-02-20 16:00:00,1514.4
2022-02-20 17:00:00,1465.4
2022-02-20 18:00:00,1458.4
2022-02-20 19:00:00,1495.2
2022-02-20 20:00:00,1418.0
2022-02-20 21:00:00,1426.8
2022-02-20 22:00:00,1376.3
2022-02-20 23:00:00,1372.1
2022-02-21 00:00:00,1316.1
2022-02-21 01:00:00,1363.3
2022-02-21 02:00:00,1383.8
2022-02-21 03:00:00,1367.7
2022-02-21 04:00:00,1431.9
2022-02-21 05:00:00,1467.3
2022-02-21 06:00:00,1471.5
2022-02-21 07:00:00,1491.9
2022-02-21 08:00:00,1525.0
2022-02-21 09:00:00,1592.8
2022-02-21 10:00:00,1622.3
2022-02-21 11:00:00,1602.1
2022-02-21 12:00:00,1630.1
2022-02-21 13:00:00,1639.6
2022-02-21 14:00:00,1624.2
2022-02-21 15:00:00,1626.4
2022-02-21 16:00:00,1585.1
2022-02-21 17:00:00,1478.4
2022-02-21 18:00:00,1518.0
2022-02-21 19:00:00,1410.5
2022-02-21 20:00:00,1419.3
2022-02-21 21:00:00,1356.6
2022-02-21 22:00:00,1315.9
2022-02-21 23:00:00,1256.6
2022-02-22 00:00:00,1298.0
2022-02-22 01:00:00,1258.9
2022-02-22 02:00:00,1347.1
2022-02-22 03:00:00,1384.7
2022-02-22 04:00:00,1343.7
2022-02-22 05:00:00,1410.1
2022-02-22 06:00:00,1415.3
2022-02-22 07:00:00,1454.3
2022-02-22 08:00:00,1529.7
2022-02-22 09:00:00,1533.6
2022-02-22 10:00:00,1607.9
2022-02-22 11:00:00,1553.4
2022-02-22 12:00:00,1600.1
2022-02-22 13:00:00,1565.1
2022-02-22 14:00:00,1568.2
2022-02-22 15:00:00,1504.2
2022-02-22 16:00:00,1482.3
2022-02-22 17:00:00,1441.3
2022-02-22 18:00:00,1378.1
2022-02-22 19:00:00,1381.4
2022-02-22 20:00:00,1342.2
2022-02-22 21:00:00,1306.7
2022-02-22 22:00:00,1308.5
2022-02-22 23:00:00,1288.3
2022-02-23 00:00:00,1225.8
2022-02-23 01:00:00,1250.8
2022-02-23 02:00:00,1233.5
2022-02-23 03:00:00,1274.3
2022-02-23 04:00:00,1284.3
2022-02-23 05:00:00,1384.8
2022-02-23 06:00:00,1383.6
2022-02-23 07:00:00,1402.9
2022-02-23 08:00:00,1479.3
2022-02-23 09:00:00,1407.4
2022-02-23 10:00:00,1434.0
2022-02-23 11:00:00,1531.4
2022-02-23 12:00:00,1512.7
2022-02-23 13:00:00,1511.6
2022-02-23 14:00:00,1447.7
2022-02-23 15:00:00,1461.5
2022-02-23 16:00:00,1489.8
2022-02-23 17:00:00,1416.9
2022-02-23 18:00:00,1357.3
2022-02-23 19:00:00,1299.1
2022-02-23 20:00:00,1263.2
2022-02-23 21:00:00,1179.2
2022-02-23 22:00:00,1226.2
2022-02-23 23:00:00,1228.1
2022-02-24 00:00:00,1149.8
2022-02-24 01:00:00,1181.9
2022-02-24 02:00:00,1181.6
2022-02-24 03:00:00,1211.0
2022-02-24 04:00:00,1272.4
2022-02-24 05:00:00,1244.5
2022-02-24 06:00:00,1364.3
2022-02-24 07:00:00,1407.5
2022-02-24 08:00:00,1413.8
2022-02-24 09:00:00,1378.4
2022-02-24 10:00:00,1447.3
2022-02-24 11:00:00,1529.8
2022-02-24 12:00:00,1415.4
2022-02-24 13:00:00,1484.0
2022-02-24 14:00:00,1445.0
2022-02-24 15:00:00,1481.8
2022-02-24 16:00:00,1407.5
2022-02-24 17:00:00,1405.0
2022-02-24 18:00:00,1372.4
2022-02-24 19:00:00,1373.2
2022-02-24 20:00:00,1277.4
2022-02-24 21:00:00,1265.4
2022-02-24 22:00:00,1187.5
2022-02-24 23:00:00,1254.6
2022-02-25 00:00:00,1192.9
2022-02-25 01:00:00,1206.1
2022-02-25 02:00:00,1239.4
2022-02-25 03:00:00,1219.2
2022-02-25 04:00:00,1306.3
2022-02-25 05:00:00,1367.0
2022-02-25 06:00:00,1388.0
2022-02-25 07:00:00,1372.9
2022-02-25 08:00:00,1455.6
2022-02-25 09:00:00,1515.3
2022-02-25 10:00:00,1463.2
2022-02-25 11:00:00,1505.0
2022-02-25 12:00:00,1571.5
2022-02-25 13:00:00,1551.0
2022-02-25 14:00:00,1543.2
2022-02-25 15:00:00,1565.7
2022-02-25 16:00:00,1495.9
2022-02-25 17:00:00,1468.4
2022-02-25 18:00:00,1494.2
2022-02-25 19:00:00,1370.7
2022-02-25 20:00:00,1320.1
2022-02-25 21:00:00,1328.9
2022-02-25 22:00:00,1308.5
2022-02-25 23:00:00,1267.7
2022-02-26 00:00:00,1250.5
2022-02-26 01:00:00,1359.0
2022-02-26 02:00:00,1317.6
2022-02-26 03:00:00,1312.8
2022-02-26 04:00:00,1396.4
2022-02-26 05:00:00,1404.9
2022-02-26 06:00:00,1442.5
2022-02-26 07:00:00,1508.8
2022-02-26 08:00:00,1492.4
2022-02-26 09:00:00,1575.7
2022-02-26 10:00:00,1649.3
2022-02-26 11:00:00,1623.8
2022-02-26 12:00:00,1606.5
2022-02-26 13:00:00,1600.3
2022-02-26 14:00:00,1590.9
2022-02-26 15:00:00,1574.5
2022-02-26 16:00:00,1542.3
2022-02-26 17:00:00,1547.5
2022-02-26 18:00:00,1431.7
2022-02-26 19:00:00,1473.2
2022-02-26 20:00:00,1402.1
2022-02-26 21:00:00,1396.1
2022-02-26 22:00:00,1329.3
2022-02-26 23:00:00,1390.1
2022-02-27 00:00:00,1384.5
2022-02-27 01:00:00,1383.0
2022-02-27 02:00:00,1325.6
2022-02-27 03:00:00,1421.6
2022-02-27 04:00:00,1441.6
2022-02-27 05:00:00,1419.0
2022-02-27 06:00:00,1506.8
2022-02-27 07:00:00,1558.6
2022-02-27 08:00:00,1601.8
2022-02-27 09:00:00,1622.7
2022-02-27 10:00:00,1651.0
2022-02-27 11:00:00,1702.4
2022-02-27 12:00:00,1701.0
2022-02-27 13:00:00,1573.8
2022-02-27 14:00:00,1635.9
2022-02-27 15:00:00,1617.2
2022-02-27 16:00:00,1538.9
2022-02-27 17:00:00,1558.4
2022-02-27 18:00:00,1554.4
2022-02-27 19:00:00,1445.6
2022-02-27 20:00:00,1452.1
2022-02-27 21:00:00,1383.3
2022-02-27 22:00:00,1366.5
2022-02-27 23:00:00,1415.6
2022-02-28 00:00:00,1349.4
2022-02-28 01:00:00,1384.1
2022-02-28 02:00:00,1328.4
2022-02-28 03:00:00,1463.4
2022-02-28 04:00:00,1455.8
2022-02-28 05:00:00,1467.4
2022-02-28 06:00:00,1527.8
2022-02-28 07:00:00,1505.9
2022-02-28 08:00:00,1618.5
2022-02-28 09:00:00,1603.0
2022-02-28 10:00:00,1628.9
2022-02-28 11:00:00,1633.6
2022-02-28 12:00:00,1634.4
2022-02-28 13:00:00,1665.7
2022-02-28 14:00:00,1635.7
2022-02-28 15:00:00,1621.8
2022-02-28 16:00:00,1568.9
2022-02-28 17:00:00,1546.3
2022-02-28 18:00:00,1477.3
2022-02-28 19:00:00,1515.7
2022-02-28 20:00:00,1363.3
2022-02-28 21:00:00,1414.7
2022-02-28 22:00:00,1391.6
2022-02-28 23:00:00,1307.6
2022-03-01 00:00:00,1392.4
2022-03-01 01:00:00,1357.9
2022-03-01 02:00:00,1369.5
2022-03-01 03:00:00,1362.3
2022-03-01 04:00:00,1383.3
2022-03-01 05:00:00,1417.0
2022-03-01 06:00:00,1471.0
2022-03-01 07:00:00,1537.4
2022-03-01 08:00:00,1534.1
2022-03-01 09:00:00,1529.6
2022-03-01 10:00:00,1602.6
2022-03-01 11:00:00,1617.7
2022-03-01 12:00:00,1611.9
2022-03-01 13:00:00,1606.7
2022-03-01 14:00:00,1558.3
2022-03-01 15:00:00,1511.9
2022-03-01 16:00:00,1479.8
2022-03-01 17:00:00,1417.8
2022-03-01 18:00:00,1432.3
2022-03-01 19:00:00,1381.1
2022-03-01 20:00:00,1331.5
2022-03-01 21:00:00,1222.2
2022-03-01 22:00:00,1247.0
2022-03-01 23:00:00,1300.4
2022-03-02 00:00:00,1239.1
2022-03-02 01:00:00,1272.4
2022-03-02 02:00:00,1232.4
2022-03-02 03:00:00,1338.7
2022-03-02 04:00:00,1319.9
2022-03-02 05:00:00,1366.7
2022-03-02 06:00:00,1464.4
2022-03-02 07:00:00,1476.7
2022-03-02 08:00:00,1456.1
2022-03-02 09:00:00,1476.6
2022-03-02 10:00:00,1506.5
2022-03-02 11:00:00,1544.7
2022-03-02 12:00:00,1529.5
2022-03-02 13:00:00,1514.0
2022-03-02 14:00:00,1553.3
2022-03-02 15:00:00,1480.5
2022-03-02 16:00:00,1520.4
2022-03-02 17:00:00,1416.7
2022-03-02 18:00:00,1427.4
2022-03-02 19:00:00,1344.7
2022-03-02 20:00:00,1325.6
2022-03-02 21:00:00,1243.0
2022-03-02 22:00:00,1214.5
2022-03-02 23:00:00,1238.2
2022-03-03 00:00:00,1248.4
2022-03-03 01:00:00,1224.5
2022-03-03 02:00:00,1199.3
2022-03-03 03:00:00,1220.7
2022-03-03 04:00:00,1249.6
2022-03-03 05:00:00,1275.5
2022-03-03 06:00:00,1370.7
2022-03-03 07:00:00,1440.2
2022-03-03 08:00:00,1442.5
2022-03-03 09:00:00,1406.5
2022-03-03 10:00:00,1493.0
2022-03-03 11:00:00,1509.4
2022-03-03 12:00:00,1583.0
2022-03-03 13:00:00,1472.2
2022-03-03 14:00:00,1490.1
2022-03-03 15:00:00,1530.2
2022-03-03 16:00:00,1462.7
2022-03-03 17:00:00,1431.1
2022-03-03 18:00:00,1380.2
2022-03-03 19:00:00,1349.3
2022-03-03 20:00:00,1328.1
2022-03-03 21:00:00,1251.1
2022-03-03 22:00:00,1279.7
2022-03-03 23:00:00,1199.0
2022-03-04 00:00:00,1246.9
2022-03-04 01:00:00,1249.5
2022-03-04 02:00:00,1242.8
2022-03-04 03:00:00,1286.6
2022-03-04 04:00:00,1302.0
2022-03-04 05:00:00,1327.0
2022-03-04 06:00:00,1389.8
2022-03-04 07:00:00,1408.6
2022-03-04 08:00:00,1490.1
2022-03-04 09:00:00,1479.6
2022-03-04 10:00:00,1562.0
2022-03-04 11:00:00,1522.9
2022-03-04 12:00:00,1549.3
2022-03-04 13:00:00,1545.3
2022-03-04 14:00:00,1591.7
2022-03-04 15:00:00,1540.9
2022-03-04 16:00:00,1496.5
2022-03-04 17:00:00,1484.7
2022-03-04 18:00:00,1370.7
2022-03-04 19:00:00,1396.8
2022-03-04 20:00:00,1424.9
2022-03-04 21:00:00,1341.0
2022-03-04 22:00:00,1318.3
2022-03-04 23:00:00,1320.9
2022-03-05 00:00:00,1329.3
2022-03-05 01:00:00,1250.7
2022-03-05 02:00:00,1278.3
2022-03-05 03:00:00,1362.0
2022-03-05 04:00:00,1368.4
2022-03-05 05:00:00,1468.4
2022-03-05 06:00:00,1461.5
2022-03-05 07:00:00,1454.7
2022-03-05 08:00:00,1513.9
2022-03-05 09:00:00,1503.5
2022-03-05 10:00:00,1605.7
2022-03-05 11:00:00,1624.9
2022-03-05 12:00:00,1625.8
2022-03-05 13:00:00,1668.6
2022-03-05 14:00:00,1659.9
2022-03-05 15:00:00,1597.7
2022-03-05 16:00:00,1510.3
2022-03-05 17:00:00,1559.2
2022-03-05 18:00:00,1521.0
2022-03-05 19:00:00,1477.3
2022-03-05 20:00:00,1463.6
2022-03-05 21:00:00,1370.4
2022-03-05 22:00:00,1444.0
2022-03-05 23:00:00,1342.0
2022-03-06 00:00:00,1390.2
2022-03-06 01:00:00,1324.2
2022-03-06 02:00:00,1363.7
2022-03-06 03:00:00,1462.7
2022-03-06 04:00:00,1442.1
2022-03-06 05:00:00,1512.9
2022-03-06 06:00:00,1535.1
2022-03-06 07:00:00,1565.0
2022-03-06 08:00:00,1646.5
2022-03-06 09:00:00,1630.7
2022-03-06 10:00:00,1609.3
2022-03-06 11:00:00,1654.5
2022-03-06 12:00:00,1701.1
2022-03-06 13:00:00,1692.0
2022-03-06 14:00:00,1618.8
2022-03-06 15:00:00,1620.7
2022-03-06 16:00:00,1594.3
2022-03-06 17:00:00,1564.9
2022-03-06 18:00:00,1496.0
2022-03-06 19:00:00,1479.6
2022-03-06 20:00:00,1440.4
2022-03-06 21:00:00,1454.2
2022-03-06 22:00:00,1431.2
2022-03-06 23:00:00,1387.2
2022-03-07 00:00:00,1374.2
2022-03-07 01:00:00,1394.6
2022-03-07 02:00:00,1380.2
2022-03-07 03:00:00,1393.3
2022-03-07 04:00:00,1429.6
2022-03-07 05:00:00,1473.9
2022-03-07 06:00:00,1495.8
2022-03-07 07:00:00,1573.1
2022-03-07 08:00:00,1625.0
2022-03-07 09:00:00,1585.1
2022-03-07 10:00:00,1655.8
2022-03-07 11:00:00,1661.8
2022-03-07 12:00:00,1682.1
2022-03-07 13:00:00,1664.5
2022-03-07 14:00:00,1604.4
2022-03-07 15:00:00,1584.4
2022-03-07 16:00:00,1590.0
2022-03-07 17:00:00,1581.7
2022-03-07 18:00:00,1443.4
2022-03-07 19:00:00,1479.1
2022-03-07 20:00:00,1465.9
2022-03-07 21:00:00,1392.2
2022-03-07 22:00:00,1387.0
2022-03-07 23:00:00,1331.9
2022-03-08 00:00:00,1341.7
2022-03-08 01:00:00,1299.2
2022-03-08 02:00:00,1289.8
2022-03-08 03:00:00,1409.6
2022-03-08 04:00:00,1380.1
2022-03-08 05:00:00,1429.4
2022-03-08 06:00:00,1437.5
2022-03-08 07:00:00,1472.8
2022-03-08 08:00:00,1543.2
2022-03-08 09:00:00,1554.7
2022-03-08 10:00:00,1608.9
2022-03-08 11:00:00,1623.3
2022-03-08 12:00:00,1621.5
2022-03-08 13:00:00,1611.1
2022-03-08 14:00:00,1633.4
2022-03-08 15:00:00,1527.3
2022-03-08 16:00:00,1523.8
2022-03-08 17:00:00,1520.4
2022-03-08 18:00:00,1482.7
2022-03-08 19:00:00,1360.5
2022-03-08 20:00:00,1354.8
2022-03-08 21:00:00,1371.2
2022-03-08 22:00:00,1319.1
2022-03-08 23:00:00,1292.1
2022-03-09 00:00:00,1272.0
2022-03-09 01:00:00,1269.5
2022-03-09 02:00:00,1302.2
2022-03-09 03:00:00,1307.3
2022-03-09 04:00:00,1342.3
2022-03-09 05:00:00,1379.8
2022-03-09 06:00:00,1393.7
2022-03-09 07:00:00,1466.6
2022-03-09 08:00:00,1572.1
2022-03-09 09:00:00,1460.4
2022-03-09 10:00:00,1545.3
2022-03-09 11:00:00,1525.9
2022-03-09 12:00:00,1569.3
2022-03-09 13:00:00,1546.5
2022-03-09 14:00:00,1551.4
2022-03-09 15:00:00,1538.4
2022-03-09 16:00:00,1476.4
2022-03-09 17:00:00,1467.1
2022-03-09 18:00:00,1322.8
2022-03-09 19:00:00,1400.8
2022-03-09 20:00:00,1327.2
2022-03-09 21:00:00,1316.2
2022-03-09 22:00:00,1222.6
2022-03-09 23:00:00,1218.6
2022-03-10 00:00:00,1242.2
2022-03-10 01:00:00,1241.9
2022-03-10 02:00:00,1265.5
2022-03-10 03:00:00,1313.1
2022-03-10 04:00:00,1258.5
2022-03-10 05:00:00,1376.8
2022-03-10 06:00:00,1386.7
2022-03-10 07:00:00,1419.3
2022-03-10 08:00:00,1417.7
2022-03-10 09:00:00,1508.4
2022-03-10 10:00:00,1445.2
2022-03-10 11:00:00,1552.7
2022-03-10 12:00:00,1494.3
2022-03-10 13:00:00,1536.4
2022-03-10 14:00:00,1517.2
2022-03-10 15:00:00,1533.0
2022-03-10 16:00:00,1462.6
2022-03-10 17:00:00,1412.3
2022-03-10 18:00:00,1380.4
2022-03-10 19:00:00,1396.4
2022-03-10 20:00:00,1339.7
2022-03-10 21:00:00,1282.6
2022-03-10 22:00:00,1265.0
2022-03-10 23:00:00,1211.9
2022-03-11 00:00:00,1267.4
2022-03-11 01:00:00,1210.1
2022-03-11 02:00:00,1302.5
2022-03-11 03:00:00,1309.8
2022-03-11 04:00:00,1410.9
2022-03-11 05:00:00,1344.8
2022-03-11 06:00:00,1416.0
2022-03-11 07:00:00,1514.3
2022-03-11 08:00:00,1534.8
2022-03-11 09:00:00,1511.9
2022-03-11 10:00:00,1566.0
2022-03-11 11:00:00,1577.0
2022-03-11 12:00:00,1593.3
2022-03-11 13:00:00,1561.6
2022-03-11 14:00:00,1567.7
2022-03-11 15:00:00,1501.6
2022-03-11 16:00:00,1525.4
2022-03-11 17:00:00,1501.7
2022-03-11 18:00:00,1445.5
2022-03-11 19:00:00,1368.1
2022-03-11 20:00:00,1413.1
2022-03-11 21:00:00,1366.4
2022-03-11 22:00:00,1312.9
2022-03-11 23:00:00,1314.4
2022-03-12 00:00:00,1275.7
2022-03-12 01:00:00,1298.2
2022-03-12 02:00:00,1330.9
2022-03-12 03:00:00,1410.8
2022-03-12 04:00:00,1388.9
2022-03-12 05:00:00,1466.5
2022-03-12 06:00:00,1473.0
2022-03-12 07:00:00,1538.4
2022-03-12 08:00:00,1565.9
2022-03-12 09:00:00,1630.4
2022-03-12 10:00:00,1614.9
2022-03-12 11:00:00,1601.6
2022-03-12 12:00:00,1615.2
2022-03-12 13:00:00,1638.4
2022-03-12 14:00:00,1604.6
2022-03-12 15:00:00,1633.2
2022-03-12 16:00:00,1578.5
2022-03-12 17:00:00,1630.0
2022-03-12 18:00:00,1470.3
2022-03-12 19:00:00,1492.1
2022-03-12 20:00:00,1418.3
2022-03-12 21:00:00,1408.6
2022-03-12 22:00:00,1406.0
2022-03-12 23:00:00,1319.1
2022-03-13 00:00:00,1392.8
2022-03-13 01:00:00,1449.8
2022-03-13 02:00:00,1396.0
2022-03-13 03:00:00,1442.9
2022-03-13 04:00:00,1498.6
2022-03-13 05:00:00,1500.7
2022-03-13 06:00:00,1528.4
2022-03-13 07:00:00,1517.7
2022-03-13 08:00:00,1642.7
2022-03-13 09:00:00,1652.2
2022-03-13 10:00:00,1650.1
2022-03-13 11:00:00,1700.2
2022-03-13 12:00:00,1684.8
2022-03-13 13:00:00,1682.1
2022-03-13 14:00:00,1701.7
2022-03-13 15:00:00,1620.1
2022-03-13 16:00:00,1660.9
2022-03-13 17:00:00,1551.7
2022-03-13 18:00:00,1535.1
2022-03-13 19:00:00,1573.8
2022-03-13 20:00:00,1513.7
2022-03-13 21:00:00,1451.6
2022-03-13 22:00:00,1396.3
2022-03-13 23:00:00,1393.3
2022-03-14 00:00:00,1405.7
2022-03-14 01:00:00,1409.1
2022-03-14 02:00:00,1419.5
2022-03-14 03:00:00,1444.3
2022-03-14 04:00:00,1468.9
2022-03-14 05:00:00,1467.2
2022-03-14 06:00:00,1532.7
2022-03-14 07:00:00,1613.2
2022-03-14 08:00:00,1579.5
2022-03-14 09:00:00,1644.5
2022-03-14 10:00:00,1647.9
2022-03-14 11:00:00,1689.2
2022-03-14 12:00:00,1677.6
2022-03-14 13:00:00,1726.6
2022-03-14 14:00:00,1680.6
2022-03-14 15:00:00,1600.2
2022-03-14 16:00:00,1626.6
2022-03-14 17:00:00,1544.9
2022-03-14 18:00:00,1509.8
2022-03-14 19:00:00,1495.4
2022-03-14 20:00:00,1432.7
2022-03-14 21:00:00,1440.8
2022-03-14 22:00:00,1364.5
2022-03-14 23:00:00,1351.6
2022-03-15 00:00:00,1342.8
2022-03-15 01:00:00,1348.0
2022-03-15 02:00:00,1410.3
2022-03-15 03:00:00,1417.3
2022-03-15 04:00:00,1478.1
2022-03-15 05:00:00,1528.2
2022-03-15 06:00:00,1465.3
2022-03-15 07:00:00,1534.3
2022-03-15 08:00:00,1530.2
2022-03-15 09:00:00,1570.4
2022-03-15 10:00:00,1595.7
2022-03-15 11:00:00,1595.0
2022-03-15 12:00:00,1597.4
2022-03-15 13:00:00,1616.6
2022-03-15 14:00:00,1566.5
2022-03-15 15:00:00,1601.6
2022-03-15 16:00:00,1514.9
2022-03-15 17:00:00,1587.6
2022-03-15 18:00:00,1448.2
2022-03-15 19:00:00,1422.2
2022-03-15 20:00:00,1342.2
2022-03-15 21:00:00,1398.5
2022-03-15 22:00:00,1354.3
2022-03-15 23:00:00,1312.0
2022-03-16 00:00:00,1254.9
2022-03-16 01:00:00,1304.2
2022-03-16 02:00:00,1276.7
2022-03-16 03:00:00,1375.6
2022-03-16 04:00:00,1384.6
2022-03-16 05:00:00,1397.0
2022-03-16 06:00:00,1357.6
2022-03-16 07:00:00,1437.8
2022-03-16 08:00:00,1522.0
2022-03-16 09:00:00,1566.8
2022-03-16 10:00:00,1585.5
2022-03-16 11:00:00,1517.5
2022-03-16 12:00:00,1577.6
2022-03-16 13:00:00,1592.2
2022-03-16 14:00:00,1495.4
2022-03-16 15:00:00,1519.5
2022-03-16 16:00:00,1495.4
2022-03-16 17:00:00,1440.7
2022-03-16 18:00:00,1354.0
2022-03-16 19:00:00,1359.9
2022-03-16 20:00:00,1322.6
2022-03-16 21:00:00,1295.9
2022-03-16 22:00:00,1258.8
2022-03-16 23:00:00,1246.7
2022-03-17 00:00:00,1253.0
2022-03-17 01:00:00,1272.1
2022-03-17 02:00:00,1264.3
2022-03-17 03:00:00,1284.6
2022-03-17 04:00:00,1330.6
2022-03-17 05:00:00,1306.3
2022-03-17 06:00:00,1417.1
2022-03-17 07:00:00,1441.7
2022-03-17 08:00:00,1479.4
2022-03-17 09:00:00,1538.4
2022-03-17 10:00:00,1475.3
2022-03-17 11:00:00,1490.3
2022-03-17 12:00:00,1563.5
2022-03-17 13:00:00,1550.8
2022-03-17 14:00:00,1542.0
2022-03-17 15:00:00,1500.3
2022-03-17 16:00:00,1504.1
2022-03-17 17:00:00,1477.2
2022-03-17 18:00:00,1426.3
2022-03-17 19:00:00,1366.5
2022-03-17 20:00:00,1276.5
2022-03-17 21:00:00,1333.4
2022-03-17 22:00:00,1324.8
2022-03-17 23:00:00,1294.3
2022-03-18 00:00:00,1245.4
2022-03-18 01:00:00,1299.1
2022-03-18 02:00:00,1321.8
2022-03-18 03:00:00,1368.7
2022-03-18 04:00:00,1329.0
2022-03-18 05:00:00,1387.0
2022-03-18 06:00:00,1457.4
2022-03-18 07:00:00,1478.0
2022-03-18 08:00:00,1481.5
2022-03-18 09:00:00,1561.1
2022-03-18 10:00:00,1592.5
2022-03-18 11:00:00,1595.4
2022-03-18 12:00:00,1607.3
2022-03-18 13:00:00,1590.6
2022-03-18 14:00:00,1630.6
2022-03-18 15:00:00,1538.3
2022-03-18 16:00:00,1519.5
2022-03-18 17:00:00,1504.3
2022-03-18 18:00:00,1494.5
2022-03-18 19:00:00,1387.4
2022-03-18 20:00:00,1359.8
2022-03-18 21:00:00,1310.0
2022-03-18 22:00:00,1351.3
2022-03-18 23:00:00,1304.9
2022-03-19 00:00:00,1324.9
2022-03-19 01:00:00,1364.4
2022-03-19 02:00:00,1343.4
2022-03-19 03:00:00,1396.5
2022-03-19 04:00:00,1414.7
2022-03-19 05:00:00,1483.0
2022-03-19 06:00:00,1519.0
2022-03-19 07:00:00,1525.8
2022-03-19 08:00:00,1580.6
2022-03-19 09:00:00,1651.0
2022-03-19 10:00:00,1658.2
2022-03-19 11:00:00,1622.3
2022-03-19 12:00:00,1691.8
2022-03-19 13:00:00,1637.2
2022-03-19 14:00:00,1699.9
2022-03-19 15:00:00,1667.0
2022-03-19 16:00:00,1616.5
2022-03-19 17:00:00,1578.9
2022-03-19 18:00:00,1531.5
2022-03-19 19:00:00,1521.7
2022-03-19 20:00:00,1456.4
2022-03-19 21:00:00,1445.7
2022-03-19 22:00:00,1443.2
2022-03-19 23:00:00,1387.2
2022-03-20 00:00:00,1382.5
2022-03-20 01:00:00,1372.2
2022-03-20 02:00:00,1392.8
2022-03-20 03:00:00,1395.5
2022-03-20 04:00:00,1504.9
2022-03-20 05:00:00,1575.0
2022-03-20 06:00:00,1603.8
2022-03-20 07:00:00,1552.4
2022-03-20 08:00:00,1660.3
2022-03-20 09:00:00,1713.4
2022-03-20 10:00:00,1681.9
2022-03-20 11:00:00,1714.5
2022-03-20 12:00:00,1657.2
2022-03-20 13:00:00,1721.0
2022-03-20 14:00:00,1666.7
2022-03-20 15:00:00,1681.2
2022-03-20 16:00:00,1597.7
2022-03-20 17:00:00,1624.9
2022-03-20 18:00:00,1600.6
2022-03-20 19:00:00,1507.6
2022-03-20 20:00:00,1460.7
2022-03-20 21:00:00,1398.9
2022-03-20 22:00:00,1431.4
2022-03-20 23:00:00,1406.6
2022-03-21 00:00:00,1371.8
2022-03-21 01:00:00,1436.4
2022-03-21 02:00:00,1423.6
2022-03-21 03:00:00,1427.8
2022-03-21 04:00:00,1473.5
2022-03-21 05:00:00,1557.4
2022-03-21 06:00:00,1581.0
2022-03-21 07:00:00,1596.6
2022-03-21 08:00:00,1653.9
2022-03-21 09:00:00,1630.1
2022-03-21 10:00:00,1688.1
2022-03-21 11:00:00,1704.9
2022-03-21 12:00:00,1689.8
2022-03-21 13:00:00,1710.0
2022-03-21 14:00:00,1656.6
2022-03-21 15:00:00,1669.5
2022-03-21 16:00:00,1637.6
2022-03-21 17:00:00,1495.2
2022-03-21 18:00:00,1577.4
2022-03-21 19:00:00,1409.1
2022-03-21 20:00:00,1443.5
2022-03-21 21:00:00,1459.3
2022-03-21 22:00:00,1392.7
2022-03-21 23:00:00,1340.7
2022-03-22 00:00:00,1344.2
2022-03-22 01:00:00,1410.2
2022-03-22 02:00:00,1334.1
2022-03-22 03:00:00,1446.7
2022-03-22 04:00:00,1439.5
2022-03-22 05:00:00,1438.8
2022-03-22 06:00:00,1493.0
2022-03-22 07:00:00,1516.0
2022-03-22 08:00:00,1605.8
2022-03-22 09:00:00,1630.0
2022-03-22 10:00:00,1577.3
2022-03-22 11:00:00,1628.9
2022-03-22 12:00:00,1617.3
2022-03-22 13:00:00,1674.0
2022-03-22 14:00:00,1576.8
2022-03-22 15:00:00,1638.6
2022-03-22 16:00:00,1555.6
2022-03-22 17:00:00,1482.7
2022-03-22 18:00:00,1455.5
2022-03-22 19:00:00,1410.1
2022-03-22 20:00:00,1357.0
2022-03-22 21:00:00,1364.2
2022-03-22 22:00:00,1298.0
2022-03-22 23:00:00,1251.7
2022-03-23 00:00:00,1298.0
2022-03-23 01:00:00,1257.8
2022-03-23 02:00:00,1301.8
2022-03-23 03:00:00,1318.4
2022-03-23 04:00:00,1348.2
2022-03-23 05:00:00,1468.2
2022-03-23 06:00:00,1446.4
2022-03-23 07:00:00,1488.6
2022-03-23 08:00:00,1462.0
2022-03-23 09:00:00,1524.6
2022-03-23 10:00:00,1572.6
2022-03-23 11:00:00,1548.4
2022-03-23 12:00:00,1609.7
2022-03-23 13:00:00,1539.5
2022-03-23 14:00:00,1550.4
2022-03-23 15:00:00,1516.0
2022-03-23 16:00:00,1505.9
2022-03-23 17:00:00,1444.2
2022-03-23 18:00:00,1415.2
2022-03-23 19:00:00,1376.3
2022-03-23 20:00:00,1324.1
2022-03-23 21:00:00,1328.6
2022-03-23 22:00:00,1296.5
2022-03-23 23:00:00,1271.0
2022-03-24 00:00:00,1255.0
2022-03-24 01:00:00,1296.3
2022-03-24 02:00:00,1279.9
2022-03-24 03:00:00,1301.3
2022-03-24 04:00:00,1344.5
2022-03-24 05:00:00,1428.4
2022-03-24 06:00:00,1376.1
2022-03-24 07:00:00,1478.4
2022-03-24 08:00:00,1434.9
2022-03-24 09:00:00,1529.6
2022-03-24 10:00:00,1594.6
2022-03-24 11:00:00,1577.6
2022-03-24 12:00:00,1573.9
2022-03-24 13:00:00,1547.6
2022-03-24 14:00:00,1551.3
2022-03-24 15:00:00,1519.9
2022-03-24 16:00:00,1474.0
2022-03-24 17:00:00,1453.9
2022-03-24 18:00:00,1431.0
2022-03-24 19:00:00,1364.7
2022-03-24 20:00:00,1328.8
2022-03-24 21:00:00,1282.8
2022-03-24 22:00:00,1313.2
2022-03-24 23:00:00,1304.6
2022-03-25 00:00:00,1292.0
2022-03-25 01:00:00,1321.1
2022-03-25 02:00:00,1311.8
2022-03-25 03:00:00,1346.9
2022-03-25 04:00:00,1377.6
2022-03-25 05:00:00,1404.2
2022-03-25 06:00:00,1432.2
2022-03-25 07:00:00,1555.8
2022-03-25 08:00:00,1514.5
2022-03-25 09:00:00,1541.7
2022-03-25 10:00:00,1601.2
2022-03-25 11:00:00,1613.4
2022-03-25 12:00:00,1571.6
2022-03-25 13:00:00,1645.1
2022-03-25 14:00:00,1596.4
2022-03-25 15:00:00,1544.9
2022-03-25 16:00:00,1585.8
2022-03-25 17:00:00,1535.7
2022-03-25 18:00:00,1443.1
2022-03-25 19:00:00,1498.5
2022-03-25 20:00:00,1431.8
2022-03-25 21:00:00,1383.7
2022-03-25 22:00:00,1410.9
2022-03-25 23:00:00,1356.1
2022-03-26 00:00:00,1348.4
2022-03-26 01:00:00,1337.6
2022-03-26 02:00:00,1392.9
2022-03-26 03:00:00,1416.6
2022-03-26 04:00:00,1436.9
2022-03-26 05:00:00,1451.9
2022-03-26 06:00:00,1521.3
2022-03-26 07:00:00,1557.2
2022-03-26 08:00:00,1558.4
2022-03-26 09:00:00,1588.2
2022-03-26 10:00:00,1676.0
2022-03-26 11:00:00,1598.8
2022-03-26 12:00:00,1690.9
2022-03-26 13:00:00,1668.0
2022-03-26 14:00:00,1709.3
2022-03-26 15:00:00,1634.1
2022-03-26 16:00:00,1640.2
2022-03-26 17:00:00,1574.8
2022-03-26 18:00:00,1553.7
2022-03-26 19:00:00,1536.0
2022-03-26 20:00:00,1466.1
2022-03-26 21:00:00,1481.0
2022-03-26 22:00:00,1399.6
2022-03-26 23:00:00,1425.4
2022-03-27 00:00:00,1441.1
2022-03-27 01:00:00,1440.2
2022-03-27 02:00:00,1494.7
2022-03-27 03:00:00,1439.8
2022-03-27 04:00:00,1454.0
2022-03-27 05:00:00,1503.2
2022-03-27 06:00:00,1593.1
2022-03-27 07:00:00,1628.4
2022-03-27 08:00:00,1653.9
2022-03-27 09:00:00,1649.3
2022-03-27 10:00:00,1730.8
2022-03-27 11:00:00,1687.0
2022-03-27 12:00:00,1764.4
2022-03-27 13:00:00,1810.9
2022-03-27 14:00:00,1721.8
2022-03-27 15:00:00,1704.9
2022-03-27 16:00:00,1641.9
2022-03-27 17:00:00,1566.4
2022-03-27 18:00:00,1563.9
2022-03-27 19:00:00,1510.4
2022-03-27 20:00:00,1463.5
2022-03-27 21:00:00,1527.3
2022-03-27 22:00:00,1459.6
2022-03-27 23:00:00,1447.4
2022-03-28 00:00:00,1421.1
2022-03-28 01:00:00,1429.6
2022-03-28 02:00:00,1478.0
2022-03-28 03:00:00,1471.0
2022-03-28 04:00:00,1518.0
2022-03-28 05:00:00,1531.3
2022-03-28 06:00:00,1564.6
2022-03-28 07:00:00,1570.2
2022-03-28 08:00:00,1587.8
2022-03-28 09:00:00,1668.9
2022-03-28 10:00:00,1700.7
2022-03-28 11:00:00,1673.7
2022-03-28 12:00:00,1714.6
2022-03-28 13:00:00,1710.3
2022-03-28 14:00:00,1627.1
2022-03-28 15:00:00,1638.5
2022-03-28 16:00:00,1645.0
2022-03-28 17:00:00,1606.1
2022-03-28 18:00:00,1518.8
2022-03-28 19:00:00,1517.0
2022-03-28 20:00:00,1504.4
2022-03-28 21:00:00,1463.5
2022-03-28 22:00:00,1411.0
2022-03-28 23:00:00,1382.3
2022-03-29 00:00:00,1369.7
2022-03-29 01:00:00,1405.1
2022-03-29 02:00:00,1409.2
2022-03-29 03:00:00,1443.3
2022-03-29 04:00:00,1456.6
2022-03-29 05:00:00,1510.6
2022-03-29 06:00:00,1524.9
2022-03-29 07:00:00,1581.5
2022-03-29 08:00:00,1617.4
2022-03-29 09:00:00,1595.3
2022-03-29 10:00:00,1586.1
2022-03-29 11:00:00,1698.7
2022-03-29 12:00:00,1662.3
2022-03-29 13:00:00,1595.1
2022-03-29 14:00:00,1607.2
2022-03-29 15:00:00,1625.0
2022-03-29 16:00:00,1559.5
2022-03-29 17:00:00,1513.5
2022-03-29 18:00:00,1529.2
2022-03-29 19:00:00,1414.0
2022-03-29 20:00:00,1382.5
2022-03-29 21:00:00,1379.0
2022-03-29 22:00:00,1357.8
2022-03-29 23:00:00,1343.2
2022-03-30 00:00:00,1347.9
2022-03-30 01:00:00,1329.0
2022-03-30 02:00:00,1350.2
2022-03-30 03:00:00,1349.1
2022-03-30 04:00:00,1387.3
2022-03-30 05:00:00,1422.5
2022-03-30 06:00:00,1462.2
2022-03-30 07:00:00,1515.5
2022-03-30 08:00:00,1543.0
2022-03-30 09:00:00,1556.6
2022-03-30 10:00:00,1552.8
2022-03-30 11:00:00,1592.2
2022-03-30 12:00:00,1592.6
2022-03-30 13:00:00,1592.3
2022-03-30 14:00:00,1636.1
2022-03-30 15:00:00,1528.8
2022-03-30 16:00:00,1524.6
2022-03-30 17:00:00,1506.4
2022-03-30 18:00:00,1437.2
2022-03-30 19:00:00,1464.4
2022-03-30 20:00:00,1345.6
2022-03-30 21:00:00,1334.6
2022-03-30 22:00:00,1276.2
2022-03-30 23:00:00,1273.9
2022-03-31 00:00:00,1286.1
2022-03-31 01:00:00,1308.6
2022-03-31 02:00:00,1307.3
2022-03-31 03:00:00,1359.0
2022-03-31 04:00:00,1349.2
2022-03-31 05:00:00,1378.2
2022-03-31 06:00:00,1508.1
2022-03-31 07:00:00,1477.7
2022-03-31 08:00:00,1480.7
2022-03-31 09:00:00,1512.9
2022-03-31 10:00:00,1529.7
2022-03-31 11:00:00,1601.6
2022-03-31 12:00:00,1568.4
2022-03-31 13:00:00,1578.8
2022-03-31 14:00:00,1559.0
2022-03-31 15:00:00,1560.0
2022-03-31 16:00:00,1482.7
2022-03-31 17:00:00,1440.8
2022-03-31 18:00:00,1442.3
2022-03-31 19:00:00,1416.2
2022-03-31 20:00:00,1373.4
2022-03-31 21:00:00,1309.7
2022-03-31 22:00:00,1332.2
2022-03-31 23:00:00,1276.3
2022-04-01 00:00:00,1279.8
2022-04-01 01:00:00,1274.2
2022-04-01 02:00:00,1358.5
2022-04-01 03:00:00,1364.5
2022-04-01 04:00:00,1396.9
2022-04-01 05:00:00,1454.6
2022-04-01 06:00:00,1542.8
2022-04-01 07:00:00,1448.4
2022-04-01 08:00:00,1516.2
2022-04-01 09:00:00,1553.4
2022-04-01 10:00:00,1572.9
2022-04-01 11:00:00,1583.7
2022-04-01 12:00:00,1614.9
2022-04-01 13:00:00,1585.0
2022-04-01 14:00:00,1619.4
2022-04-01 15:00:00,1589.9
2022-04-01 16:00:00,1574.6
2022-04-01 17:00:00,1542.2
2022-04-01 18:00:00,1509.2
2022-04-01 19:00:00,1444.0
2022-04-01 20:00:00,1485.7
2022-04-01 21:00:00,1401.1
2022-04-01 22:00:00,1317.3
2022-04-01 23:00:00,1331.2
2022-04-02 00:00:00,1307.0
2022-04-02 01:00:00,1367.9
2022-04-02 02:00:00,1381.7
2022-04-02 03:00:00,1398.2
2022-04-02 04:00:00,1506.7
2022-04-02 05:00:00,1502.0
2022-04-02 06:00:00,1549.1
2022-04-02 07:00:00,1541.1
2022-04-02 08:00:00,1578.2
2022-04-02 09:00:00,1643.2
2022-04-02 10:00:00,1674.0
2022-04-02 11:00:00,1630.9
2022-04-02 12:00:00,1689.1
2022-04-02 13:00:00,1692.5
2022-04-02 14:00:00,1673.3
2022-04-02 15:00:00,1634.2
2022-04-02 16:00:00,1613.9
2022-04-02 17:00:00,1591.1
2022-04-02 18:00:00,1562.7
2022-04-02 19:00:00,1541.6
2022-04-02 20:00:00,1522.0
2022-04-02 21:00:00,1451.9
2022-04-02 22:00:00,1425.3
2022-04-02 23:00:00,1439.2
2022-04-03 00:00:00,1441.3
2022-04-03 01:00:00,1416.9
2022-04-03 02:00:00,1470.4
2022-04-03 03:00:00,1501.6
2022-04-03 04:00:00,1543.6
2022-04-03 05:00:00,1595.9
2022-04-03 06:00:00,1556.8
2022-04-03 07:00:00,1623.3
2022-04-03 08:00:00,1660.6
2022-04-03 09:00:00,1689.4
2022-04-03 10:00:00,1697.7
2022-04-03 11:00:00,1688.5
2022-04-03 12:00:00,1741.7
2022-04-03 13:00:00,1711.4
2022-04-03 14:00:00,1722.6
2022-04-03 15:00:00,1672.8
2022-04-03 16:00:00,1632.9
2022-04-03 17:00:00,1637.0
2022-04-03 18:00:00,1595.8
2022-04-03 19:00:00,1569.8
2022-04-03 20:00:00,1581.7
2022-04-03 21:00:00,1493.1
2022-04-03 22:00:00,1475.2
2022-04-03 23:00:00,1412.9
2022-04-04 00:00:00,1400.9
2022-04-04 01:00:00,1491.4
2022-04-04 02:00:00,1430.4
2022-04-04 03:00:00,1449.8
2022-04-04 04:00:00,1510.0
2022-04-04 05:00:00,1543.5
2022-04-04 06:00:00,1556.8
2022-04-04 07:00:00,1612.2
2022-04-04 08:00:00,1693.0
2022-04-04 09:00:00,1661.5
2022-04-04 10:00:00,1666.2
2022-04-04 11:00:00,1749.5
2022-04-04 12:00:00,1739.4
2022-04-04 13:00:00,1699.0
2022-04-04 14:00:00,1653.2
2022-04-04 15:00:00,1652.5
2022-04-04 16:00:00,1640.0
2022-04-04 17:00:00,1638.2
2022-04-04 18:00:00,1531.1
2022-04-04 19:00:00,1518.5
2022-04-04 20:00:00,1502.7
2022-04-04 21:00:00,1377.5
2022-04-04 22:00:00,1453.6
2022-04-04 23:00:00,1369.6
2022-04-05 00:00:00,1407.2
2022-04-05 01:00:00,1407.1
2022-04-05 02:00:00,1444.5
2022-04-05 03:00:00,1449.6
2022-04-05 04:00:00,1390.0
2022-04-05 05:00:00,1471.1
2022-04-05 06:00:00,1534.8
2022-04-05 07:00:00,1560.7
2022-04-05 08:00:00,1614.2
2022-04-05 09:00:00,1651.7
2022-04-05 10:00:00,1667.1
2022-04-05 11:00:00,1654.5
2022-04-05 12:00:00,1607.7
2022-04-05 13:00:00,1641.4
2022-04-05 14:00:00,1649.6
2022-04-05 15:00:00,1577.6
2022-04-05 16:00:00,1595.3
2022-04-05 17:00:00,1564.5
2022-04-05 18:00:00,1499.3
2022-04-05 19:00:00,1361.9
2022-04-05 20:00:00,1376.5
2022-04-05 21:00:00,1437.6
2022-04-05 22:00:00,1338.0
2022-04-05 23:00:00,1277.1
2022-04-06 00:00:00,1365.9
2022-04-06 01:00:00,1331.8
2022-04-06 02:00:00,1376.9
2022-04-06 03:00:00,1373.4
2022-04-06 04:00:00,1407.4
2022-04-06 05:00:00,1438.3
2022-04-06 06:00:00,1484.9
2022-04-06 07:00:00,1568.8
2022-04-06 08:00:00,1563.6
2022-04-06 09:00:00,1516.0
2022-04-06 10:00:00,1598.6
2022-04-06 11:00:00,1632.5
2022-04-06 12:00:00,1637.6
2022-04-06 13:00:00,1581.8
2022-04-06 14:00:00,1612.9
2022-04-06 15:00:00,1580.3
2022-04-06 16:00:00,1597.1
2022-04-06 17:00:00,1459.9
2022-04-06 18:00:00,1427.0
2022-04-06 19:00:00,1393.0
2022-04-06 20:00:00,1350.2
2022-04-06 21:00:00,1306.1
2022-04-06 22:00:00,1225.2
2022-04-06 23:00:00,1279.3
2022-04-07 00:00:00,1297.6
2022-04-07 01:00:00,1276.3
2022-04-07 02:00:00,1363.7
2022-04-07 03:00:00,1329.5
2022-04-07 04:00:00,1398.6
2022-04-07 05:00:00,1403.8
2022-04-07 06:00:00,1459.6
2022-04-07 07:00:00,1482.1
2022-04-07 08:00:00,1551.1
2022-04-07 09:00:00,1543.1
2022-04-07 10:00:00,1580.6
2022-04-07 11:00:00,1592.2
2022-04-07 12:00:00,1578.3
2022-04-07 13:00:00,1594.8
2022-04-07 14:00:00,1635.5
2022-04-07 15:00:00,1537.5
2022-04-07 16:00:00,1528.2
2022-04-07 17:00:00,1518.4
2022-04-07 18:00:00,1477.3
2022-04-07 19:00:00,1406.0
2022-04-07 20:00:00,1299.5
2022-04-07 21:00:00,1357.0
2022-04-07 22:00:00,1252.8
2022-04-07 23:00:00,1350.2
2022-04-08 00:00:00,1308.0
2022-04-08 01:00:00,1339.9
2022-04-08 02:00:00,1299.9
2022-04-08 03:00:00,1306.3
2022-04-08 04:00:00,1394.0
2022-04-08 05:00:00,1423.6
2022-04-08 06:00:00,1451.0
2022-04-08 07:00:00,1509.5
2022-04-08 08:00:00,1628.7
2022-04-08 09:00:00,1604.3
2022-04-08 10:00:00,1637.2
2022-04-08 11:00:00,1648.6
2022-04-08 12:00:00,1675.5
2022-04-08 13:00:00,1623.1
2022-04-08 14:00:00,1554.9
2022-04-08 15:00:00,1589.9
2022-04-08 16:00:00,1591.8
2022-04-08 17:00:00,1505.0
2022-04-08 18:00:00,1493.0
2022-04-08 19:00:00,1441.6
2022-04-08 20:00:00,1474.3
2022-04-08 21:00:00,1423.6
2022-04-08 22:00:00,1399.8
2022-04-08 23:00:00,1387.0
2022-04-09 00:00:00,1365.1
2022-04-09 01:00:00,1380.3
2022-04-09 02:00:00,1356.8
2022-04-09 03:00:00,1353.6
2022-04-09 04:00:00,1457.8
2022-04-09 05:00:00,1502.2
2022-04-09 06:00:00,1570.5
2022-04-09 07:00:00,1623.2
2022-04-09 08:00:00,1662.2
2022-04-09 09:00:00,1619.1
2022-04-09 10:00:00,1665.1
2022-04-09 11:00:00,1707.9
2022-04-09 12:00:00,1777.3
2022-04-09 13:00:00,1743.3
2022-04-09 14:00:00,1720.2
2022-04-09 15:00:00,1653.7
2022-04-09 16:00:00,1610.3
2022-04-09 17:00:00,1626.8
2022-04-09 18:00:00,1533.7
2022-04-09 19:00:00,1523.1
2022-04-09 20:00:00,1492.9
2022-04-09 21:00:00,1515.2
2022-04-09 22:00:00,1435.1
2022-04-09 23:00:00,1359.6
2022-04-10 00:00:00,1444.7
2022-04-10 01:00:00,1415.6
2022-04-10 02:00:00,1454.6
2022-04-10 03:00:00,1476.2
2022-04-10 04:00:00,1503.2
2022-04-10 05:00:00,1572.8
2022-04-10 06:00:00,1543.3
2022-04-10 07:00:00,1613.9
2022-04-10 08:00:00,1687.3
2022-04-10 09:00:00,1680.5
2022-04-10 10:00:00,1675.4
2022-04-10 11:00:00,1759.6
2022-04-10 12:00:00,1779.1
2022-04-10 13:00:00,1739.6
2022-04-10 14:00:00,1667.6
2022-04-10 15:00:00,1724.2
2022-04-10 16:00:00,1622.5
2022-04-10 17:00:00,1645.6
2022-04-10 18:00:00,1570.9
2022-04-10 19:00:00,1523.9
2022-04-10 20:00:00,1509.1
2022-04-10 21:00:00,1485.6
2022-04-10 22:00:00,1447.6
2022-04-10 23:00:00,1469.1
2022-04-11 00:00:00,1432.3
2022-04-11 01:00:00,1479.6
2022-04-11 02:00:00,1472.8
2022-04-11 03:00:00,1466.3
2022-04-11 04:00:00,1491.3
2022-04-11 05:00:00,1503.0
2022-04-11 06:00:00,1598.7
2022-04-11 07:00:00,1616.8
2022-04-11 08:00:00,1591.1
2022-04-11 09:00:00,1675.7
2022-04-11 10:00:00,1687.0
2022-04-11 11:00:00,1774.6
2022-04-11 12:00:00,1679.5
2022-04-11 13:00:00,1680.4
2022-04-11 14:00:00,1740.0
2022-04-11 15:00:00,1721.5
2022-04-11 16:00:00,1625.2
2022-04-11 17:00:00,1590.2
2022-04-11 18:00:00,1586.6
2022-04-11 19:00:00,1457.1
2022-04-11 20:00:00,1432.5
2022-04-11 21:00:00,1446.4
2022-04-11 22:00:00,1474.9
2022-04-11 23:00:00,1397.8
2022-04-12 00:00:00,1406.1
2022-04-12 01:00:00,1439.5
2022-04-12 02:00:00,1481.0
2022-04-12 03:00:00,1421.5
2022-04-12 04:00:00,1466.6
2022-04-12 05:00:00,1555.1
2022-04-12 06:00:00,1490.7
2022-04-12 07:00:00,1603.1
2022-04-12 08:00:00,1575.0
2022-04-12 09:00:00,1636.7
2022-04-12 10:00:00,1647.2
2022-04-12 11:00:00,1637.8
2022-04-12 12:00:00,1639.2
2022-04-12 13:00:00,1668.9
2022-04-12 14:00:00,1672.5
2022-04-12 15:00:00,1612.0
2022-04-12 16:00:00,1584.0
2022-04-12 17:00:00,1559.9
2022-04-12 18:00:00,1471.9
2022-04-12 19:00:00,1481.5
2022-04-12 20:00:00,1444.9
2022-04-12 21:00:00,1464.5
2022-04-12 22:00:00,1348.5
2022-04-12 23:00:00,1328.3
2022-04-13 00:00:00,1357.3
2022-04-13 01:00:00,1361.3
2022-04-13 02:00:00,1333.1
2022-04-13 03:00:00,1358.3
2022-04-13 04:00:00,1415.2
2022-04-13 05:00:00,1407.9
2022-04-13 06:00:00,1456.9
2022-04-13 07:00:00,1508.5
2022-04-13 08:00:00,1569.6
2022-04-13 09:00:00,1550.6
2022-04-13 10:00:00,1535.2
2022-04-13 11:00:00,1546.0
2022-04-13 12:00:00,1568.9
2022-04-13 13:00:00,1560.4
2022-04-13 14:00:00,1578.5
2022-04-13 15:00:00,1522.0
2022-04-13 16:00:00,1504.0
2022-04-13 17:00:00,1464.2
2022-04-13 18:00:00,1434.1
2022-04-13 19:00:00,1446.9
2022-04-13 20:00:00,1389.8
2022-04-13 21:00:00,1338.4
2022-04-13 22:00:00,1299.3
2022-04-13 23:00:00,1284.3
2022-04-14 00:00:00,1301.4
2022-04-14 01:00:00,1313.6
2022-04-14 02:00:00,1283.3
2022-04-14 03:00:00,1335.1
2022-04-14 04:00:00,1303.9
2022-04-14 05:00:00,1407.2
2022-04-14 06:00:00,1462.5
2022-04-14 07:00:00,1470.1
2022-04-14 08:00:00,1569.4
2022-04-14 09:00:00,1519.8
2022-04-14 10:00:00,1577.1
2022-04-14 11:00:00,1585.0
2022-04-14 12:00:00,1588.8
2022-04-14 13:00:00,1584.0
2022-04-14 14:00:00,1576.5
2022-04-14 15:00:00,1575.8
2022-04-14 16:00:00,1561.7
2022-04-14 17:00:00,1485.3
2022-04-14 18:00:00,1472.3
2022-04-14 19:00:00,1389.3
2022-04-14 20:00:00,1398.6
2022-04-14 21:00:00,1323.3
2022-04-14 22:00:00,1356.7
2022-04-14 23:00:00,1377.0
2022-04-15 00:00:00,1303.8
2022-04-15 01:00:00,1248.7
2022-04-15 02:00:00,1315.0
2022-04-15 03:00:00,1394.4
2022-04-15 04:00:00,1407.3
2022-04-15 05:00:00,1436.6
2022-04-15 06:00:00,1500.5
2022-04-15 07:00:00,1526.0
2022-04-15 08:00:00,1586.6
2022-04-15 09:00:00,1611.3
2022-04-15 10:00:00,1655.7
2022-04-15 11:00:00,1638.5
2022-04-15 12:00:00,1662.7
2022-04-15 13:00:00,1623.9
2022-04-15 14:00:00,1602.9
2022-04-15 15:00:00,1651.1
2022-04-15 16:00:00,1578.2
2022-04-15 17:00:00,1562.6
2022-04-15 18:00:00,1506.2
2022-04-15 19:00:00,1449.0
2022-04-15 20:00:00,1433.8
2022-04-15 21:00:00,1448.4
2022-04-15 22:00:00,1401.2
2022-04-15 23:00:00,1321.2
2022-04-16 00:00:00,1364.0
2022-04-16 01:00:00,1432.0
2022-04-16 02:00:00,1390.1
2022-04-16 03:00:00,1369.3
2022-04-16 04:00:00,1514.2
2022-04-16 05:00:00,1517.0
2022-04-16 06:00:00,1536.2
2022-04-16 07:00:00,1568.9
2022-04-16 08:00:00,1651.6
2022-04-16 09:00:00,1636.8
2022-04-16 10:00:00,1714.2
2022-04-16 11:00:00,1713.7
2022-04-16 12:00:00,1712.7
2022-04-16 13:00:00,1707.3
2022-04-16 14:00:00,1685.3
2022-04-16 15:00:00,1700.7
2022-04-16 16:00:00,1614.8
2022-04-16 17:00:00,1558.4
2022-04-16 18:00:00,1589.0
2022-04-16 19:00:00,1553.0
2022-04-16 20:00:00,1514.6
2022-04-16 21:00:00,1483.5
2022-04-16 22:00:00,1439.9
2022-04-16 23:00:00,1460.1
2022-04-17 00:00:00,1432.0
2022-04-17 01:00:00,1425.7
2022-04-17 02:00:00,1447.7
2022-04-17 03:00:00,1543.1
2022-04-17 04:00:00,1463.1
2022-04-17 05:00:00,1567.8
2022-04-17 06:00:00,1542.6
2022-04-17 07:00:00,1629.8
2022-04-17 08:00:00,1657.4
2022-04-17 09:00:00,1639.9
2022-04-17 10:00:00,1738.9
2022-04-17 11:00:00,1731.7
2022-04-17 12:00:00,1686.0
2022-04-17 13:00:00,1769.6
2022-04-17 14:00:00,1773.0
2022-04-17 15:00:00,1751.3
2022-04-17 16:00:00,1686.5
2022-04-17 17:00:00,1641.2
2022-04-17 18:00:00,1640.9
2022-04-17 19:00:00,1612.6
2022-04-17 20:00:00,1559.8
2022-04-17 21:00:00,1466.2
2022-04-17 22:00:00,1476.3
2022-04-17 23:00:00,1468.0
2022-04-18 00:00:00,1394.8
2022-04-18 01:00:00,1467.6
2022-04-18 02:00:00,1535.8
2022-04-18 03:00:00,1509.8
2022-04-18 04:00:00,1564.8
2022-04-18 05:00:00,1561.1
2022-04-18 06:00:00,1591.0
2022-04-18 07:00:00,1642.2
2022-04-18 08:00:00,1641.0
2022-04-18 09:00:00,1666.1
2022-04-18 10:00:00,1755.2
2022-04-18 11:00:00,1771.6
2022-04-18 12:00:00,1704.0
2022-04-18 13:00:00,1755.8
2022-04-18 14:00:00,1707.2
2022-04-18 15:00:00,1694.1
2022-04-18 16:00:00,1664.5
2022-04-18 17:00:00,1642.1
2022-04-18 18:00:00,1573.6
2022-04-18 19:00:00,1572.3
2022-04-18 20:00:00,1500.7
2022-04-18 21:00:00,1476.5
2022-04-18 22:00:00,1406.4
2022-04-18 23:00:00,1478.6
2022-04-19 00:00:00,1420.1
2022-04-19 01:00:00,1429.8
2022-04-19 02:00:00,1372.4
2022-04-19 03:00:00,1417.0
2022-04-19 04:00:00,1507.1
2022-04-19 05:00:00,1511.9
2022-04-19 06:00:00,1481.8
2022-04-19 07:00:00,1606.3
2022-04-19 08:00:00,1592.0
2022-04-19 09:00:00,1678.8
2022-04-19 10:00:00,1654.7
2022-04-19 11:00:00,1675.5
2022-04-19 12:00:00,1706.8
2022-04-19 13:00:00,1636.4
2022-04-19 14:00:00,1615.6
2022-04-19 15:00:00,1612.7
2022-04-19 16:00:00,1609.4
2022-04-19 17:00:00,1505.5
2022-04-19 18:00:00,1453.7
2022-04-19 19:00:00,1486.7
2022-04-19 20:00:00,1404.8
2022-04-19 21:00:00,1377.3
2022-04-19 22:00:00,1306.7
2022-04-19 23:00:00,1324.3
2022-04-20 00:00:00,1336.6
2022-04-20 01:00:00,1367.2
2022-04-20 02:00:00,1328.5
2022-04-20 03:00:00,1422.6
2022-04-20 04:00:00,1381.0
2022-04-20 05:00:00,1414.7
2022-04-20 06:00:00,1517.8
2022-04-20 07:00:00,1514.6
2022-04-20 08:00:00,1525.6
2022-04-20 09:00:00,1566.4
2022-04-20 10:00:00,1633.5
2022-04-20 11:00:00,1649.8
2022-04-20 12:00:00,1584.6
2022-04-20 13:00:00,1600.9
2022-04-20 14:00:00,1588.1
2022-04-20 15:00:00,1530.4
2022-04-20 16:00:00,1525.7
2022-04-20 17:00:00,1489.9
2022-04-20 18:00:00,1483.8
2022-04-20 19:00:00,1445.7
2022-04-20 20:00:00,1362.3
2022-04-20 21:00:00,1333.7
2022-04-20 22:00:00,1335.2
2022-04-20 23:00:00,1281.9
2022-04-21 00:00:00,1311.3
2022-04-21 01:00:00,1295.5
2022-04-21 02:00:00,1283.6
2022-04-21 03:00:00,1307.4
2022-04-21 04:00:00,1410.3
2022-04-21 05:00:00,1398.2
2022-04-21 06:00:00,1490.9
2022-04-21 07:00:00,1465.2
2022-04-21 08:00:00,1525.7
2022-04-21 09:00:00,1620.1
2022-04-21 10:00:00,1540.8
2022-04-21 11:00:00,1531.1
2022-04-21 12:00:00,1632.3
2022-04-21 13:00:00,1564.5
2022-04-21 14:00:00,1574.6
2022-04-21 15:00:00,1534.7
2022-04-21 16:00:00,1530.3
2022-04-21 17:00:00,1458.7
2022-04-21 18:00:00,1444.3
2022-04-21 19:00:00,1425.7
2022-04-21 20:00:00,1347.2
2022-04-21 21:00:00,1326.9
2022-04-21 22:00:00,1315.3
2022-04-21 23:00:00,1269.6
2022-04-22 00:00:00,1296.5
2022-04-22 01:00:00,1319.8
2022-04-22 02:00:00,1321.2
2022-04-22 03:00:00,1351.0
2022-04-22 04:00:00,1391.7
2022-04-22 05:00:00,1411.1
2022-04-22 06:00:00,1492.6
2022-04-22 07:00:00,1556.2
2022-04-22 08:00:00,1537.8
2022-04-22 09:00:00,1599.8
2022-04-22 10:00:00,1604.5
2022-04-22 11:00:00,1640.2
2022-04-22 12:00:00,1684.0
2022-04-22 13:00:00,1649.9
2022-04-22 14:00:00,1569.2
2022-04-22 15:00:00,1615.0
2022-04-22 16:00:00,1610.2
2022-04-22 17:00:00,1533.2
2022-04-22 18:00:00,1533.8
2022-04-22 19:00:00,1447.4
2022-04-22 20:00:00,1390.3
2022-04-22 21:00:00,1411.0
2022-04-22 22:00:00,1333.2
2022-04-22 23:00:00,1366.7
2022-04-23 00:00:00,1410.4
2022-04-23 01:00:00,1322.6
2022-04-23 02:00:00,1359.5
2022-04-23 03:00:00,1393.7
2022-04-23 04:00:00,1456.8
2022-04-23 05:00:00,1486.9
2022-04-23 06:00:00,1581.5
2022-04-23 07:00:00,1609.9
2022-04-23 08:00:00,1635.2
2022-04-23 09:00:00,1658.6
2022-04-23 10:00:00,1692.7
2022-04-23 11:00:00,1672.8
2022-04-23 12:00:00,1732.2
2022-04-23 13:00:00,1670.7
2022-04-23 14:00:00,1716.7
2022-04-23 15:00:00,1706.0
2022-04-23 16:00:00,1648.2
2022-04-23 17:00:00,1602.8
2022-04-23 18:00:00,1583.6
2022-04-23 19:00:00,1449.3
2022-04-23 20:00:00,1510.2
2022-04-23 21:00:00,1468.9
2022-04-23 22:00:00,1449.0
2022-04-23 23:00:00,1458.7
2022-04-24 00:00:00,1432.0
2022-04-24 01:00:00,1407.0
2022-04-24 02:00:00,1453.7
2022-04-24 03:00:00,1485.4
2022-04-24 04:00:00,1519.5
2022-04-24 05:00:00,1558.5
2022-04-24 06:00:00,1625.0
2022-04-24 07:00:00,1601.3
2022-04-24 08:00:00,1676.5
2022-04-24 09:00:00,1742.0
2022-04-24 10:00:00,1676.0
2022-04-24 11:00:00,1749.3
2022-04-24 12:00:00,1732.1
2022-04-24 13:00:00,1734.1
2022-04-24 14:00:00,1703.6
2022-04-24 15:00:00,1702.2
2022-04-24 16:00:00,1731.7
2022-04-24 17:00:00,1602.5
2022-04-24 18:00:00,1566.6
2022-04-24 19:00:00,1523.7
2022-04-24 20:00:00,1578.3
2022-04-24 21:00:00,1481.2
2022-04-24 22:00:00,1470.1
2022-04-24 23:00:00,1443.3
2022-04-25 00:00:00,1421.3
2022-04-25 01:00:00,1447.0
2022-04-25 02:00:00,1541.9
2022-04-25 03:00:00,1532.9
2022-04-25 04:00:00,1495.5
2022-04-25 05:00:00,1575.6
2022-04-25 06:00:00,1568.8
2022-04-25 07:00:00,1577.9
2022-04-25 08:00:00,1696.5
2022-04-25 09:00:00,1730.2
2022-04-25 10:00:00,1749.0
2022-04-25 11:00:00,1716.8
2022-04-25 12:00:00,1729.1
2022-04-25 13:00:00,1749.6
2022-04-25 14:00:00,1721.9
2022-04-25 15:00:00,1672.4
2022-04-25 16:00:00,1602.4
2022-04-25 17:00:00,1616.0
2022-04-25 18:00:00,1603.8
2022-04-25 19:00:00,1494.3
2022-04-25 20:00:00,1510.8
2022-04-25 21:00:00,1468.0
2022-04-25 22:00:00,1454.1
2022-04-25 23:00:00,1440.2
2022-04-26 00:00:00,1385.4
2022-04-26 01:00:00,1360.1
2022-04-26 02:00:00,1404.8
2022-04-26 03:00:00,1468.5
2022-04-26 04:00:00,1453.8
2022-04-26 05:00:00,1482.5
2022-04-26 06:00:00,1484.6
2022-04-26 07:00:00,1627.7
2022-04-26 08:00:00,1633.2
2022-04-26 09:00:00,1659.6
2022-04-26 10:00:00,1686.4
2022-04-26 11:00:00,1686.6
2022-04-26 12:00:00,1664.1
2022-04-26 13:00:00,1658.4
2022-04-26 14:00:00,1632.5
2022-04-26 15:00:00,1697.6
2022-04-26 16:00:00,1601.1
2022-04-26 17:00:00,1531.4
2022-04-26 18:00:00,1517.5
2022-04-26 19:00:00,1431.5
2022-04-26 20:00:00,1467.9
2022-04-26 21:00:00,1369.0
2022-04-26 22:00:00,1377.2
2022-04-26 23:00:00,1376.4
2022-04-27 00:00:00,1348.2
2022-04-27 01:00:00,1341.9
2022-04-27 02:00:00,1351.7
2022-04-27 03:00:00,1371.0
2022-04-27 04:00:00,1383.9
2022-04-27 05:00:00,1421.5
2022-04-27 06:00:00,1515.8
2022-04-27 07:00:00,1504.6
2022-04-27 08:00:00,1518.3
2022-04-27 09:00:00,1555.2
2022-04-27 10:00:00,1625.5
2022-04-27 11:00:00,1625.7
2022-04-27 12:00:00,1625.5
2022-04-27 13:00:00,1594.0
2022-04-27 14:00:00,1602.2
2022-04-27 15:00:00,1540.2
2022-04-27 16:00:00,1519.1
2022-04-27 17:00:00,1518.3
2022-04-27 18:00:00,1475.3
2022-04-27 19:00:00,1379.5
2022-04-27 20:00:00,1346.0
2022-04-27 21:00:00,1342.8
2022-04-27 22:00:00,1366.5
2022-04-27 23:00:00,1241.5
2022-04-28 00:00:00,1301.4
2022-04-28 01:00:00,1256.3
2022-04-28 02:00:00,1293.0
2022-04-28 03:00:00,1324.5
2022-04-28 04:00:00,1353.6
2022-04-28 05:00:00,1386.2
2022-04-28 06:00:00,1441.2
2022-04-28 07:00:00,1463.8
2022-04-28 08:00:00,1472.3
2022-04-28 09:00:00,1570.9
2022-04-28 10:00:00,1594.3
2022-04-28 11:00:00,1612.5
2022-04-28 12:00:00,1546.7
2022-04-28 13:00:00,1597.5
2022-04-28 14:00:00,1594.6
2022-04-28 15:00:00,1520.5
2022-04-28 16:00:00,1521.7
2022-04-28 17:00:00,1482.9
2022-04-28 18:00:00,1504.0
2022-04-28 19:00:00,1469.0
2022-04-28 20:00:00,1326.6
2022-04-28 21:00:00,1421.8
2022-04-28 22:00:00,1297.3
2022-04-28 23:00:00,1340.9
2022-04-29 00:00:00,1337.3
2022-04-29 01:00:00,1285.4
2022-04-29 02:00:00,1347.0
2022-04-29 03:00:00,1354.9
2022-04-29 04:00:00,1407.9
2022-04-29 05:00:00,1436.6
2022-04-29 06:00:00,1506.7
2022-04-29 07:00:00,1514.2
2022-04-29 08:00:00,1545.6
2022-04-29 09:00:00,1617.0
2022-04-29 10:00:00,1627.9
2022-04-29 11:00:00,1650.1
2022-04-29 12:00:00,1615.9
2022-04-29 13:00:00,1602.1
2022-04-29 14:00:00,1604.2
2022-04-29 15:00:00,1581.6
2022-04-29 16:00:00,1595.5
2022-04-29 17:00:00,1567.9
2022-04-29 18:00:00,1498.0
2022-04-29 19:00:00,1509.7
2022-04-29 20:00:00,1474.6
2022-04-29 21:00:00,1412.7
2022-04-29 22:00:00,1359.9
2022-04-29 23:00:00,1419.8
2022-04-30 00:00:00,1368.6
2022-04-30 01:00:00,1382.3
2022-04-30 02:00:00,1386.3
2022-04-30 03:00:00,1396.6
2022-04-30 04:00:00,1413.2
2022-04-30 05:00:00,1515.4
2022-04-30 06:00:00,1514.6
2022-04-30 07:00:00,1671.6
2022-04-30 08:00:00,1586.3
2022-04-30 09:00:00,1615.0
2022-04-30 10:00:00,1694.7
2022-04-30 11:00:00,1743.0
2022-04-30 12:00:00,1706.9
2022-04-30 13:00:00,1719.6
2022-04-30 14:00:00,1634.8
2022-04-30 15:00:00,1648.5
2022-04-30 16:00:00,1608.0
2022-04-30 17:00:00,1549.6
2022-04-30 18:00:00,1573.5
2022-04-30 19:00:00,1466.2
2022-04-30 20:00:00,1459.8
2022-04-30 21:00:00,1454.4
2022-04-30 22:00:00,1423.8
2022-04-30 23:00:00,1447.7
2022-05-01 00:00:00,1441.7
2022-05-01 01:00:00,1466.3
2022-05-01 02:00:00,1478.7
2022-05-01 03:00:00,1515.8
2022-05-01 04:00:00,1514.2
2022-05-01 05:00:00,1560.9
2022-05-01 06:00:00,1607.3
2022-05-01 07:00:00,1636.3
2022-05-01 08:00:00,1657.4
2022-05-01 09:00:00,1691.4
2022-05-01 10:00:00,1701.6
2022-05-01 11:00:00,1754.6
2022-05-01 12:00:00,1745.0
2022-05-01 13:00:00,1723.4
2022-05-01 14:00:00,1708.9
2022-05-01 15:00:00,1669.0
2022-05-01 16:00:00,1703.8
2022-05-01 17:00:00,1640.8
2022-05-01 18:00:00,1573.8
2022-05-01 19:00:00,1585.0
2022-05-01 20:00:00,1507.6
2022-05-01 21:00:00,1450.8
2022-05-01 22:00:00,1499.4
2022-05-01 23:00:00,1437.2
2022-05-02 00:00:00,1435.3
2022-05-02 01:00:00,1453.1
2022-05-02 02:00:00,1500.3
2022-05-02 03:00:00,1489.5
2022-05-02 04:00:00,1483.0
2022-05-02 05:00:00,1570.3
2022-05-02 06:00:00,1576.9
2022-05-02 07:00:00,1685.6
2022-05-02 08:00:00,1663.6
2022-05-02 09:00:00,1626.1
2022-05-02 10:00:00,1726.1
2022-05-02 11:00:00,1786.9
2022-05-02 12:00:00,1779.1
2022-05-02 13:00:00,1779.7
2022-05-02 14:00:00,1677.2
2022-05-02 15:00:00,1709.2
2022-05-02 16:00:00,1627.0
2022-05-02 17:00:00,1616.9
2022-05-02 18:00:00,1530.9
2022-05-02 19:00:00,1508.5
2022-05-02 20:00:00,1468.9
2022-05-02 21:00:00,1482.5
2022-05-02 22:00:00,1453.2
2022-05-02 23:00:00,1419.8
2022-05-03 00:00:00,1363.2
2022-05-03 01:00:00,1396.8
2022-05-03 02:00:00,1395.9
2022-05-03 03:00:00,1465.4
2022-05-03 04:00:00,1502.9
2022-05-03 05:00:00,1532.5
2022-05-03 06:00:00,1514.0
2022-05-03 07:00:00,1490.4
2022-05-03 08:00:00,1552.8
2022-05-03 09:00:00,1676.5
2022-05-03 10:00:00,1642.6
2022-05-03 11:00:00,1644.1
2022-05-03 12:00:00,1718.0
2022-05-03 13:00:00,1698.6
2022-05-03 14:00:00,1643.4
2022-05-03 15:00:00,1607.0
2022-05-03 16:00:00,1577.8
2022-05-03 17:00:00,1549.4
2022-05-03 18:00:00,1548.8
2022-05-03 19:00:00,1471.7
2022-05-03 20:00:00,1441.8
2022-05-03 21:00:00,1421.1
2022-05-03 22:00:00,1324.3
2022-05-03 23:00:00,1364.3
2022-05-04 00:00:00,1324.9
2022-05-04 01:00:00,1260.7
2022-05-04 02:00:00,1284.7
2022-05-04 03:00:00,1339.2
2022-05-04 04:00:00,1414.2
2022-05-04 05:00:00,1435.4
2022-05-04 06:00:00,1474.0
2022-05-04 07:00:00,1563.5
2022-05-04 08:00:00,1500.8
2022-05-04 09:00:00,1566.9
2022-05-04 10:00:00,1598.6
2022-05-04 11:00:00,1580.4
2022-05-04 12:00:00,1606.5
2022-05-04 13:00:00,1550.7
2022-05-04 14:00:00,1624.2
2022-05-04 15:00:00,1536.0
2022-05-04 16:00:00,1584.7
2022-05-04 17:00:00,1485.2
2022-05-04 18:00:00,1476.8
2022-05-04 19:00:00,1404.2
2022-05-04 20:00:00,1367.6
2022-05-04 21:00:00,1318.8
2022-05-04 22:00:00,1315.1
2022-05-04 23:00:00,1305.3
2022-05-05 00:00:00,1266.3
2022-05-05 01:00:00,1290.6
2022-05-05 02:00:00,1290.5
2022-05-05 03:00:00,1401.2
2022-05-05 04:00:00,1360.3
2022-05-05 05:00:00,1445.3
2022-05-05 06:00:00,1431.8
2022-05-05 07:00:00,1484.3
2022-05-05 08:00:00,1473.2
2022-05-05 09:00:00,1530.8
2022-05-05 10:00:00,1574.7
2022-05-05 11:00:00,1631.4
2022-05-05 12:00:00,1596.2
2022-05-05 13:00:00,1626.6
2022-05-05 14:00:00,1590.1
2022-05-05 15:00:00,1596.8
2022-05-05 16:00:00,1516.2
2022-05-05 17:00:00,1554.6
2022-05-05 18:00:00,1430.7
2022-05-05 19:00:00,1384.8
2022-05-05 20:00:00,1336.7
2022-05-05 21:00:00,1413.4
2022-05-05 22:00:00,1345.8
2022-05-05 23:00:00,1297.9
2022-05-06 00:00:00,1342.1
2022-05-06 01:00:00,1332.3
2022-05-06 02:00:00,1387.6
2022-05-06 03:00:00,1308.0
2022-05-06 04:00:00,1379.7
2022-05-06 05:00:00,1412.2
2022-05-06 06:00:00,1407.9
2022-05-06 07:00:00,1540.1
2022-05-06 08:00:00,1538.8
2022-05-06 09:00:00,1602.6
2022-05-06 10:00:00,1677.6
2022-05-06 11:00:00,1613.8
2022-05-06 12:00:00,1619.5
2022-05-06 13:00:00,1633.3
2022-05-06 14:00:00,1647.1
2022-05-06 15:00:00,1579.4
2022-05-06 16:00:00,1549.2
2022-05-06 17:00:00,1566.5
2022-05-06 18:00:00,1510.2
2022-05-06 19:00:00,1401.6
2022-05-06 20:00:00,1392.9
2022-05-06 21:00:00,1446.6
2022-05-06 22:00:00,1392.7
2022-05-06 23:00:00,1345.8
2022-05-07 00:00:00,1361.4
2022-05-07 01:00:00,1374.9
2022-05-07 02:00:00,1414.6
2022-05-07 03:00:00,1378.5
2022-05-07 04:00:00,1428.0
2022-05-07 05:00:00,1500.6
2022-05-07 06:00:00,1531.1
2022-05-07 07:00:00,1592.9
2022-05-07 08:00:00,1577.9
2022-05-07 09:00:00,1659.4
2022-05-07 10:00:00,1708.0
2022-05-07 11:00:00,1707.6
2022-05-07 12:00:00,1705.0
2022-05-07 13:00:00,1695.5
2022-05-07 14:00:00,1660.9
2022-05-07 15:00:00,1662.5
2022-05-07 16:00:00,1673.8
2022-05-07 17:00:00,1598.7
2022-05-07 18:00:00,1539.1
2022-05-07 19:00:00,1514.5
2022-05-07 20:00:00,1501.3
2022-05-07 21:00:00,1455.1
2022-05-07 22:00:00,1459.1
2022-05-07 23:00:00,1447.2
2022-05-08 00:00:00,1454.9
2022-05-08 01:00:00,1477.9
2022-05-08 02:00:00,1481.7
2022-05-08 03:00:00,1449.3
2022-05-08 04:00:00,1482.8
2022-05-08 05:00:00,1545.2
2022-05-08 06:00:00,1574.1
2022-05-08 07:00:00,1593.5
2022-05-08 08:00:00,1651.7
2022-05-08 09:00:00,1682.8
2022-05-08 10:00:00,1701.6
2022-05-08 11:00:00,1728.0
2022-05-08 12:00:00,1778.7
2022-05-08 13:00:00,1744.7
2022-05-08 14:00:00,1798.4
2022-05-08 15:00:00,1705.9
2022-05-08 16:00:00,1661.2
2022-05-08 17:00:00,1634.0
2022-05-08 18:00:00,1602.8
2022-05-08 19:00:00,1569.2
2022-05-08 20:00:00,1582.1
2022-05-08 21:00:00,1463.1
2022-05-08 22:00:00,1489.9
2022-05-08 23:00:00,1454.9
2022-05-09 00:00:00,1395.8
2022-05-09 01:00:00,1470.4
2022-05-09 02:00:00,1499.4
2022-05-09 03:00:00,1458.5
2022-05-09 04:00:00,1514.0
2022-05-09 05:00:00,1497.5
2022-05-09 06:00:00,1549.0
2022-05-09 07:00:00,1655.6
2022-05-09 08:00:00,1644.9
2022-05-09 09:00:00,1655.1
2022-05-09 10:00:00,1717.4
2022-05-09 11:00:00,1708.1
2022-05-09 12:00:00,1712.9
2022-05-09 13:00:00,1742.1
2022-05-09 14:00:00,1668.1
2022-05-09 15:00:00,1649.8
2022-05-09 16:00:00,1648.4
2022-05-09 17:00:00,1634.4
2022-05-09 18:00:00,1601.3
2022-05-09 19:00:00,1503.0
2022-05-09 20:00:00,1512.4
2022-05-09 21:00:00,1427.1
2022-05-09 22:00:00,1479.0
2022-05-09 23:00:00,1372.6
2022-05-10 00:00:00,1438.6
2022-05-10 01:00:00,1381.4
2022-05-10 02:00:00,1473.7
2022-05-10 03:00:00,1452.0
2022-05-10 04:00:00,1432.0
2022-05-10 05:00:00,1480.1
2022-05-10 06:00:00,1555.1
2022-05-10 07:00:00,1599.1
2022-05-10 08:00:00,1598.5
2022-05-10 09:00:00,1630.1
2022-05-10 10:00:00,1672.3
2022-05-10 11:00:00,1665.5
2022-05-10 12:00:00,1624.8
2022-05-10 13:00:00,1631.1
2022-05-10 14:00:00,1644.5
2022-05-10 15:00:00,1647.0
2022-05-10 16:00:00,1625.0
2022-05-10 17:00:00,1560.7
2022-05-10 18:00:00,1504.2
2022-05-10 19:00:00,1476.3
2022-05-10 20:00:00,1394.7
2022-05-10 21:00:00,1376.2
2022-05-10 22:00:00,1329.4
2022-05-10 23:00:00,1298.8
2022-05-11 00:00:00,1338.4
2022-05-11 01:00:00,1336.4
2022-05-11 02:00:00,1363.8
2022-05-11 03:00:00,1380.8
2022-05-11 04:00:00,1400.2
2022-05-11 05:00:00,1443.3
2022-05-11 06:00:00,1461.7
2022-05-11 07:00:00,1511.9
2022-05-11 08:00:00,1511.6
2022-05-11 09:00:00,1573.4
2022-05-11 10:00:00,1604.1
2022-05-11 11:00:00,1576.9
2022-05-11 12:00:00,1601.7
2022-05-11 13:00:00,1574.4
2022-05-11 14:00:00,1560.6
2022-05-11 15:00:00,1517.1
2022-05-11 16:00:00,1556.2
2022-05-11 17:00:00,1512.5
2022-05-11 18:00:00,1456.5
2022-05-11 19:00:00,1459.4
2022-05-11 20:00:00,1357.2
2022-05-11 21:00:00,1421.7
2022-05-11 22:00:00,1299.1
2022-05-11 23:00:00,1297.7
2022-05-12 00:00:00,1272.2
2022-05-12 01:00:00,1299.8
2022-05-12 02:00:00,1328.2
2022-05-12 03:00:00,1323.1
2022-05-12 04:00:00,1410.5
2022-05-12 05:00:00,1400.4
2022-05-12 06:00:00,1440.0
2022-05-12 07:00:00,1443.5
2022-05-12 08:00:00,1519.6
2022-05-12 09:00:00,1534.4
2022-05-12 10:00:00,1544.3
2022-05-12 11:00:00,1554.7
2022-05-12 12:00:00,1663.8
2022-05-12 13:00:00,1571.4
2022-05-12 14:00:00,1521.3
2022-05-12 15:00:00,1521.2
2022-05-12 16:00:00,1510.5
2022-05-12 17:00:00,1493.4
2022-05-12 18:00:00,1456.0
2022-05-12 19:00:00,1422.1
2022-05-12 20:00:00,1347.7
2022-05-12 21:00:00,1347.7
2022-05-12 22:00:00,1289.0
2022-05-12 23:00:00,1283.4
2022-05-13 00:00:00,1271.1
2022-05-13 01:00:00,1270.0
2022-05-13 02:00:00,1354.5
2022-05-13 03:00:00,1369.1
2022-05-13 04:00:00,1410.9
2022-05-13 05:00:00,1421.1
2022-05-13 06:00:00,1484.3
2022-05-13 07:00:00,1449.4
2022-05-13 08:00:00,1566.7
2022-05-13 09:00:00,1579.6
2022-05-13 10:00:00,1619.5
2022-05-13 11:00:00,1629.6
2022-05-13 12:00:00,1596.3
2022-05-13 13:00:00,1578.6
2022-05-13 14:00:00,1589.9
2022-05-13 15:00:00,1607.1
2022-05-13 16:00:00,1582.6
2022-05-13 17:00:00,1487.5
2022-05-13 18:00:00,1463.2
2022-05-13 19:00:00,1435.0
2022-05-13 20:00:00,1412.7
2022-05-13 21:00:00,1354.4
2022-05-13 22:00:00,1331.7
2022-05-13 23:00:00,1337.6
2022-05-14 00:00:00,1362.7
2022-05-14 01:00:00,1332.8
2022-05-14 02:00:00,1382.6
2022-05-14 03:00:00,1444.6
2022-05-14 04:00:00,1407.8
2022-05-14 05:00:00,1479.8
2022-05-14 06:00:00,1558.4
2022-05-14 07:00:00,1556.8
2022-05-14 08:00:00,1591.1
2022-05-14 09:00:00,1677.1
2022-05-14 10:00:00,1659.6
2022-05-14 11:00:00,1719.7
2022-05-14 12:00:00,1707.2
2022-05-14 13:00:00,1681.5
2022-05-14 14:00:00,1693.8
2022-05-14 15:00:00,1667.7
2022-05-14 16:00:00,1660.1
2022-05-14 17:00:00,1579.2
2022-05-14 18:00:00,1560.4
2022-05-14 19:00:00,1520.8
2022-05-14 20:00:00,1509.8
2022-05-14 21:00:00,1428.9
2022-05-14 22:00:00,1468.4
2022-05-14 23:00:00,1438.8
2022-05-15 00:00:00,1382.1
2022-05-15 01:00:00,1464.7
2022-05-15 02:00:00,1512.2
2022-05-15 03:00:00,1500.6
2022-05-15 04:00:00,1546.0
2022-05-15 05:00:00,1543.3
2022-05-15 06:00:00,1531.0
2022-05-15 07:00:00,1565.5
2022-05-15 08:00:00,1665.8
2022-05-15 09:00:00,1672.4
2022-05-15 10:00:00,1687.5
2022-05-15 11:00:00,1728.8
2022-05-15 12:00:00,1754.9
2022-05-15 13:00:00,1688.3
2022-05-15 14:00:00,1703.9
2022-05-15 15:00:00,1739.2
2022-05-15 16:00:00,1630.8
2022-05-15 17:00:00,1653.1
2022-05-15 18:00:00,1573.7
2022-05-15 19:00:00,1565.6
2022-05-15 20:00:00,1545.8
2022-05-15 21:00:00,1503.7
2022-05-15 22:00:00,1484.5
2022-05-15 23:00:00,1407.1
2022-05-16 00:00:00,1469.3
2022-05-16 01:00:00,1414.7
2022-05-16 02:00:00,1462.1
2022-05-16 03:00:00,1485.0
2022-05-16 04:00:00,1521.7
2022-05-16 05:00:00,1552.3
2022-05-16 06:00:00,1554.4
2022-05-16 07:00:00,1576.6
2022-05-16 08:00:00,1678.0
2022-05-16 09:00:00,1686.9
2022-05-16 10:00:00,1737.9
2022-05-16 11:00:00,1715.3
2022-05-16 12:00:00,1677.7
2022-05-16 13:00:00,1741.8
2022-05-16 14:00:00,1684.7
2022-05-16 15:00:00,1680.1
2022-05-16 16:00:00,1617.1
2022-05-16 17:00:00,1647.4
2022-05-16 18:00:00,1530.6
2022-05-16 19:00:00,1505.5
2022-05-16 20:00:00,1480.2
2022-05-16 21:00:00,1410.6
2022-05-16 22:00:00,1426.8
2022-05-16 23:00:00,1447.6
2022-05-17 00:00:00,1376.7
2022-05-17 01:00:00,1405.6
2022-05-17 02:00:00,1323.5
2022-05-17 03:00:00,1425.8
2022-05-17 04:00:00,1445.7
2022-05-17 05:00:00,1463.8
2022-05-17 06:00:00,1556.7
2022-05-17 07:00:00,1550.3
2022-05-17 08:00:00,1587.9
2022-05-17 09:00:00,1610.0
2022-05-17 10:00:00,1584.6
2022-05-17 11:00:00,1620.1
2022-05-17 12:00:00,1685.0
2022-05-17 13:00:00,1584.7
2022-05-17 14:00:00,1607.0
2022-05-17 15:00:00,1591.1
2022-05-17 16:00:00,1621.3
2022-05-17 17:00:00,1552.9
2022-05-17 18:00:00,1471.3
2022-05-17 19:00:00,1485.4
2022-05-17 20:00:00,1384.9
2022-05-17 21:00:00,1403.5
2022-05-17 22:00:00,1305.7
2022-05-17 23:00:00,1360.9
2022-05-18 00:00:00,1308.6
2022-05-18 01:00:00,1292.3
2022-05-18 02:00:00,1329.0
2022-05-18 03:00:00,1365.1
2022-05-18 04:00:00,1370.4
2022-05-18 05:00:00,1435.5
2022-05-18 06:00:00,1437.8
2022-05-18 07:00:00,1510.4
2022-05-18 08:00:00,1539.0
2022-05-18 09:00:00,1552.7
2022-05-18 10:00:00,1563.0
2022-05-18 11:00:00,1593.7
2022-05-18 12:00:00,1608.9
2022-05-18 13:00:00,1647.2
2022-05-18 14:00:00,1596.8
2022-05-18 15:00:00,1572.3
2022-05-18 16:00:00,1603.1
2022-05-18 17:00:00,1488.2
2022-05-18 18:00:00,1447.0
2022-05-18 19:00:00,1413.5
2022-05-18 20:00:00,1324.7
2022-05-18 21:00:00,1309.5
2022-05-18 22:00:00,1282.8
2022-05-18 23:00:00,1301.6
2022-05-19 00:00:00,1271.0
2022-05-19 01:00:00,1284.9
2022-05-19 02:00:00,1327.8
2022-05-19 03:00:00,1344.4
2022-05-19 04:00:00,1344.4
2022-05-19 05:00:00,1365.1
2022-05-19 06:00:00,1458.0
2022-05-19 07:00:00,1486.0
2022-05-19 08:00:00,1450.9
2022-05-19 09:00:00,1520.9
2022-05-19 10:00:00,1559.5
2022-05-19 11:00:00,1593.3
2022-05-19 12:00:00,1602.9
2022-05-19 13:00:00,1579.7
2022-05-19 14:00:00,1574.5
2022-05-19 15:00:00,1535.9
2022-05-19 16:00:00,1483.7
2022-05-19 17:00:00,1461.0
2022-05-19 18:00:00,1431.8
2022-05-19 19:00:00,1392.6
2022-05-19 20:00:00,1302.3
2022-05-19 21:00:00,1317.4
2022-05-19 22:00:00,1308.7
2022-05-19 23:00:00,1285.3
2022-05-20 00:00:00,1283.0
2022-05-20 01:00:00,1312.0
2022-05-20 02:00:00,1281.9
2022-05-20 03:00:00,1291.3
2022-05-20 04:00:00,1362.9
2022-05-20 05:00:00,1434.6
2022-05-20 06:00:00,1503.4
2022-05-20 07:00:00,1517.3
2022-05-20 08:00:00,1488.4
2022-05-20 09:00:00,1559.0
2022-05-20 10:00:00,1600.0
2022-05-20 11:00:00,1615.2
2022-05-20 12:00:00,1633.8
2022-05-20 13:00:00,1587.6
2022-05-20 14:00:00,1604.8
2022-05-20 15:00:00,1594.4
2022-05-20 16:00:00,1578.3
2022-05-20 17:00:00,1496.0
2022-05-20 18:00:00,1473.8
2022-05-20 19:00:00,1367.1
2022-05-20 20:00:00,1396.3
2022-05-20 21:00:00,1371.0
2022-05-20 22:00:00,1335.3
2022-05-20 23:00:00,1358.8
2022-05-21 00:00:00,1349.9
2022-05-21 01:00:00,1291.9
2022-05-21 02:00:00,1384.0
2022-05-21 03:00:00,1376.5
2022-05-21 04:00:00,1452.9
2022-05-21 05:00:00,1438.9
2022-05-21 06:00:00,1520.0
2022-05-21 07:00:00,1552.2
2022-05-21 08:00:00,1608.8
2022-05-21 09:00:00,1637.3
2022-05-21 10:00:00,1652.5
2022-05-21 11:00:00,1631.8
2022-05-21 12:00:00,1641.3
2022-05-21 13:00:00,1665.6
2022-05-21 14:00:00,1670.5
2022-05-21 15:00:00,1631.1
2022-05-21 16:00:00,1639.5
2022-05-21 17:00:00,1578.6
2022-05-21 18:00:00,1521.5
2022-05-21 19:00:00,1505.5
2022-05-21 20:00:00,1486.7
2022-05-21 21:00:00,1460.7
2022-05-21 22:00:00,1485.4
2022-05-21 23:00:00,1396.0
2022-05-22 00:00:00,1410.6
2022-05-22 01:00:00,1432.4
2022-05-22 02:00:00,1435.6
2022-05-22 03:00:00,1446.7
2022-05-22 04:00:00,1447.8
2022-05-22 05:00:00,1516.5
2022-05-22 06:00:00,1539.7
2022-05-22 07:00:00,1560.2
2022-05-22 08:00:00,1625.4
2022-05-22 09:00:00,1649.9
2022-05-22 10:00:00,1723.5
2022-05-22 11:00:00,1739.8
2022-05-22 12:00:00,1700.4
2022-05-22 13:00:00,1715.2
2022-05-22 14:00:00,1652.7
2022-05-22 15:00:00,1670.1
2022-05-22 16:00:00,1666.0
2022-05-22 17:00:00,1642.7
2022-05-22 18:00:00,1557.8
2022-05-22 19:00:00,1571.8
2022-05-22 20:00:00,1458.4
2022-05-22 21:00:00,1435.0
2022-05-22 22:00:00,1469.4
2022-05-22 23:00:00,1482.7
2022-05-23 00:00:00,1441.6
2022-05-23 01:00:00,1429.9
2022-05-23 02:00:00,1379.4
2022-05-23 03:00:00,1407.4
2022-05-23 04:00:00,1501.9
2022-05-23 05:00:00,1522.3
2022-05-23 06:00:00,1537.4
2022-05-23 07:00:00,1609.9
2022-05-23 08:00:00,1646.1
2022-05-23 09:00:00,1700.4
2022-05-23 10:00:00,1698.3
2022-05-23 11:00:00,1744.3
2022-05-23 12:00:00,1710.9
2022-05-23 13:00:00,1700.1
2022-05-23 14:00:00,1718.4
2022-05-23 15:00:00,1631.2
2022-05-23 16:00:00,1711.7
2022-05-23 17:00:00,1600.0
2022-05-23 18:00:00,1559.0
2022-05-23 19:00:00,1522.1
2022-05-23 20:00:00,1524.0
2022-05-23 21:00:00,1457.8
2022-05-23 22:00:00,1359.4
2022-05-23 23:00:00,1432.0
2022-05-24 00:00:00,1371.8
2022-05-24 01:00:00,1387.6
2022-05-24 02:00:00,1358.2
2022-05-24 03:00:00,1433.3
2022-05-24 04:00:00,1426.1
2022-05-24 05:00:00,1481.9
2022-05-24 06:00:00,1506.3
2022-05-24 07:00:00,1608.4
2022-05-24 08:00:00,1643.2
2022-05-24 09:00:00,1613.2
2022-05-24 10:00:00,1634.5
2022-05-24 11:00:00,1633.3
2022-05-24 12:00:00,1679.8
2022-05-24 13:00:00,1628.6
2022-05-24 14:00:00,1607.8
2022-05-24 15:00:00,1622.9
2022-05-24 16:00:00,1543.3
2022-05-24 17:00:00,1519.1
2022-05-24 18:00:00,1431.0
2022-05-24 19:00:00,1457.8
2022-05-24 20:00:00,1455.8
2022-05-24 21:00:00,1385.2
2022-05-24 22:00:00,1380.7
2022-05-24 23:00:00,1293.7
2022-05-25 00:00:00,1318.2
2022-05-25 01:00:00,1285.2
2022-05-25 02:00:00,1319.0
2022-05-25 03:00:00,1370.2
2022-05-25 04:00:00,1378.6
2022-05-25 05:00:00,1366.8
2022-05-25 06:00:00,1406.1
2022-05-25 07:00:00,1440.6
2022-05-25 08:00:00,1530.7
2022-05-25 09:00:00,1606.7
2022-05-25 10:00:00,1607.4
2022-05-25 11:00:00,1522.5
2022-05-25 12:00:00,1625.2
2022-05-25 13:00:00,1603.6
2022-05-25 14:00:00,1512.4
2022-05-25 15:00:00,1524.1
2022-05-25 16:00:00,1533.4
2022-05-25 17:00:00,1479.4
2022-05-25 18:00:00,1383.4
2022-05-25 19:00:00,1400.8
2022-05-25 20:00:00,1281.0
2022-05-25 21:00:00,1306.3
2022-05-25 22:00:00,1322.2
2022-05-25 23:00:00,1272.8
2022-05-26 00:00:00,1251.4
2022-05-26 01:00:00,1297.4
2022-05-26 02:00:00,1314.4
2022-05-26 03:00:00,1347.9
2022-05-26 04:00:00,1365.5
2022-05-26 05:00:00,1407.7
2022-05-26 06:00:00,1435.9
2022-05-26 07:00:00,1460.7
2022-05-26 08:00:00,1491.7
2022-05-26 09:00:00,1513.2
2022-05-26 10:00:00,1508.1
2022-05-26 11:00:00,1531.2
2022-05-26 12:00:00,1557.1
2022-05-26 13:00:00,1568.3
2022-05-26 14:00:00,1590.1
2022-05-26 15:00:00,1522.7
2022-05-26 16:00:00,1523.9
2022-05-26 17:00:00,1491.1
2022-05-26 18:00:00,1414.1
2022-05-26 19:00:00,1401.4
2022-05-26 20:00:00,1341.4
2022-05-26 21:00:00,1358.8
2022-05-26 22:00:00,1316.0
2022-05-26 23:00:00,1247.9
2022-05-27 00:00:00,1285.1
2022-05-27 01:00:00,1336.6
2022-05-27 02:00:00,1298.6
2022-05-27 03:00:00,1343.4
2022-05-27 04:00:00,1379.5
2022-05-27 05:00:00,1370.3
2022-05-27 06:00:00,1457.8
2022-05-27 07:00:00,1441.8
2022-05-27 08:00:00,1503.4
2022-05-27 09:00:00,1587.9
2022-05-27 10:00:00,1592.7
2022-05-27 11:00:00,1590.4
2022-05-27 12:00:00,1620.6
2022-05-27 13:00:00,1603.0
2022-05-27 14:00:00,1592.9
2022-05-27 15:00:00,1591.1
2022-05-27 16:00:00,1521.3
2022-05-27 17:00:00,1511.0
2022-05-27 18:00:00,1464.4
2022-05-27 19:00:00,1390.2
2022-05-27 20:00:00,1376.9
2022-05-27 21:00:00,1423.4
2022-05-27 22:00:00,1366.9
2022-05-27 23:00:00,1303.6
2022-05-28 00:00:00,1294.9
2022-05-28 01:00:00,1345.8
2022-05-28 02:00:00,1413.9
2022-05-28 03:00:00,1388.2
2022-05-28 04:00:00,1467.0
2022-05-28 05:00:00,1477.4
2022-05-28 06:00:00,1522.7
2022-05-28 07:00:00,1510.1
2022-05-28 08:00:00,1617.3
2022-05-28 09:00:00,1613.0
2022-05-28 10:00:00,1675.5
2022-05-28 11:00:00,1642.9
2022-05-28 12:00:00,1680.4
2022-05-28 13:00:00,1683.1
2022-05-28 14:00:00,1655.5
2022-05-28 15:00:00,1650.9
2022-05-28 16:00:00,1602.1
2022-05-28 17:00:00,1556.9
2022-05-28 18:00:00,1588.0
2022-05-28 19:00:00,1534.7
2022-05-28 20:00:00,1446.4
2022-05-28 21:00:00,1457.3
2022-05-28 22:00:00,1396.1
2022-05-28 23:00:00,1369.8
2022-05-29 00:00:00,1433.1
2022-05-29 01:00:00,1357.8
2022-05-29 02:00:00,1453.4
2022-05-29 03:00:00,1443.4
2022-05-29 04:00:00,1477.2
2022-05-29 05:00:00,1533.4
2022-05-29 06:00:00,1578.6
2022-05-29 07:00:00,1576.4
2022-05-29 08:00:00,1660.0
2022-05-29 09:00:00,1673.9
2022-05-29 10:00:00,1657.5
2022-05-29 11:00:00,1705.8
2022-05-29 12:00:00,1758.1
2022-05-29 13:00:00,1762.4
2022-05-29 14:00:00,1719.1
2022-05-29 15:00:00,1638.3
2022-05-29 16:00:00,1657.9
2022-05-29 17:00:00,1632.6
2022-05-29 18:00:00,1590.0
2022-05-29 19:00:00,1552.9
2022-05-29 20:00:00,1503.8
2022-05-29 21:00:00,1459.3
2022-05-29 22:00:00,1418.9
2022-05-29 23:00:00,1364.7
2022-05-30 00:00:00,1426.0
2022-05-30 01:00:00,1425.7
2022-05-30 02:00:00,1451.0
2022-05-30 03:00:00,1417.0
2022-05-30 04:00:00,1506.4
2022-05-30 05:00:00,1583.6
2022-05-30 06:00:00,1561.9
2022-05-30 07:00:00,1595.1
2022-05-30 08:00:00,1640.8
2022-05-30 09:00:00,1722.0
2022-05-30 10:00:00,1652.4
2022-05-30 11:00:00,1702.4
2022-05-30 12:00:00,1675.6
2022-05-30 13:00:00,1676.0
2022-05-30 14:00:00,1673.9
2022-05-30 15:00:00,1689.8
2022-05-30 16:00:00,1670.2
2022-05-30 17:00:00,1591.1
2022-05-30 18:00:00,1525.2
2022-05-30 19:00:00,1570.0
2022-05-30 20:00:00,1443.7
2022-05-30 21:00:00,1405.7
2022-05-30 22:00:00,1343.1
2022-05-30 23:00:00,1420.6
2022-05-31 00:00:00,1399.9
2022-05-31 01:00:00,1445.7
2022-05-31 02:00:00,1343.6
2022-05-31 03:00:00,1450.0
2022-05-31 04:00:00,1436.5
2022-05-31 05:00:00,1491.9
2022-05-31 06:00:00,1454.1
2022-05-31 07:00:00,1583.4
2022-05-31 08:00:00,1596.1
2022-05-31 09:00:00,1599.4
2022-05-31 10:00:00,1640.7
2022-05-31 11:00:00,1610.3
2022-05-31 12:00:00,1617.9
2022-05-31 13:00:00,1613.2
2022-05-31 14:00:00,1553.5
2022-05-31 15:00:00,1608.0
2022-05-31 16:00:00,1583.8
2022-05-31 17:00:00,1487.8
2022-05-31 18:00:00,1477.5
2022-05-31 19:00:00,1417.3
2022-05-31 20:00:00,1396.0
2022-05-31 21:00:00,1333.3
2022-05-31 22:00:00,1298.9
2022-05-31 23:00:00,1339.2
2022-06-01 00:00:00,1297.8
2022-06-01 01:00:00,1362.7
2022-06-01 02:00:00,1315.8
2022-06-01 03:00:00,1307.8
2022-06-01 04:00:00,1400.9
2022-06-01 05:00:00,1416.6
2022-06-01 06:00:00,1455.9
2022-06-01 07:00:00,1506.3
2022-06-01 08:00:00,1484.8
2022-06-01 09:00:00,1529.4
2022-06-01 10:00:00,1549.8
2022-06-01 11:00:00,1529.1
2022-06-01 12:00:00,1563.1
2022-06-01 13:00:00,1604.1
2022-06-01 14:00:00,1554.3
2022-06-01 15:00:00,1481.3
2022-06-01 16:00:00,1442.3
2022-06-01 17:00:00,1501.2
2022-06-01 18:00:00,1408.3
2022-06-01 19:00:00,1351.4
2022-06-01 20:00:00,1325.3
2022-06-01 21:00:00,1257.0
2022-06-01 22:00:00,1319.1
2022-06-01 23:00:00,1248.8
2022-06-02 00:00:00,1295.7
2022-06-02 01:00:00,1260.6
2022-06-02 02:00:00,1316.4
2022-06-02 03:00:00,1304.6
2022-06-02 04:00:00,1353.2
2022-06-02 05:00:00,1385.1
2022-06-02 06:00:00,1420.9
2022-06-02 07:00:00,1451.4
2022-06-02 08:00:00,1470.3
2022-06-02 09:00:00,1566.0
2022-06-02 10:00:00,1505.5
2022-06-02 11:00:00,1548.2
2022-06-02 12:00:00,1554.2
2022-06-02 13:00:00,1561.4
2022-06-02 14:00:00,1522.2
2022-06-02 15:00:00,1521.5
2022-06-02 16:00:00,1476.9
2022-06-02 17:00:00,1399.4
2022-06-02 18:00:00,1409.5
2022-06-02 19:00:00,1338.7
2022-06-02 20:00:00,1284.8
2022-06-02 21:00:00,1311.4
2022-06-02 22:00:00,1299.6
2022-06-02 23:00:00,1287.5
2022-06-03 00:00:00,1285.3
2022-06-03 01:00:00,1217.3
2022-06-03 02:00:00,1251.3
2022-06-03 03:00:00,1377.2
2022-06-03 04:00:00,1319.7
2022-06-03 05:00:00,1407.8
2022-06-03 06:00:00,1409.9
2022-06-03 07:00:00,1474.0
2022-06-03 08:00:00,1491.2
2022-06-03 09:00:00,1560.5
2022-06-03 10:00:00,1574.1
2022-06-03 11:00:00,1574.1
2022-06-03 12:00:00,1563.7
2022-06-03 13:00:00,1600.8
2022-06-03 14:00:00,1544.1
2022-06-03 15:00:00,1572.2
2022-06-03 16:00:00,1609.9
2022-06-03 17:00:00,1538.2
2022-06-03 18:00:00,1483.2
2022-06-03 19:00:00,1423.1
2022-06-03 20:00:00,1334.3
2022-06-03 21:00:00,1324.6
2022-06-03 22:00:00,1381.8
2022-06-03 23:00:00,1307.5
2022-06-04 00:00:00,1308.1
2022-06-04 01:00:00,1332.1
2022-06-04 02:00:00,1323.1
2022-06-04 03:00:00,1344.9
2022-06-04 04:00:00,1414.1
2022-06-04 05:00:00,1428.0
2022-06-04 06:00:00,1474.1
2022-06-04 07:00:00,1514.6
2022-06-04 08:00:00,1592.7
2022-06-04 09:00:00,1603.9
2022-06-04 10:00:00,1632.0
2022-06-04 11:00:00,1673.0
2022-06-04 12:00:00,1658.6
2022-06-04 13:00:00,1652.0
2022-06-04 14:00:00,1662.0
2022-06-04 15:00:00,1646.6
2022-06-04 16:00:00,1593.5
2022-06-04 17:00:00,1566.5
2022-06-04 18:00:00,1504.1
2022-06-04 19:00:00,1465.1
2022-06-04 20:00:00,1480.0
2022-06-04 21:00:00,1441.3
2022-06-04 22:00:00,1419.7
2022-06-04 23:00:00,1401.4
2022-06-05 00:00:00,1391.1
2022-06-05 01:00:00,1417.5
2022-06-05 02:00:00,1441.3
2022-06-05 03:00:00,1466.0
2022-06-05 04:00:00,1468.1
2022-06-05 05:00:00,1550.3
2022-06-05 06:00:00,1555.6
2022-06-05 07:00:00,1607.8
2022-06-05 08:00:00,1634.5
2022-06-05 09:00:00,1665.5
2022-06-05 10:00:00,1660.7
2022-06-05 11:00:00,1719.5
2022-06-05 12:00:00,1789.6
2022-06-05 13:00:00,1688.4
2022-06-05 14:00:00,1687.2
2022-06-05 15:00:00,1648.2
2022-06-05 16:00:00,1616.1
2022-06-05 17:00:00,1641.0
2022-06-05 18:00:00,1535.6
2022-06-05 19:00:00,1502.6
2022-06-05 20:00:00,1432.8
2022-06-05 21:00:00,1426.2
2022-06-05 22:00:00,1373.4
2022-06-05 23:00:00,1428.1
2022-06-06 00:00:00,1487.3
2022-06-06 01:00:00,1396.6
2022-06-06 02:00:00,1371.7
2022-06-06 03:00:00,1471.5
2022-06-06 04:00:00,1452.7
2022-06-06 05:00:00,1548.4
2022-06-06 06:00:00,1538.4
2022-06-06 07:00:00,1565.3
2022-06-06 08:00:00,1613.6
2022-06-06 09:00:00,1671.1
2022-06-06 10:00:00,1663.7
2022-06-06 11:00:00,1668.8
2022-06-06 12:00:00,1680.9
2022-06-06 13:00:00,1641.6
2022-06-06 14:00:00,1674.7
2022-06-06 15:00:00,1583.1
2022-06-06 16:00:00,1590.1
2022-06-06 17:00:00,1587.7
2022-06-06 18:00:00,1532.8
2022-06-06 19:00:00,1500.2
2022-06-06 20:00:00,1441.8
2022-06-06 21:00:00,1445.2
2022-06-06 22:00:00,1411.4
2022-06-06 23:00:00,1379.4
2022-06-07 00:00:00,1385.9
2022-06-07 01:00:00,1382.9
2022-06-07 02:00:00,1359.4
2022-06-07 03:00:00,1353.2
2022-06-07 04:00:00,1434.3
2022-06-07 05:00:00,1471.3
2022-06-07 06:00:00,1523.4
2022-06-07 07:00:00,1498.4
2022-06-07 08:00:00,1532.5
2022-06-07 09:00:00,1601.5
2022-06-07 10:00:00,1606.3
2022-06-07 11:00:00,1563.8
2022-06-07 12:00:00,1633.7
2022-06-07 13:00:00,1558.7
2022-06-07 14:00:00,1567.8
2022-06-07 15:00:00,1609.9
2022-06-07 16:00:00,1589.9
2022-06-07 17:00:00,1459.5
2022-06-07 18:00:00,1444.3
2022-06-07 19:00:00,1413.6
2022-06-07 20:00:00,1426.7
2022-06-07 21:00:00,1324.4
2022-06-07 22:00:00,1298.2
2022-06-07 23:00:00,1341.1
2022-06-08 00:00:00,1275.5
2022-06-08 01:00:00,1310.8
2022-06-08 02:00:00,1257.1
2022-06-08 03:00:00,1317.5
2022-06-08 04:00:00,1301.3
2022-06-08 05:00:00,1353.1
2022-06-08 06:00:00,1446.3
2022-06-08 07:00:00,1456.0
2022-06-08 08:00:00,1481.8
2022-06-08 09:00:00,1497.8
2022-06-08 10:00:00,1535.3
2022-06-08 11:00:00,1563.9
2022-06-08 12:00:00,1587.4
2022-06-08 13:00:00,1472.2
2022-06-08 14:00:00,1509.2
2022-06-08 15:00:00,1513.4
2022-06-08 16:00:00,1472.9
2022-06-08 17:00:00,1450.3
2022-06-08 18:00:00,1406.0
2022-06-08 19:00:00,1348.6
2022-06-08 20:00:00,1304.6
2022-06-08 21:00:00,1280.8
2022-06-08 22:00:00,1297.8
2022-06-08 23:00:00,1225.5
2022-06-09 00:00:00,1239.6
2022-06-09 01:00:00,1251.4
2022-06-09 02:00:00,1307.2
2022-06-09 03:00:00,1274.7
2022-06-09 04:00:00,1343.2
2022-06-09 05:00:00,1387.3
2022-06-09 06:00:00,1387.1
2022-06-09 07:00:00,1421.5
2022-06-09 08:00:00,1454.2
2022-06-09 09:00:00,1487.7
2022-06-09 10:00:00,1545.1
2022-06-09 11:00:00,1541.8
2022-06-09 12:00:00,1547.6
2022-06-09 13:00:00,1502.3
2022-06-09 14:00:00,1492.8
2022-06-09 15:00:00,1563.1
2022-06-09 16:00:00,1463.4
2022-06-09 17:00:00,1410.4
2022-06-09 18:00:00,1438.9
2022-06-09 19:00:00,1366.9
2022-06-09 20:00:00,1340.9
2022-06-09 21:00:00,1289.8
2022-06-09 22:00:00,1262.1
2022-06-09 23:00:00,1253.3
2022-06-10 00:00:00,1213.5
2022-06-10 01:00:00,1259.3
2022-06-10 02:00:00,1287.7
2022-06-10 03:00:00,1360.2
2022-06-10 04:00:00,1340.4
2022-06-10 05:00:00,1306.1
2022-06-10 06:00:00,1414.3
2022-06-10 07:00:00,1540.5
2022-06-10 08:00:00,1522.8
2022-06-10 09:00:00,1506.0
2022-06-10 10:00:00,1574.3
2022-06-10 11:00:00,1551.9
2022-06-10 12:00:00,1541.2
2022-06-10 13:00:00,1568.9
2022-06-10 14:00:00,1569.8
2022-06-10 15:00:00,1489.8
2022-06-10 16:00:00,1483.2
2022-06-10 17:00:00,1484.6
2022-06-10 18:00:00,1436.0
2022-06-10 19:00:00,1424.1
2022-06-10 20:00:00,1342.5
2022-06-10 21:00:00,1372.2
2022-06-10 22:00:00,1294.3
2022-06-10 23:00:00,1367.0
2022-06-11 00:00:00,1264.1
2022-06-11 01:00:00,1290.8
2022-06-11 02:00:00,1354.0
2022-06-11 03:00:00,1418.1
2022-06-11 04:00:00,1411.6
2022-06-11 05:00:00,1458.1
2022-06-11 06:00:00,1483.4
2022-06-11 07:00:00,1493.7
2022-06-11 08:00:00,1548.7
2022-06-11 09:00:00,1560.9
2022-06-11 10:00:00,1585.5
2022-06-11 11:00:00,1653.6
2022-06-11 12:00:00,1615.6
2022-06-11 13:00:00,1656.3
2022-06-11 14:00:00,1595.2
2022-06-11 15:00:00,1621.8
2022-06-11 16:00:00,1569.6
2022-06-11 17:00:00,1592.6
2022-06-11 18:00:00,1523.6
2022-06-11 19:00:00,1514.4
2022-06-11 20:00:00,1420.6
2022-06-11 21:00:00,1416.0
2022-06-11 22:00:00,1363.0
2022-06-11 23:00:00,1366.9
2022-06-12 00:00:00,1368.2
2022-06-12 01:00:00,1361.1
2022-06-12 02:00:00,1363.1
2022-06-12 03:00:00,1382.5
2022-06-12 04:00:00,1387.3
2022-06-12 05:00:00,1463.3
2022-06-12 06:00:00,1553.9
2022-06-12 07:00:00,1527.1
2022-06-12 08:00:00,1571.3
2022-06-12 09:00:00,1698.1
2022-06-12 10:00:00,1649.9
2022-06-12 11:00:00,1694.4
2022-06-12 12:00:00,1709.8
2022-06-12 13:00:00,1705.8
2022-06-12 14:00:00,1625.7
2022-06-12 15:00:00,1640.9
2022-06-12 16:00:00,1568.4
2022-06-12 17:00:00,1654.2
2022-06-12 18:00:00,1494.1
2022-06-12 19:00:00,1471.6
2022-06-12 20:00:00,1435.4
2022-06-12 21:00:00,1390.3
2022-06-12 22:00:00,1451.4
2022-06-12 23:00:00,1468.0
2022-06-13 00:00:00,1375.2
2022-06-13 01:00:00,1354.2
2022-06-13 02:00:00,1340.7
2022-06-13 03:00:00,1423.3
2022-06-13 04:00:00,1451.1
2022-06-13 05:00:00,1476.0
2022-06-13 06:00:00,1539.7
2022-06-13 07:00:00,1582.3
2022-06-13 08:00:00,1614.8
2022-06-13 09:00:00,1625.0
2022-06-13 10:00:00,1623.6
2022-06-13 11:00:00,1689.8
2022-06-13 12:00:00,1673.4
2022-06-13 13:00:00,1692.5
2022-06-13 14:00:00,1672.5
2022-06-13 15:00:00,1580.2
2022-06-13 16:00:00,1546.5
2022-06-13 17:00:00,1528.4
2022-06-13 18:00:00,1478.1
2022-06-13 19:00:00,1491.2
2022-06-13 20:00:00,1440.4
2022-06-13 21:00:00,1429.2
2022-06-13 22:00:00,1381.6
2022-06-13 23:00:00,1358.3
2022-06-14 00:00:00,1380.1
2022-06-14 01:00:00,1360.5
2022-06-14 02:00:00,1360.6
2022-06-14 03:00:00,1423.9
2022-06-14 04:00:00,1411.1
2022-06-14 05:00:00,1431.7
2022-06-14 06:00:00,1451.6
2022-06-14 07:00:00,1533.6
2022-06-14 08:00:00,1582.8
2022-06-14 09:00:00,1572.1
2022-06-14 10:00:00,1633.7
2022-06-14 11:00:00,1547.3
2022-06-14 12:00:00,1606.7
2022-06-14 13:00:00,1599.0
2022-06-14 14:00:00,1560.3
2022-06-14 15:00:00,1626.7
2022-06-14 16:00:00,1519.1
2022-06-14 17:00:00,1469.7
2022-06-14 18:00:00,1440.8
2022-06-14 19:00:00,1338.2
2022-06-14 20:00:00,1336.3
2022-06-14 21:00:00,1354.6
2022-06-14 22:00:00,1279.5
2022-06-14 23:00:00,1255.7
2022-06-15 00:00:00,1311.9
2022-06-15 01:00:00,1315.2
2022-06-15 02:00:00,1302.8
2022-06-15 03:00:00,1294.8
2022-06-15 04:00:00,1329.7
2022-06-15 05:00:00,1346.5
2022-06-15 06:00:00,1377.1
2022-06-15 07:00:00,1412.0
2022-06-15 08:00:00,1458.7
2022-06-15 09:00:00,1475.0
2022-06-15 10:00:00,1480.8
2022-06-15 11:00:00,1547.2
2022-06-15 12:00:00,1550.8
2022-06-15 13:00:00,1587.8
2022-06-15 14:00:00,1499.9
2022-06-15 15:00:00,1503.2
2022-06-15 16:00:00,1471.0
2022-06-15 17:00:00,1416.3
2022-06-15 18:00:00,1406.0
2022-06-15 19:00:00,1366.8
2022-06-15 20:00:00,1315.9
2022-06-15 21:00:00,1266.3
2022-06-15 22:00:00,1238.3
2022-06-15 23:00:00,1192.1
2022-06-16 00:00:00,1203.1
2022-06-16 01:00:00,1213.0
2022-06-16 02:00:00,1212.3
2022-06-16 03:00:00,1282.6
2022-06-16 04:00:00,1336.0
2022-06-16 05:00:00,1308.8
2022-06-16 06:00:00,1383.2
2022-06-16 07:00:00,1382.5
2022-06-16 08:00:00,1440.6
2022-06-16 09:00:00,1460.3
2022-06-16 10:00:00,1523.2
2022-06-16 11:00:00,1500.2
2022-06-16 12:00:00,1556.5
2022-06-16 13:00:00,1514.3
2022-06-16 14:00:00,1488.0
2022-06-16 15:00:00,1446.9
2022-06-16 16:00:00,1462.0
2022-06-16 17:00:00,1446.1
2022-06-16 18:00:00,1389.8
2022-06-16 19:00:00,1411.2
2022-06-16 20:00:00,1352.1
2022-06-16 21:00:00,1270.4
2022-06-16 22:00:00,1247.8
2022-06-16 23:00:00,1258.1
2022-06-17 00:00:00,1215.4
2022-06-17 01:00:00,1282.5
2022-06-17 02:00:00,1275.3
2022-06-17 03:00:00,1297.9
2022-06-17 04:00:00,1344.0
2022-06-17 05:00:00,1413.4
2022-06-17 06:00:00,1407.9
2022-06-17 07:00:00,1440.4
2022-06-17 08:00:00,1527.6
2022-06-17 09:00:00,1544.9
2022-06-17 10:00:00,1532.5
2022-06-17 11:00:00,1559.8
2022-06-17 12:00:00,1573.2
2022-06-17 13:00:00,1575.7
2022-06-17 14:00:00,1511.9
2022-06-17 15:00:00,1485.2
2022-06-17 16:00:00,1476.5
2022-06-17 17:00:00,1440.8
2022-06-17 18:00:00,1414.4
2022-06-17 19:00:00,1416.8
2022-06-17 20:00:00,1359.4
2022-06-17 21:00:00,1342.1
2022-06-17 22:00:00,1278.6
2022-06-17 23:00:00,1289.4
2022-06-18 00:00:00,1318.6
2022-06-18 01:00:00,1326.9
2022-06-18 02:00:00,1305.2
2022-06-18 03:00:00,1358.5
2022-06-18 04:00:00,1453.5
2022-06-18 05:00:00,1426.1
2022-06-18 06:00:00,1447.5
2022-06-18 07:00:00,1504.7
2022-06-18 08:00:00,1551.6
2022-06-18 09:00:00,1578.2
2022-06-18 10:00:00,1608.3
2022-06-18 11:00:00,1583.6
2022-06-18 12:00:00,1605.8
2022-06-18 13:00:00,1627.6
2022-06-18 14:00:00,1614.7
2022-06-18 15:00:00,1581.3
2022-06-18 16:00:00,1564.3
2022-06-18 17:00:00,1537.6
2022-06-18 18:00:00,1526.0
2022-06-18 19:00:00,1459.7
2022-06-18 20:00:00,1440.6
2022-06-18 21:00:00,1383.4
2022-06-18 22:00:00,1394.9
2022-06-18 23:00:00,1376.0
2022-06-19 00:00:00,1387.4
2022-06-19 01:00:00,1389.7
2022-06-19 02:00:00,1402.5
2022-06-19 03:00:00,1407.3
2022-06-19 04:00:00,1450.1
2022-06-19 05:00:00,1512.2
2022-06-19 06:00:00,1500.8
2022-06-19 07:00:00,1541.5
2022-06-19 08:00:00,1603.1
2022-06-19 09:00:00,1642.1
2022-06-19 10:00:00,1629.6
2022-06-19 11:00:00,1667.8
2022-06-19 12:00:00,1673.0
2022-06-19 13:00:00,1604.7
2022-06-19 14:00:00,1650.0
2022-06-19 15:00:00,1628.4
2022-06-19 16:00:00,1597.4
2022-06-19 17:00:00,1608.6
2022-06-19 18:00:00,1490.8
2022-06-19 19:00:00,1463.5
2022-06-19 20:00:00,1373.5
2022-06-19 21:00:00,1406.0
2022-06-19 22:00:00,1384.2
2022-06-19 23:00:00,1365.2
2022-06-20 00:00:00,1407.9
2022-06-20 01:00:00,1404.8
2022-06-20 02:00:00,1395.4
2022-06-20 03:00:00,1404.8
2022-06-20 04:00:00,1476.6
2022-06-20 05:00:00,1480.2
2022-06-20 06:00:00,1493.7
2022-06-20 07:00:00,1504.1
2022-06-20 08:00:00,1577.0
2022-06-20 09:00:00,1642.3
2022-06-20 10:00:00,1710.1
2022-06-20 11:00:00,1656.8
2022-06-20 12:00:00,1635.2
2022-06-20 13:00:00,1615.5
2022-06-20 14:00:00,1650.5
2022-06-20 15:00:00,1555.0
2022-06-20 16:00:00,1591.2
2022-06-20 17:00:00,1560.7
2022-06-20 18:00:00,1508.0
2022-06-20 19:00:00,1447.1
2022-06-20 20:00:00,1431.9
2022-06-20 21:00:00,1386.4
2022-06-20 22:00:00,1331.5
2022-06-20 23:00:00,1392.6
2022-06-21 00:00:00,1318.7
2022-06-21 01:00:00,1354.8
2022-06-21 02:00:00,1271.1
2022-06-21 03:00:00,1402.9
2022-06-21 04:00:00,1436.8
2022-06-21 05:00:00,1426.9
2022-06-21 06:00:00,1478.6
2022-06-21 07:00:00,1514.4
2022-06-21 08:00:00,1511.4
2022-06-21 09:00:00,1575.2
2022-06-21 10:00:00,1555.3
2022-06-21 11:00:00,1573.2
2022-06-21 12:00:00,1627.3
2022-06-21 13:00:00,1614.5
2022-06-21 14:00:00,1546.0
2022-06-21 15:00:00,1518.3
2022-06-21 16:00:00,1486.8
2022-06-21 17:00:00,1488.9
2022-06-21 18:00:00,1395.1
2022-06-21 19:00:00,1394.0
2022-06-21 20:00:00,1366.5
2022-06-21 21:00:00,1307.5
2022-06-21 22:00:00,1313.7
2022-06-21 23:00:00,1256.4
2022-06-22 00:00:00,1251.2
2022-06-22 01:00:00,1230.7
2022-06-22 02:00:00,1302.8
2022-06-22 03:00:00,1270.5
2022-06-22 04:00:00,1332.4
2022-06-22 05:00:00,1353.4
2022-06-22 06:00:00,1360.3
2022-06-22 07:00:00,1410.1
2022-06-22 08:00:00,1503.7
2022-06-22 09:00:00,1497.1
2022-06-22 10:00:00,1482.4
2022-06-22 11:00:00,1534.8
2022-06-22 12:00:00,1524.3
2022-06-22 13:00:00,1625.3
2022-06-22 14:00:00,1513.4
2022-06-22 15:00:00,1467.9
2022-06-22 16:00:00,1489.2
2022-06-22 17:00:00,1353.7
2022-06-22 18:00:00,1371.5
2022-06-22 19:00:00,1388.3
2022-06-22 20:00:00,1287.6
2022-06-22 21:00:00,1206.9
2022-06-22 22:00:00,1222.1
2022-06-22 23:00:00,1261.7
2022-06-23 00:00:00,1223.4
2022-06-23 01:00:00,1191.4
2022-06-23 02:00:00,1210.4
2022-06-23 03:00:00,1237.5
2022-06-23 04:00:00,1295.9
2022-06-23 05:00:00,1361.1
2022-06-23 06:00:00,1391.2
2022-06-23 07:00:00,1412.1
2022-06-23 08:00:00,1394.7
2022-06-23 09:00:00,1426.1
2022-06-23 10:00:00,1506.0
2022-06-23 11:00:00,1465.1
2022-06-23 12:00:00,1504.3
2022-06-23 13:00:00,1515.7
2022-06-23 14:00:00,1458.2
2022-06-23 15:00:00,1438.6
2022-06-23 16:00:00,1436.4
2022-06-23 17:00:00,1419.2
2022-06-23 18:00:00,1398.3
2022-06-23 19:00:00,1347.1
2022-06-23 20:00:00,1296.3
2022-06-23 21:00:00,1242.0
2022-06-23 22:00:00,1210.0
2022-06-23 23:00:00,1213.5
2022-06-24 00:00:00,1237.7
2022-06-24 01:00:00,1242.4
2022-06-24 02:00:00,1186.2
2022-06-24 03:00:00,1251.5
2022-06-24 04:00:00,1344.3
2022-06-24 05:00:00,1348.9
2022-06-24 06:00:00,1345.0
2022-06-24 07:00:00,1499.3
2022-06-24 08:00:00,1466.3
2022-06-24 09:00:00,1512.2
2022-06-24 10:00:00,1538.9
2022-06-24 11:00:00,1533.4
2022-06-24 12:00:00,1530.3
2022-06-24 13:00:00,1613.3
2022-06-24 14:00:00,1567.4
2022-06-24 15:00:00,1540.9
2022-06-24 16:00:00,1505.2
2022-06-24 17:00:00,1424.4
2022-06-24 18:00:00,1456.8
2022-06-24 19:00:00,1357.2
2022-06-24 20:00:00,1357.7
2022-06-24 21:00:00,1271.8
2022-06-24 22:00:00,1238.8
2022-06-24 23:00:00,1297.5
2022-06-25 00:00:00,1261.5
2022-06-25 01:00:00,1234.1
2022-06-25 02:00:00,1327.9
2022-06-25 03:00:00,1402.0
2022-06-25 04:00:00,1414.0
2022-06-25 05:00:00,1403.6
2022-06-25 06:00:00,1453.3
2022-06-25 07:00:00,1521.3
2022-06-25 08:00:00,1567.3
2022-06-25 09:00:00,1557.1
2022-06-25 10:00:00,1595.0
2022-06-25 11:00:00,1620.6
2022-06-25 12:00:00,1636.0
2022-06-25 13:00:00,1612.8
2022-06-25 14:00:00,1600.8
2022-06-25 15:00:00,1624.4
2022-06-25 16:00:00,1590.6
2022-06-25 17:00:00,1534.8
2022-06-25 18:00:00,1535.5
2022-06-25 19:00:00,1435.8
2022-06-25 20:00:00,1462.0
2022-06-25 21:00:00,1400.6
2022-06-25 22:00:00,1460.6
2022-06-25 23:00:00,1313.6
2022-06-26 00:00:00,1325.4
2022-06-26 01:00:00,1365.5
2022-06-26 02:00:00,1381.5
2022-06-26 03:00:00,1453.4
2022-06-26 04:00:00,1407.4
2022-06-26 05:00:00,1492.1
2022-06-26 06:00:00,1539.9
2022-06-26 07:00:00,1566.2
2022-06-26 08:00:00,1553.4
2022-06-26 09:00:00,1656.5
2022-06-26 10:00:00,1675.8
2022-06-26 11:00:00,1672.7
2022-06-26 12:00:00,1666.5
2022-06-26 13:00:00,1662.6
2022-06-26 14:00:00,1638.9
2022-06-26 15:00:00,1636.9
2022-06-26 16:00:00,1587.8
2022-06-26 17:00:00,1525.3
2022-06-26 18:00:00,1480.4
2022-06-26 19:00:00,1450.3
2022-06-26 20:00:00,1443.1
2022-06-26 21:00:00,1404.2
2022-06-26 22:00:00,1387.2
2022-06-26 23:00:00,1380.1
2022-06-27 00:00:00,1340.5
2022-06-27 01:00:00,1407.6
2022-06-27 02:00:00,1369.6
2022-06-27 03:00:00,1387.5
2022-06-27 04:00:00,1444.9
2022-06-27 05:00:00,1410.3
2022-06-27 06:00:00,1479.1
2022-06-27 07:00:00,1569.6
2022-06-27 08:00:00,1522.7
2022-06-27 09:00:00,1637.8
2022-06-27 10:00:00,1671.7
2022-06-27 11:00:00,1628.5
2022-06-27 12:00:00,1651.5
2022-06-27 13:00:00,1669.2
2022-06-27 14:00:00,1604.6
2022-06-27 15:00:00,1618.6
2022-06-27 16:00:00,1539.1
2022-06-27 17:00:00,1506.4
2022-06-27 18:00:00,1455.5
2022-06-27 19:00:00,1448.5
2022-06-27 20:00:00,1434.3
2022-06-27 21:00:00,1360.3
2022-06-27 22:00:00,1301.2
2022-06-27 23:00:00,1289.2
2022-06-28 00:00:00,1325.6
2022-06-28 01:00:00,1371.4
2022-06-28 02:00:00,1340.0
2022-06-28 03:00:00,1337.5
2022-06-28 04:00:00,1400.3
2022-06-28 05:00:00,1403.3
2022-06-28 06:00:00,1435.0
2022-06-28 07:00:00,1453.4
2022-06-28 08:00:00,1557.5
2022-06-28 09:00:00,1467.1
2022-06-28 10:00:00,1588.0
2022-06-28 11:00:00,1562.0
2022-06-28 12:00:00,1565.7
2022-06-28 13:00:00,1620.5
2022-06-28 14:00:00,1530.3
2022-06-28 15:00:00,1504.4
2022-06-28 16:00:00,1486.8
2022-06-28 17:00:00,1463.9
2022-06-28 18:00:00,1396.3
2022-06-28 19:00:00,1320.6
2022-06-28 20:00:00,1302.7
2022-06-28 21:00:00,1333.1
2022-06-28 22:00:00,1270.1
2022-06-28 23:00:00,1263.6
2022-06-29 00:00:00,1234.3
2022-06-29 01:00:00,1224.7
2022-06-29 02:00:00,1307.1
2022-06-29 03:00:00,1272.3
2022-06-29 04:00:00,1293.1
2022-06-29 05:00:00,1372.9
2022-06-29 06:00:00,1354.7
2022-06-29 07:00:00,1395.0
2022-06-29 08:00:00,1447.0
2022-06-29 09:00:00,1475.5
2022-06-29 10:00:00,1505.0
2022-06-29 11:00:00,1572.8
2022-06-29 12:00:00,1523.3
2022-06-29 13:00:00,1434.8
2022-06-29 14:00:00,1499.1
2022-06-29 15:00:00,1464.9
2022-06-29 16:00:00,1432.4
2022-06-29 17:00:00,1400.7
2022-06-29 18:00:00,1352.2
2022-06-29 19:00:00,1311.3
2022-06-29 20:00:00,1293.9
2022-06-29 21:00:00,1227.0
2022-06-29 22:00:00,1190.0
2022-06-29 23:00:00,1293.2
2022-06-30 00:00:00,1175.1
2022-06-30 01:00:00,1204.0
2022-06-30 02:00:00,1170.5
2022-06-30 03:00:00,1242.3
2022-06-30 04:00:00,1241.5
2022-06-30 05:00:00,1292.1
2022-06-30 06:00:00,1375.4
2022-06-30 07:00:00,1397.0
2022-06-30 08:00:00,1436.1
2022-06-30 09:00:00,1397.2
2022-06-30 10:00:00,1529.6
2022-06-30 11:00:00,1454.1
2022-06-30 12:00:00,1541.3
2022-06-30 13:00:00,1521.7
2022-06-30 14:00:00,1494.1
2022-06-30 15:00:00,1428.1
2022-06-30 16:00:00,1428.2
2022-06-30 17:00:00,1374.4
2022-06-30 18:00:00,1351.7
2022-06-30 19:00:00,1305.8
2022-06-30 20:00:00,1217.3
2022-06-30 21:00:00,1282.5
2022-06-30 22:00:00,1224.1
2022-06-30 23:00:00,1198.7
2022-07-01 00:00:00,1193.0
2022-07-01 01:00:00,1227.5
2022-07-01 02:00:00,1206.8
2022-07-01 03:00:00,1191.8
2022-07-01 04:00:00,1304.8
2022-07-01 05:00:00,1346.5
2022-07-01 06:00:00,1365.9
2022-07-01 07:00:00,1378.6
2022-07-01 08:00:00,1454.2
2022-07-01 09:00:00,1441.1
2022-07-01 10:00:00,1480.5
2022-07-01 11:00:00,1506.3
2022-07-01 12:00:00,1561.9
2022-07-01 13:00:00,1523.2
2022-07-01 14:00:00,1508.3
2022-07-01 15:00:00,1559.2
2022-07-01 16:00:00,1482.9
2022-07-01 17:00:00,1449.1
2022-07-01 18:00:00,1391.8
2022-07-01 19:00:00,1349.0
2022-07-01 20:00:00,1268.0
2022-07-01 21:00:00,1334.4
2022-07-01 22:00:00,1297.9
2022-07-01 23:00:00,1267.0
2022-07-02 00:00:00,1266.0
2022-07-02 01:00:00,1300.2
2022-07-02 02:00:00,1249.4
2022-07-02 03:00:00,1305.0
2022-07-02 04:00:00,1322.6
2022-07-02 05:00:00,1448.8
2022-07-02 06:00:00,1463.6
2022-07-02 07:00:00,1412.9
2022-07-02 08:00:00,1472.5
2022-07-02 09:00:00,1547.8
2022-07-02 10:00:00,1564.1
2022-07-02 11:00:00,1556.2
2022-07-02 12:00:00,1662.1
2022-07-02 13:00:00,1610.6
2022-07-02 14:00:00,1603.0
2022-07-02 15:00:00,1546.6
2022-07-02 16:00:00,1560.4
2022-07-02 17:00:00,1493.4
2022-07-02 18:00:00,1459.8
2022-07-02 19:00:00,1450.0
2022-07-02 20:00:00,1348.8
2022-07-02 21:00:00,1416.6
2022-07-02 22:00:00,1352.3
2022-07-02 23:00:00,1372.1
2022-07-03 00:00:00,1298.2
2022-07-03 01:00:00,1309.6
2022-07-03 02:00:00,1319.0
2022-07-03 03:00:00,1386.8
2022-07-03 04:00:00,1413.8
2022-07-03 05:00:00,1435.4
2022-07-03 06:00:00,1459.0
2022-07-03 07:00:00,1491.4
2022-07-03 08:00:00,1565.1
2022-07-03 09:00:00,1584.6
2022-07-03 10:00:00,1602.7
2022-07-03 11:00:00,1685.4
2022-07-03 12:00:00,1642.3
2022-07-03 13:00:00,1678.3
2022-07-03 14:00:00,1609.6
2022-07-03 15:00:00,1609.4
2022-07-03 16:00:00,1569.5
2022-07-03 17:00:00,1484.1
2022-07-03 18:00:00,1539.0
2022-07-03 19:00:00,1453.2
2022-07-03 20:00:00,1443.2
2022-07-03 21:00:00,1366.8
2022-07-03 22:00:00,1360.1
2022-07-03 23:00:00,1323.4
2022-07-04 00:00:00,1380.7
2022-07-04 01:00:00,1357.3
2022-07-04 02:00:00,1373.0
2022-07-04 03:00:00,1425.5
2022-07-04 04:00:00,1449.4
2022-07-04 05:00:00,1472.6
2022-07-04 06:00:00,1444.5
2022-07-04 07:00:00,1503.7
2022-07-04 08:00:00,1529.1
2022-07-04 09:00:00,1610.4
2022-07-04 10:00:00,1615.8
2022-07-04 11:00:00,1582.2
2022-07-04 12:00:00,1621.4
2022-07-04 13:00:00,1575.1
2022-07-04 14:00:00,1601.3
2022-07-04 15:00:00,1527.2
2022-07-04 16:00:00,1559.4
2022-07-04 17:00:00,1516.4
2022-07-04 18:00:00,1521.1
2022-07-04 19:00:00,1448.0
2022-07-04 20:00:00,1371.1
2022-07-04 21:00:00,1374.7
2022-07-04 22:00:00,1281.7
2022-07-04 23:00:00,1277.1
2022-07-05 00:00:00,1308.1
2022-07-05 01:00:00,1235.7
2022-07-05 02:00:00,1311.4
2022-07-05 03:00:00,1302.9
2022-07-05 04:00:00,1364.6
2022-07-05 05:00:00,1362.5
2022-07-05 06:00:00,1443.4
2022-07-05 07:00:00,1467.0
2022-07-05 08:00:00,1541.6
2022-07-05 09:00:00,1527.8
2022-07-05 10:00:00,1525.3
2022-07-05 11:00:00,1552.8
2022-07-05 12:00:00,1521.9
2022-07-05 13:00:00,1566.3
2022-07-05 14:00:00,1553.7
2022-07-05 15:00:00,1583.2
2022-07-05 16:00:00,1456.3
2022-07-05 17:00:00,1427.7
2022-07-05 18:00:00,1376.6
2022-07-05 19:00:00,1358.5
2022-07-05 20:00:00,1324.4
2022-07-05 21:00:00,1277.3
2022-07-05 22:00:00,1284.8
2022-07-05 23:00:00,1215.9
2022-07-06 00:00:00,1256.0
2022-07-06 01:00:00,1244.9
2022-07-06 02:00:00,1240.7
2022-07-06 03:00:00,1252.8
2022-07-06 04:00:00,1363.5
2022-07-06 05:00:00,1299.9
2022-07-06 06:00:00,1369.7
2022-07-06 07:00:00,1374.6
2022-07-06 08:00:00,1484.6
2022-07-06 09:00:00,1486.4
2022-07-06 10:00:00,1461.1
2022-07-06 11:00:00,1509.8
2022-07-06 12:00:00,1505.2
2022-07-06 13:00:00,1475.0
2022-07-06 14:00:00,1496.4
2022-07-06 15:00:00,1459.8
2022-07-06 16:00:00,1421.9
2022-07-06 17:00:00,1376.4
2022-07-06 18:00:00,1350.3
2022-07-06 19:00:00,1304.1
2022-07-06 20:00:00,1261.6
2022-07-06 21:00:00,1208.4
2022-07-06 22:00:00,1253.6
2022-07-06 23:00:00,1155.3
2022-07-07 00:00:00,1193.8
2022-07-07 01:00:00,1175.7
2022-07-07 02:00:00,1252.5
2022-07-07 03:00:00,1196.0
2022-07-07 04:00:00,1231.7
2022-07-07 05:00:00,1260.6
2022-07-07 06:00:00,1338.1
2022-07-07 07:00:00,1326.0
2022-07-07 08:00:00,1389.0
2022-07-07 09:00:00,1370.1
2022-07-07 10:00:00,1466.0
2022-07-07 11:00:00,1459.2
2022-07-07 12:00:00,1435.2
2022-07-07 13:00:00,1507.9
2022-07-07 14:00:00,1421.8
2022-07-07 15:00:00,1462.0
2022-07-07 16:00:00,1386.9
2022-07-07 17:00:00,1420.9
2022-07-07 18:00:00,1357.7
2022-07-07 19:00:00,1267.4
2022-07-07 20:00:00,1235.3
2022-07-07 21:00:00,1251.3
2022-07-07 22:00:00,1203.0
2022-07-07 23:00:00,1192.4
2022-07-08 00:00:00,1232.3
2022-07-08 01:00:00,1178.6
2022-07-08 02:00:00,1220.7
2022-07-08 03:00:00,1272.4
2022-07-08 04:00:00,1301.2
2022-07-08 05:00:00,1310.4
2022-07-08 06:00:00,1347.6
2022-07-08 07:00:00,1345.2
2022-07-08 08:00:00,1404.2
2022-07-08 09:00:00,1478.9
2022-07-08 10:00:00,1491.5
2022-07-08 11:00:00,1515.4
2022-07-08 12:00:00,1552.0
2022-07-08 13:00:00,1482.8
2022-07-08 14:00:00,1499.0
2022-07-08 15:00:00,1490.6
2022-07-08 16:00:00,1435.5
2022-07-08 17:00:00,1466.2
2022-07-08 18:00:00,1414.5
2022-07-08 19:00:00,1359.9
2022-07-08 20:00:00,1371.7
2022-07-08 21:00:00,1244.8
2022-07-08 22:00:00,1268.5
2022-07-08 23:00:00,1267.7
2022-07-09 00:00:00,1227.0
2022-07-09 01:00:00,1271.5
2022-07-09 02:00:00,1247.2
2022-07-09 03:00:00,1327.8
2022-07-09 04:00:00,1372.8
2022-07-09 05:00:00,1388.2
2022-07-09 06:00:00,1366.1
2022-07-09 07:00:00,1434.3
2022-07-09 08:00:00,1519.2
2022-07-09 09:00:00,1536.8
2022-07-09 10:00:00,1481.9
2022-07-09 11:00:00,1617.6
2022-07-09 12:00:00,1592.2
2022-07-09 13:00:00,1561.0
2022-07-09 14:00:00,1602.9
2022-07-09 15:00:00,1531.4
2022-07-09 16:00:00,1502.4
2022-07-09 17:00:00,1500.0
2022-07-09 18:00:00,1506.1
2022-07-09 19:00:00,1464.8
2022-07-09 20:00:00,1392.8
2022-07-09 21:00:00,1366.9
2022-07-09 22:00:00,1354.9
2022-07-09 23:00:00,1280.4
2022-07-10 00:00:00,1334.1
2022-07-10 01:00:00,1299.6
2022-07-10 02:00:00,1347.8
2022-07-10 03:00:00,1356.8
2022-07-10 04:00:00,1411.2
2022-07-10 05:00:00,1437.2
2022-07-10 06:00:00,1381.6
2022-07-10 07:00:00,1519.1
2022-07-10 08:00:00,1570.2
2022-07-10 09:00:00,1596.4
2022-07-10 10:00:00,1604.6
2022-07-10 11:00:00,1672.7
2022-07-10 12:00:00,1638.5
2022-07-10 13:00:00,1637.7
2022-07-10 14:00:00,1641.3
2022-07-10 15:00:00,1597.3
2022-07-10 16:00:00,1528.6
2022-07-10 17:00:00,1446.3
2022-07-10 18:00:00,1466.3
2022-07-10 19:00:00,1464.4
2022-07-10 20:00:00,1394.6
2022-07-10 21:00:00,1397.8
2022-07-10 22:00:00,1353.9
2022-07-10 23:00:00,1372.5
2022-07-11 00:00:00,1319.2
2022-07-11 01:00:00,1346.4
2022-07-11 02:00:00,1361.6
2022-07-11 03:00:00,1414.3
2022-07-11 04:00:00,1347.9
2022-07-11 05:00:00,1420.3
2022-07-11 06:00:00,1497.0
2022-07-11 07:00:00,1555.3
2022-07-11 08:00:00,1550.8
2022-07-11 09:00:00,1564.2
2022-07-11 10:00:00,1617.8
2022-07-11 11:00:00,1634.3
2022-07-11 12:00:00,1600.7
2022-07-11 13:00:00,1614.3
2022-07-11 14:00:00,1622.7
2022-07-11 15:00:00,1618.0
2022-07-11 16:00:00,1550.3
2022-07-11 17:00:00,1490.8
2022-07-11 18:00:00,1446.6
2022-07-11 19:00:00,1423.7
2022-07-11 20:00:00,1364.8
2022-07-11 21:00:00,1340.3
2022-07-11 22:00:00,1276.4
2022-07-11 23:00:00,1329.3
2022-07-12 00:00:00,1248.3
2022-07-12 01:00:00,1271.9
2022-07-12 02:00:00,1299.9
2022-07-12 03:00:00,1377.6
2022-07-12 04:00:00,1333.4
2022-07-12 05:00:00,1359.3
2022-07-12 06:00:00,1398.6
2022-07-12 07:00:00,1500.7
2022-07-12 08:00:00,1399.7
2022-07-12 09:00:00,1482.0
2022-07-12 10:00:00,1614.7
2022-07-12 11:00:00,1562.4
2022-07-12 12:00:00,1513.6
2022-07-12 13:00:00,1537.3
2022-07-12 14:00:00,1522.5
2022-07-12 15:00:00,1519.0
2022-07-12 16:00:00,1514.6
2022-07-12 17:00:00,1431.9
2022-07-12 18:00:00,1362.2
2022-07-12 19:00:00,1360.2
2022-07-12 20:00:00,1276.5
2022-07-12 21:00:00,1232.4
2022-07-12 22:00:00,1183.9
2022-07-12 23:00:00,1171.9
2022-07-13 00:00:00,1184.0
2022-07-13 01:00:00,1178.0
2022-07-13 02:00:00,1235.0
2022-07-13 03:00:00,1210.8
2022-07-13 04:00:00,1180.9
2022-07-13 05:00:00,1277.5
2022-07-13 06:00:00,1331.1
2022-07-13 07:00:00,1363.5
2022-07-13 08:00:00,1461.1
2022-07-13 09:00:00,1425.9
2022-07-13 10:00:00,1492.4
2022-07-13 11:00:00,1478.3
2022-07-13 12:00:00,1480.7
2022-07-13 13:00:00,1449.9
2022-07-13 14:00:00,1456.4
2022-07-13 15:00:00,1409.7
2022-07-13 16:00:00,1405.0
2022-07-13 17:00:00,1355.1
2022-07-13 18:00:00,1293.6
2022-07-13 19:00:00,1311.5
2022-07-13 20:00:00,1257.2
2022-07-13 21:00:00,1198.7
2022-07-13 22:00:00,1191.7
2022-07-13 23:00:00,1168.9
2022-07-14 00:00:00,1139.4
2022-07-14 01:00:00,1172.0
2022-07-14 02:00:00,1165.6
2022-07-14 03:00:00,1179.3
2022-07-14 04:00:00,1189.6
2022-07-14 05:00:00,1263.5
2022-07-14 06:00:00,1329.9
2022-07-14 07:00:00,1330.9
2022-07-14 08:00:00,1463.6
2022-07-14 09:00:00,1445.8
2022-07-14 10:00:00,1482.5
2022-07-14 11:00:00,1482.6
2022-07-14 12:00:00,1520.0
2022-07-14 13:00:00,1436.3
2022-07-14 14:00:00,1368.8
2022-07-14 15:00:00,1409.3
2022-07-14 16:00:00,1409.3
2022-07-14 17:00:00,1362.0
2022-07-14 18:00:00,1328.0
2022-07-14 19:00:00,1321.8
2022-07-14 20:00:00,1258.8
2022-07-14 21:00:00,1241.7
2022-07-14 22:00:00,1167.3
2022-07-14 23:00:00,1149.3
2022-07-15 00:00:00,1227.2
2022-07-15 01:00:00,1188.7
2022-07-15 02:00:00,1183.9
2022-07-15 03:00:00,1209.7
2022-07-15 04:00:00,1242.0
2022-07-15 05:00:00,1278.6
2022-07-15 06:00:00,1302.4
2022-07-15 07:00:00,1337.0
2022-07-15 08:00:00,1414.7
2022-07-15 09:00:00,1436.2
2022-07-15 10:00:00,1513.5
2022-07-15 11:00:00,1506.6
2022-07-15 12:00:00,1513.5
2022-07-15 13:00:00,1480.7
2022-07-15 14:00:00,1487.1
2022-07-15 15:00:00,1480.4
2022-07-15 16:00:00,1462.8
2022-07-15 17:00:00,1405.1
2022-07-15 18:00:00,1404.2
2022-07-15 19:00:00,1336.1
2022-07-15 20:00:00,1326.4
2022-07-15 21:00:00,1259.7
2022-07-15 22:00:00,1199.1
2022-07-15 23:00:00,1249.4
2022-07-16 00:00:00,1260.9
2022-07-16 01:00:00,1264.4
2022-07-16 02:00:00,1277.7
2022-07-16 03:00:00,1281.3
2022-07-16 04:00:00,1301.5
2022-07-16 05:00:00,1381.3
2022-07-16 06:00:00,1419.2
2022-07-16 07:00:00,1431.2
2022-07-16 08:00:00,1520.3
2022-07-16 09:00:00,1494.3
2022-07-16 10:00:00,1529.9
2022-07-16 11:00:00,1614.1
2022-07-16 12:00:00,1598.8
2022-07-16 13:00:00,1559.5
2022-07-16 14:00:00,1566.4
2022-07-16 15:00:00,1541.1
2022-07-16 16:00:00,1425.4
2022-07-16 17:00:00,1446.8
2022-07-16 18:00:00,1435.9
2022-07-16 19:00:00,1390.1
2022-07-16 20:00:00,1374.2
2022-07-16 21:00:00,1371.6
2022-07-16 22:00:00,1306.3
2022-07-16 23:00:00,1271.1
2022-07-17 00:00:00,1309.3
2022-07-17 01:00:00,1296.6
2022-07-17 02:00:00,1318.3
2022-07-17 03:00:00,1339.6
2022-07-17 04:00:00,1448.2
2022-07-17 05:00:00,1351.2
2022-07-17 06:00:00,1446.9
2022-07-17 07:00:00,1498.4
2022-07-17 08:00:00,1512.3
2022-07-17 09:00:00,1594.8
2022-07-17 10:00:00,1616.9
2022-07-17 11:00:00,1606.7
2022-07-17 12:00:00,1605.8
2022-07-17 13:00:00,1606.0
2022-07-17 14:00:00,1591.6
2022-07-17 15:00:00,1568.9
2022-07-17 16:00:00,1534.7
2022-07-17 17:00:00,1511.8
2022-07-17 18:00:00,1488.0
2022-07-17 19:00:00,1389.5
2022-07-17 20:00:00,1358.5
2022-07-17 21:00:00,1306.1
2022-07-17 22:00:00,1360.2
2022-07-17 23:00:00,1326.2
2022-07-18 00:00:00,1328.0
2022-07-18 01:00:00,1274.3
2022-07-18 02:00:00,1384.8
2022-07-18 03:00:00,1335.8
2022-07-18 04:00:00,1389.0
2022-07-18 05:00:00,1444.6
2022-07-18 06:00:00,1426.8
2022-07-18 07:00:00,1477.4
2022-07-18 08:00:00,1533.8
2022-07-18 09:00:00,1643.6
2022-07-18 10:00:00,1589.0
2022-07-18 11:00:00,1641.3
2022-07-18 12:00:00,1632.5
2022-07-18 13:00:00,1600.3
2022-07-18 14:00:00,1542.5
2022-07-18 15:00:00,1578.0
2022-07-18 16:00:00,1467.9
2022-07-18 17:00:00,1522.4
2022-07-18 18:00:00,1439.2
2022-07-18 19:00:00,1312.4
2022-07-18 20:00:00,1343.0
2022-07-18 21:00:00,1339.1
2022-07-18 22:00:00,1285.9
2022-07-18 23:00:00,1296.8
2022-07-19 00:00:00,1242.0
2022-07-19 01:00:00,1230.6
2022-07-19 02:00:00,1279.8
2022-07-19 03:00:00,1303.8
2022-07-19 04:00:00,1320.5
2022-07-19 05:00:00,1401.0
2022-07-19 06:00:00,1374.5
2022-07-19 07:00:00,1445.2
2022-07-19 08:00:00,1471.0
2022-07-19 09:00:00,1450.3
2022-07-19 10:00:00,1478.2
2022-07-19 11:00:00,1530.0
2022-07-19 12:00:00,1591.1
2022-07-19 13:00:00,1540.9
2022-07-19 14:00:00,1453.7
2022-07-19 15:00:00,1385.2
2022-07-19 16:00:00,1466.4
2022-07-19 17:00:00,1402.3
2022-07-19 18:00:00,1397.6
2022-07-19 19:00:00,1295.1
2022-07-19 20:00:00,1292.9
2022-07-19 21:00:00,1273.8
2022-07-19 22:00:00,1208.3
2022-07-19 23:00:00,1191.1
2022-07-20 00:00:00,1196.7
2022-07-20 01:00:00,1214.6
2022-07-20 02:00:00,1210.1
2022-07-20 03:00:00,1261.0
2022-07-20 04:00:00,1246.4
2022-07-20 05:00:00,1254.0
2022-07-20 06:00:00,1389.6
2022-07-20 07:00:00,1348.6
2022-07-20 08:00:00,1383.5
2022-07-20 09:00:00,1427.4
2022-07-20 10:00:00,1453.1
2022-07-20 11:00:00,1452.4
2022-07-20 12:00:00,1466.5
2022-07-20 13:00:00,1458.9
2022-07-20 14:00:00,1448.5
2022-07-20 15:00:00,1347.0
2022-07-20 16:00:00,1441.4
2022-07-20 17:00:00,1342.9
2022-07-20 18:00:00,1324.4
2022-07-20 19:00:00,1225.5
2022-07-20 20:00:00,1215.3
2022-07-20 21:00:00,1177.1
2022-07-20 22:00:00,1216.5
2022-07-20 23:00:00,1138.9
2022-07-21 00:00:00,1173.3
2022-07-21 01:00:00,1135.5
2022-07-21 02:00:00,1155.8
2022-07-21 03:00:00,1185.4
2022-07-21 04:00:00,1262.0
2022-07-21 05:00:00,1202.7
2022-07-21 06:00:00,1258.6
2022-07-21 07:00:00,1278.4
2022-07-21 08:00:00,1340.5
2022-07-21 09:00:00,1380.0
2022-07-21 10:00:00,1380.1
2022-07-21 11:00:00,1421.9
2022-07-21 12:00:00,1389.1
2022-07-21 13:00:00,1414.5
2022-07-21 14:00:00,1466.8
2022-07-21 15:00:00,1420.0
2022-07-21 16:00:00,1383.4
2022-07-21 17:00:00,1312.5
2022-07-21 18:00:00,1258.9
2022-07-21 19:00:00,1233.2
2022-07-21 20:00:00,1231.3
2022-07-21 21:00:00,1229.0
2022-07-21 22:00:00,1207.8
2022-07-21 23:00:00,1186.3
2022-07-22 00:00:00,1141.8
2022-07-22 01:00:00,1171.6
2022-07-22 02:00:00,1178.2
2022-07-22 03:00:00,1207.6
2022-07-22 04:00:00,1307.9
2022-07-22 05:00:00,1232.2
2022-07-22 06:00:00,1319.1
2022-07-22 07:00:00,1403.6
2022-07-22 08:00:00,1361.8
2022-07-22 09:00:00,1419.9
2022-07-22 10:00:00,1449.7
2022-07-22 11:00:00,1476.4
2022-07-22 12:00:00,1442.9
2022-07-22 13:00:00,1506.2
2022-07-22 14:00:00,1496.0
2022-07-22 15:00:00,1470.1
2022-07-22 16:00:00,1400.5
2022-07-22 17:00:00,1395.8
2022-07-22 18:00:00,1330.2
2022-07-22 19:00:00,1311.2
2022-07-22 20:00:00,1352.5
2022-07-22 21:00:00,1262.6
2022-07-22 22:00:00,1203.1
2022-07-22 23:00:00,1232.1
2022-07-23 00:00:00,1183.9
2022-07-23 01:00:00,1196.5
2022-07-23 02:00:00,1219.1
2022-07-23 03:00:00,1263.8
2022-07-23 04:00:00,1339.2
2022-07-23 05:00:00,1367.5
2022-07-23 06:00:00,1407.5
2022-07-23 07:00:00,1400.4
2022-07-23 08:00:00,1456.1
2022-07-23 09:00:00,1514.4
2022-07-23 10:00:00,1513.9
2022-07-23 11:00:00,1542.1
2022-07-23 12:00:00,1571.4
2022-07-23 13:00:00,1545.2
2022-07-23 14:00:00,1550.0
2022-07-23 15:00:00,1569.6
2022-07-23 16:00:00,1488.0
2022-07-23 17:00:00,1494.8
2022-07-23 18:00:00,1439.6
2022-07-23 19:00:00,1342.2
2022-07-23 20:00:00,1319.1
2022-07-23 21:00:00,1298.2
2022-07-23 22:00:00,1275.7
2022-07-23 23:00:00,1285.6
2022-07-24 00:00:00,1303.4
2022-07-24 01:00:00,1329.5
2022-07-24 02:00:00,1317.7
2022-07-24 03:00:00,1320.5
2022-07-24 04:00:00,1303.9
2022-07-24 05:00:00,1406.1
2022-07-24 06:00:00,1444.8
2022-07-24 07:00:00,1489.5
2022-07-24 08:00:00,1584.4
2022-07-24 09:00:00,1590.5
2022-07-24 10:00:00,1601.5
2022-07-24 11:00:00,1564.8
2022-07-24 12:00:00,1584.1
2022-07-24 13:00:00,1592.0
2022-07-24 14:00:00,1557.0
2022-07-24 15:00:00,1571.8
2022-07-24 16:00:00,1536.6
2022-07-24 17:00:00,1457.2
2022-07-24 18:00:00,1486.9
2022-07-24 19:00:00,1415.1
2022-07-24 20:00:00,1323.7
2022-07-24 21:00:00,1342.6
2022-07-24 22:00:00,1328.3
2022-07-24 23:00:00,1333.4
2022-07-25 00:00:00,1288.3
2022-07-25 01:00:00,1327.6
2022-07-25 02:00:00,1322.4
2022-07-25 03:00:00,1300.2
2022-07-25 04:00:00,1327.1
2022-07-25 05:00:00,1438.2
2022-07-25 06:00:00,1477.9
2022-07-25 07:00:00,1489.1
2022-07-25 08:00:00,1559.0
2022-07-25 09:00:00,1575.2
2022-07-25 10:00:00,1586.1
2022-07-25 11:00:00,1551.5
2022-07-25 12:00:00,1634.0
2022-07-25 13:00:00,1591.0
2022-07-25 14:00:00,1546.3
2022-07-25 15:00:00,1511.8
2022-07-25 16:00:00,1506.3
2022-07-25 17:00:00,1409.9
2022-07-25 18:00:00,1439.8
2022-07-25 19:00:00,1349.0
2022-07-25 20:00:00,1350.0
2022-07-25 21:00:00,1289.6
2022-07-25 22:00:00,1270.8
2022-07-25 23:00:00,1238.3
2022-07-26 00:00:00,1248.4
2022-07-26 01:00:00,1312.2
2022-07-26 02:00:00,1309.2
2022-07-26 03:00:00,1299.2
2022-07-26 04:00:00,1316.0
2022-07-26 05:00:00,1375.3
2022-07-26 06:00:00,1419.7
2022-07-26 07:00:00,1396.7
2022-07-26 08:00:00,1452.4
2022-07-26 09:00:00,1428.1
2022-07-26 10:00:00,1537.2
2022-07-26 11:00:00,1577.4
2022-07-26 12:00:00,1519.9
2022-07-26 13:00:00,1445.6
2022-07-26 14:00:00,1509.5
2022-07-26 15:00:00,1437.2
2022-07-26 16:00:00,1410.4
2022-07-26 17:00:00,1409.8
2022-07-26 18:00:00,1356.8
2022-07-26 19:00:00,1292.8
2022-07-26 20:00:00,1248.8
2022-07-26 21:00:00,1238.1
2022-07-26 22:00:00,1195.3
2022-07-26 23:00:00,1156.5
2022-07-27 00:00:00,1171.8
2022-07-27 01:00:00,1194.4
2022-07-27 02:00:00,1191.1
2022-07-27 03:00:00,1175.3
2022-07-27 04:00:00,1275.8
2022-07-27 05:00:00,1197.6
2022-07-27 06:00:00,1302.8
2022-07-27 07:00:00,1334.0
2022-07-27 08:00:00,1390.9
2022-07-27 09:00:00,1432.1
2022-07-27 10:00:00,1470.8
2022-07-27 11:00:00,1428.5
2022-07-27 12:00:00,1470.6
2022-07-27 13:00:00,1451.9
2022-07-27 14:00:00,1377.9
2022-07-27 15:00:00,1460.7
2022-07-27 16:00:00,1327.8
2022-07-27 17:00:00,1345.8
2022-07-27 18:00:00,1304.7
2022-07-27 19:00:00,1261.1
2022-07-27 20:00:00,1200.6
2022-07-27 21:00:00,1208.1
2022-07-27 22:00:00,1111.6
2022-07-27 23:00:00,1140.5
2022-07-28 00:00:00,1119.7
2022-07-28 01:00:00,1120.7
2022-07-28 02:00:00,1168.3
2022-07-28 03:00:00,1211.1
2022-07-28 04:00:00,1199.2
2022-07-28 05:00:00,1268.9
2022-07-28 06:00:00,1285.6
2022-07-28 07:00:00,1296.1
2022-07-28 08:00:00,1351.4
2022-07-28 09:00:00,1381.5
2022-07-28 10:00:00,1393.7
2022-07-28 11:00:00,1442.9
2022-07-28 12:00:00,1442.7
2022-07-28 13:00:00,1383.5
2022-07-28 14:00:00,1367.4
2022-07-28 15:00:00,1406.7
2022-07-28 16:00:00,1339.4
2022-07-28 17:00:00,1337.8
2022-07-28 18:00:00,1314.5
2022-07-28 19:00:00,1215.4
2022-07-28 20:00:00,1176.4
2022-07-28 21:00:00,1239.4
2022-07-28 22:00:00,1177.4
2022-07-28 23:00:00,1140.9
2022-07-29 00:00:00,1122.1
2022-07-29 01:00:00,1141.8
2022-07-29 02:00:00,1138.3
2022-07-29 03:00:00,1226.3
2022-07-29 04:00:00,1209.7
2022-07-29 05:00:00,1304.1
2022-07-29 06:00:00,1300.3
2022-07-29 07:00:00,1322.2
2022-07-29 08:00:00,1379.2
2022-07-29 09:00:00,1346.8
2022-07-29 10:00:00,1448.2
2022-07-29 11:00:00,1464.2
2022-07-29 12:00:00,1501.8
2022-07-29 13:00:00,1418.0
2022-07-29 14:00:00,1497.1
2022-07-29 15:00:00,1465.8
2022-07-29 16:00:00,1450.4
2022-07-29 17:00:00,1377.9
2022-07-29 18:00:00,1373.9
2022-07-29 19:00:00,1263.4
2022-07-29 20:00:00,1295.6
2022-07-29 21:00:00,1222.9
2022-07-29 22:00:00,1175.5
2022-07-29 23:00:00,1179.3
2022-07-30 00:00:00,1211.0
2022-07-30 01:00:00,1194.1
2022-07-30 02:00:00,1248.0
2022-07-30 03:00:00,1209.2
2022-07-30 04:00:00,1233.6
2022-07-30 05:00:00,1377.7
2022-07-30 06:00:00,1405.3
2022-07-30 07:00:00,1388.3
2022-07-30 08:00:00,1458.7
2022-07-30 09:00:00,1523.2
2022-07-30 10:00:00,1531.8
2022-07-30 11:00:00,1541.3
2022-07-30 12:00:00,1577.5
2022-07-30 13:00:00,1520.2
2022-07-30 14:00:00,1530.6
2022-07-30 15:00:00,1507.8
2022-07-30 16:00:00,1471.5
2022-07-30 17:00:00,1434.1
2022-07-30 18:00:00,1411.5
2022-07-30 19:00:00,1373.7
2022-07-30 20:00:00,1307.2
2022-07-30 21:00:00,1333.8
2022-07-30 22:00:00,1258.6
2022-07-30 23:00:00,1268.2
2022-07-31 00:00:00,1262.7
2022-07-31 01:00:00,1289.1
2022-07-31 02:00:00,1231.4
2022-07-31 03:00:00,1347.1
2022-07-31 04:00:00,1332.6
2022-07-31 05:00:00,1427.1
2022-07-31 06:00:00,1416.2
2022-07-31 07:00:00,1469.1
2022-07-31 08:00:00,1565.2
2022-07-31 09:00:00,1531.5
2022-07-31 10:00:00,1601.7
2022-07-31 11:00:00,1581.5
2022-07-31 12:00:00,1598.5
2022-07-31 13:00:00,1583.6
2022-07-31 14:00:00,1592.3
2022-07-31 15:00:00,1522.8
2022-07-31 16:00:00,1483.0
2022-07-31 17:00:00,1457.3
2022-07-31 18:00:00,1440.6
2022-07-31 19:00:00,1392.0
2022-07-31 20:00:00,1383.5
2022-07-31 21:00:00,1369.9
2022-07-31 22:00:00,1277.2
2022-07-31 23:00:00,1268.9
2022-08-01 00:00:00,1242.1
2022-08-01 01:00:00,1350.4
2022-08-01 02:00:00,1312.7
2022-08-01 03:00:00,1340.8
2022-08-01 04:00:00,1316.1
2022-08-01 05:00:00,1391.2
2022-08-01 06:00:00,1444.0
2022-08-01 07:00:00,1458.6
2022-08-01 08:00:00,1533.1
2022-08-01 09:00:00,1599.6
2022-08-01 10:00:00,1524.0
2022-08-01 11:00:00,1534.9
2022-08-01 12:00:00,1542.5
2022-08-01 13:00:00,1609.9
2022-08-01 14:00:00,1575.9
2022-08-01 15:00:00,1514.6
2022-08-01 16:00:00,1486.5
2022-08-01 17:00:00,1422.4
2022-08-01 18:00:00,1432.4
2022-08-01 19:00:00,1353.0
2022-08-01 20:00:00,1317.9
2022-08-01 21:00:00,1310.3
2022-08-01 22:00:00,1260.0
2022-08-01 23:00:00,1240.9
2022-08-02 00:00:00,1240.4
2022-08-02 01:00:00,1266.2
2022-08-02 02:00:00,1303.9
2022-08-02 03:00:00,1293.1
2022-08-02 04:00:00,1327.7
2022-08-02 05:00:00,1330.9
2022-08-02 06:00:00,1351.5
2022-08-02 07:00:00,1428.1
2022-08-02 08:00:00,1446.8
2022-08-02 09:00:00,1427.0
2022-08-02 10:00:00,1480.7
2022-08-02 11:00:00,1499.9
2022-08-02 12:00:00,1489.2
2022-08-02 13:00:00,1540.7
2022-08-02 14:00:00,1492.6
2022-08-02 15:00:00,1492.5
2022-08-02 16:00:00,1425.2
2022-08-02 17:00:00,1380.5
2022-08-02 18:00:00,1308.1
2022-08-02 19:00:00,1294.8
2022-08-02 20:00:00,1255.7
2022-08-02 21:00:00,1180.3
2022-08-02 22:00:00,1178.4
2022-08-02 23:00:00,1167.1
2022-08-03 00:00:00,1181.3
2022-08-03 01:00:00,1185.1
2022-08-03 02:00:00,1166.1
2022-08-03 03:00:00,1218.8
2022-08-03 04:00:00,1227.8
2022-08-03 05:00:00,1180.8
2022-08-03 06:00:00,1288.7
2022-08-03 07:00:00,1372.1
2022-08-03 08:00:00,1323.1
2022-08-03 09:00:00,1405.8
2022-08-03 10:00:00,1471.7
2022-08-03 11:00:00,1414.2
2022-08-03 12:00:00,1440.2
2022-08-03 13:00:00,1394.0
2022-08-03 14:00:00,1465.2
2022-08-03 15:00:00,1388.3
2022-08-03 16:00:00,1359.5
2022-08-03 17:00:00,1361.1
2022-08-03 18:00:00,1300.1
2022-08-03 19:00:00,1213.8
2022-08-03 20:00:00,1183.3
2022-08-03 21:00:00,1185.3
2022-08-03 22:00:00,1126.9
2022-08-03 23:00:00,1066.2
2022-08-04 00:00:00,1122.3
2022-08-04 01:00:00,1083.9
2022-08-04 02:00:00,1191.2
2022-08-04 03:00:00,1171.4
2022-08-04 04:00:00,1169.6
2022-08-04 05:00:00,1211.8
2022-08-04 06:00:00,1214.7
2022-08-04 07:00:00,1277.2
2022-08-04 08:00:00,1377.0
2022-08-04 09:00:00,1444.7
2022-08-04 10:00:00,1423.7
2022-08-04 11:00:00,1414.6
2022-08-04 12:00:00,1410.0
2022-08-04 13:00:00,1389.8
2022-08-04 14:00:00,1466.1
2022-08-04 15:00:00,1375.7
2022-08-04 16:00:00,1414.7
2022-08-04 17:00:00,1357.9
2022-08-04 18:00:00,1226.3
2022-08-04 19:00:00,1221.0
2022-08-04 20:00:00,1186.1
2022-08-04 21:00:00,1174.2
2022-08-04 22:00:00,1152.5
2022-08-04 23:00:00,1230.9
2022-08-05 00:00:00,1105.3
2022-08-05 01:00:00,1151.4
2022-08-05 02:00:00,1180.0
2022-08-05 03:00:00,1187.3
2022-08-05 04:00:00,1223.8
2022-08-05 05:00:00,1227.5
2022-08-05 06:00:00,1303.0
2022-08-05 07:00:00,1356.3
2022-08-05 08:00:00,1389.4
2022-08-05 09:00:00,1430.1
2022-08-05 10:00:00,1481.7
2022-08-05 11:00:00,1485.0
2022-08-05 12:00:00,1466.7
2022-08-05 13:00:00,1427.0
2022-08-05 14:00:00,1431.9
2022-08-05 15:00:00,1422.2
2022-08-05 16:00:00,1408.0
2022-08-05 17:00:00,1352.7
2022-08-05 18:00:00,1303.0
2022-08-05 19:00:00,1259.5
2022-08-05 20:00:00,1212.3
2022-08-05 21:00:00,1226.6
2022-08-05 22:00:00,1168.6
2022-08-05 23:00:00,1170.7
2022-08-06 00:00:00,1186.7
2022-08-06 01:00:00,1166.4
2022-08-06 02:00:00,1235.8
2022-08-06 03:00:00,1273.4
2022-08-06 04:00:00,1268.6
2022-08-06 05:00:00,1311.1
2022-08-06 06:00:00,1382.0
2022-08-06 07:00:00,1386.1
2022-08-06 08:00:00,1423.0
2022-08-06 09:00:00,1516.2
2022-08-06 10:00:00,1533.5
2022-08-06 11:00:00,1542.7
2022-08-06 12:00:00,1560.1
2022-08-06 13:00:00,1470.5
2022-08-06 14:00:00,1558.0
2022-08-06 15:00:00,1507.8
2022-08-06 16:00:00,1497.8
2022-08-06 17:00:00,1445.3
2022-08-06 18:00:00,1398.6
2022-08-06 19:00:00,1352.3
2022-08-06 20:00:00,1337.5
2022-08-06 21:00:00,1288.2
2022-08-06 22:00:00,1301.8
2022-08-06 23:00:00,1215.1
2022-08-07 00:00:00,1243.1
2022-08-07 01:00:00,1327.6
2022-08-07 02:00:00,1264.1
2022-08-07 03:00:00,1301.2
2022-08-07 04:00:00,1314.4
2022-08-07 05:00:00,1388.5
2022-08-07 06:00:00,1396.4
2022-08-07 07:00:00,1453.0
2022-08-07 08:00:00,1521.2
2022-08-07 09:00:00,1506.9
2022-08-07 10:00:00,1576.2
2022-08-07 11:00:00,1592.9
2022-08-07 12:00:00,1605.7
2022-08-07 13:00:00,1573.7
2022-08-07 14:00:00,1652.2
2022-08-07 15:00:00,1563.0
2022-08-07 16:00:00,1510.3
2022-08-07 17:00:00,1438.2
2022-08-07 18:00:00,1422.7
2022-08-07 19:00:00,1429.5
2022-08-07 20:00:00,1401.6
2022-08-07 21:00:00,1363.2
2022-08-07 22:00:00,1318.1
2022-08-07 23:00:00,1241.4
2022-08-08 00:00:00,1287.9
2022-08-08 01:00:00,1240.3
2022-08-08 02:00:00,1247.0
2022-08-08 03:00:00,1321.7
2022-08-08 04:00:00,1360.1
2022-08-08 05:00:00,1406.5
2022-08-08 06:00:00,1431.8
2022-08-08 07:00:00,1470.3
2022-08-08 08:00:00,1459.5
2022-08-08 09:00:00,1515.3
2022-08-08 10:00:00,1495.4
2022-08-08 11:00:00,1493.7
2022-08-08 12:00:00,1579.2
2022-08-08 13:00:00,1527.3
2022-08-08 14:00:00,1559.0
2022-08-08 15:00:00,1540.1
2022-08-08 16:00:00,1455.0
2022-08-08 17:00:00,1452.8
2022-08-08 18:00:00,1374.1
2022-08-08 19:00:00,1297.3
2022-08-08 20:00:00,1317.7
2022-08-08 21:00:00,1266.2
2022-08-08 22:00:00,1240.7
2022-08-08 23:00:00,1295.5
2022-08-09 00:00:00,1182.6
2022-08-09 01:00:00,1242.2
2022-08-09 02:00:00,1213.0
2022-08-09 03:00:00,1291.1
2022-08-09 04:00:00,1301.0
2022-08-09 05:00:00,1336.6
2022-08-09 06:00:00,1332.7
2022-08-09 07:00:00,1374.0
2022-08-09 08:00:00,1457.9
2022-08-09 09:00:00,1511.2
2022-08-09 10:00:00,1493.3
2022-08-09 11:00:00,1463.9
2022-08-09 12:00:00,1503.1
2022-08-09 13:00:00,1557.6
2022-08-09 14:00:00,1469.8
2022-08-09 15:00:00,1483.7
2022-08-09 16:00:00,1383.5
2022-08-09 17:00:00,1365.3
2022-08-09 18:00:00,1343.3
2022-08-09 19:00:00,1294.9
2022-08-09 20:00:00,1220.8
2022-08-09 21:00:00,1185.6
2022-08-09 22:00:00,1212.8
2022-08-09 23:00:00,1201.1
2022-08-10 00:00:00,1202.8
2022-08-10 01:00:00,1213.9
2022-08-10 02:00:00,1176.2
2022-08-10 03:00:00,1184.0
2022-08-10 04:00:00,1262.4
2022-08-10 05:00:00,1276.9
2022-08-10 06:00:00,1262.4
2022-08-10 07:00:00,1297.3
2022-08-10 08:00:00,1377.0
2022-08-10 09:00:00,1385.8
2022-08-10 10:00:00,1412.0
2022-08-10 11:00:00,1457.9
2022-08-10 12:00:00,1451.6
2022-08-10 13:00:00,1461.7
2022-08-10 14:00:00,1347.1
2022-08-10 15:00:00,1387.1
2022-08-10 16:00:00,1367.7
2022-08-10 17:00:00,1263.4
2022-08-10 18:00:00,1249.3
2022-08-10 19:00:00,1203.6
2022-08-10 20:00:00,1192.1
2022-08-10 21:00:00,1208.1
2022-08-10 22:00:00,1195.1
2022-08-10 23:00:00,1094.1
2022-08-11 00:00:00,1128.4
2022-08-11 01:00:00,1133.9
2022-08-11 02:00:00,1143.1
2022-08-11 03:00:00,1166.9
2022-08-11 04:00:00,1194.7
2022-08-11 05:00:00,1272.2
2022-08-11 06:00:00,1293.4
2022-08-11 07:00:00,1267.3
2022-08-11 08:00:00,1359.3
2022-08-11 09:00:00,1393.4
2022-08-11 10:00:00,1400.3
2022-08-11 11:00:00,1440.2
2022-08-11 12:00:00,1417.6
2022-08-11 13:00:00,1413.5
2022-08-11 14:00:00,1396.9
2022-08-11 15:00:00,1309.7
2022-08-11 16:00:00,1337.8
2022-08-11 17:00:00,1285.1
2022-08-11 18:00:00,1231.9
2022-08-11 19:00:00,1273.0
2022-08-11 20:00:00,1210.3
2022-08-11 21:00:00,1164.7
2022-08-11 22:00:00,1126.4
2022-08-11 23:00:00,1138.9
2022-08-12 00:00:00,1156.4
2022-08-12 01:00:00,1108.8
2022-08-12 02:00:00,1150.4
2022-08-12 03:00:00,1202.4
2022-08-12 04:00:00,1151.5
2022-08-12 05:00:00,1246.2
2022-08-12 06:00:00,1276.1
2022-08-12 07:00:00,1326.1
2022-08-12 08:00:00,1353.6
2022-08-12 09:00:00,1406.3
2022-08-12 10:00:00,1486.2
2022-08-12 11:00:00,1436.3
2022-08-12 12:00:00,1462.5
2022-08-12 13:00:00,1511.2
2022-08-12 14:00:00,1422.5
2022-08-12 15:00:00,1472.4
2022-08-12 16:00:00,1389.8
2022-08-12 17:00:00,1409.8
2022-08-12 18:00:00,1342.8
2022-08-12 19:00:00,1293.6
2022-08-12 20:00:00,1249.1
2022-08-12 21:00:00,1204.2
2022-08-12 22:00:00,1204.3
2022-08-12 23:00:00,1216.9
2022-08-13 00:00:00,1187.4
2022-08-13 01:00:00,1186.3
2022-08-13 02:00:00,1206.2
2022-08-13 03:00:00,1270.3
2022-08-13 04:00:00,1311.2
2022-08-13 05:00:00,1293.5
2022-08-13 06:00:00,1335.2
2022-08-13 07:00:00,1408.3
2022-08-13 08:00:00,1481.7
2022-08-13 09:00:00,1504.1
2022-08-13 10:00:00,1458.8
2022-08-13 11:00:00,1506.1
2022-08-13 12:00:00,1493.9
2022-08-13 13:00:00,1511.3
2022-08-13 14:00:00,1555.0
2022-08-13 15:00:00,1442.9
2022-08-13 16:00:00,1408.3
2022-08-13 17:00:00,1398.3
2022-08-13 18:00:00,1395.2
2022-08-13 19:00:00,1368.7
2022-08-13 20:00:00,1329.2
2022-08-13 21:00:00,1322.3
2022-08-13 22:00:00,1212.3
2022-08-13 23:00:00,1287.8
2022-08-14 00:00:00,1239.6
2022-08-14 01:00:00,1277.8
2022-08-14 02:00:00,1232.8
2022-08-14 03:00:00,1298.0
2022-08-14 04:00:00,1337.5
2022-08-14 05:00:00,1402.7
2022-08-14 06:00:00,1360.6
2022-08-14 07:00:00,1449.1
2022-08-14 08:00:00,1452.8
2022-08-14 09:00:00,1532.6
2022-08-14 10:00:00,1565.5
2022-08-14 11:00:00,1596.5
2022-08-14 12:00:00,1547.7
2022-08-14 13:00:00,1587.0
2022-08-14 14:00:00,1585.4
2022-08-14 15:00:00,1471.8
2022-08-14 16:00:00,1508.6
2022-08-14 17:00:00,1483.0
2022-08-14 18:00:00,1407.6
2022-08-14 19:00:00,1340.1
2022-08-14 20:00:00,1368.3
2022-08-14 21:00:00,1272.7
2022-08-14 22:00:00,1279.0
2022-08-14 23:00:00,1267.6
2022-08-15 00:00:00,1284.5
2022-08-15 01:00:00,1248.6
2022-08-15 02:00:00,1260.9
2022-08-15 03:00:00,1307.3
2022-08-15 04:00:00,1364.5
2022-08-15 05:00:00,1437.9
2022-08-15 06:00:00,1361.6
2022-08-15 07:00:00,1453.7
2022-08-15 08:00:00,1446.3
2022-08-15 09:00:00,1538.9
2022-08-15 10:00:00,1502.3
2022-08-15 11:00:00,1523.5
2022-08-15 12:00:00,1529.3
2022-08-15 13:00:00,1537.6
2022-08-15 14:00:00,1532.5
2022-08-15 15:00:00,1511.4
2022-08-15 16:00:00,1463.4
2022-08-15 17:00:00,1385.2
2022-08-15 18:00:00,1405.8
2022-08-15 19:00:00,1341.1
2022-08-15 20:00:00,1338.9
2022-08-15 21:00:00,1249.2
2022-08-15 22:00:00,1195.9
2022-08-15 23:00:00,1225.3
2022-08-16 00:00:00,1257.3
2022-08-16 01:00:00,1225.6
2022-08-16 02:00:00,1227.0
2022-08-16 03:00:00,1227.8
2022-08-16 04:00:00,1334.8
2022-08-16 05:00:00,1284.5
2022-08-16 06:00:00,1329.5
2022-08-16 07:00:00,1404.2
2022-08-16 08:00:00,1364.6
2022-08-16 09:00:00,1486.5
2022-08-16 10:00:00,1487.8
2022-08-16 11:00:00,1508.0
2022-08-16 12:00:00,1499.9
2022-08-16 13:00:00,1470.1
2022-08-16 14:00:00,1425.0
2022-08-16 15:00:00,1425.9
2022-08-16 16:00:00,1366.7
2022-08-16 17:00:00,1371.4
2022-08-16 18:00:00,1339.2
2022-08-16 19:00:00,1317.5
2022-08-16 20:00:00,1245.3
2022-08-16 21:00:00,1227.9
2022-08-16 22:00:00,1164.5
2022-08-16 23:00:00,1141.3
2022-08-17 00:00:00,1162.0
2022-08-17 01:00:00,1138.6
2022-08-17 02:00:00,1170.6
2022-08-17 03:00:00,1151.9
2022-08-17 04:00:00,1185.8
2022-08-17 05:00:00,1265.0
2022-08-17 06:00:00,1308.9
2022-08-17 07:00:00,1289.2
2022-08-17 08:00:00,1372.8
2022-08-17 09:00:00,1365.5
2022-08-17 10:00:00,1403.7
2022-08-17 11:00:00,1458.7
2022-08-17 12:00:00,1443.5
2022-08-17 13:00:00,1436.2
2022-08-17 14:00:00,1452.8
2022-08-17 15:00:00,1348.9
2022-08-17 16:00:00,1307.8
2022-08-17 17:00:00,1278.0
2022-08-17 18:00:00,1251.9
2022-08-17 19:00:00,1148.7
2022-08-17 20:00:00,1175.8
2022-08-17 21:00:00,1133.5
2022-08-17 22:00:00,1148.5
2022-08-17 23:00:00,1119.7
2022-08-18 00:00:00,1085.2
2022-08-18 01:00:00,1125.4
2022-08-18 02:00:00,1143.9
2022-08-18 03:00:00,1122.5
2022-08-18 04:00:00,1161.5
2022-08-18 05:00:00,1145.5
2022-08-18 06:00:00,1218.2
2022-08-18 07:00:00,1267.5
2022-08-18 08:00:00,1328.3
2022-08-18 09:00:00,1329.0
2022-08-18 10:00:00,1366.2
2022-08-18 11:00:00,1360.2
2022-08-18 12:00:00,1407.8
2022-08-18 13:00:00,1411.0
2022-08-18 14:00:00,1396.1
2022-08-18 15:00:00,1361.5
2022-08-18 16:00:00,1284.8
2022-08-18 17:00:00,1277.3
2022-08-18 18:00:00,1246.1
2022-08-18 19:00:00,1208.7
2022-08-18 20:00:00,1188.2
2022-08-18 21:00:00,1199.2
2022-08-18 22:00:00,1158.5
2022-08-18 23:00:00,1091.3
2022-08-19 00:00:00,1137.9
2022-08-19 01:00:00,1143.7
2022-08-19 02:00:00,1117.3
2022-08-19 03:00:00,1192.8
2022-08-19 04:00:00,1195.7
2022-08-19 05:00:00,1196.5
2022-08-19 06:00:00,1293.6
2022-08-19 07:00:00,1327.6
2022-08-19 08:00:00,1352.8
2022-08-19 09:00:00,1392.0
2022-08-19 10:00:00,1397.9
2022-08-19 11:00:00,1455.4
2022-08-19 12:00:00,1443.5
2022-08-19 13:00:00,1447.4
2022-08-19 14:00:00,1440.8
2022-08-19 15:00:00,1374.4
2022-08-19 16:00:00,1353.9
2022-08-19 17:00:00,1281.1
2022-08-19 18:00:00,1328.4
2022-08-19 19:00:00,1239.1
2022-08-19 20:00:00,1246.2
2022-08-19 21:00:00,1225.2
2022-08-19 22:00:00,1211.2
2022-08-19 23:00:00,1145.0
2022-08-20 00:00:00,1177.0
2022-08-20 01:00:00,1237.1
2022-08-20 02:00:00,1256.4
2022-08-20 03:00:00,1261.3
2022-08-20 04:00:00,1275.8
2022-08-20 05:00:00,1274.6
2022-08-20 06:00:00,1368.0
2022-08-20 07:00:00,1383.4
2022-08-20 08:00:00,1444.0
2022-08-20 09:00:00,1442.0
2022-08-20 10:00:00,1482.4
2022-08-20 11:00:00,1510.3
2022-08-20 12:00:00,1520.5
2022-08-20 13:00:00,1525.4
2022-08-20 14:00:00,1480.8
2022-08-20 15:00:00,1436.6
2022-08-20 16:00:00,1497.0
2022-08-20 17:00:00,1489.2
2022-08-20 18:00:00,1391.4
2022-08-20 19:00:00,1301.7
2022-08-20 20:00:00,1284.3
2022-08-20 21:00:00,1293.8
2022-08-20 22:00:00,1296.9
2022-08-20 23:00:00,1207.3
2022-08-21 00:00:00,1236.7
2022-08-21 01:00:00,1253.2
2022-08-21 02:00:00,1289.9
2022-08-21 03:00:00,1279.1
2022-08-21 04:00:00,1275.1
2022-08-21 05:00:00,1378.2
2022-08-21 06:00:00,1433.4
2022-08-21 07:00:00,1437.2
2022-08-21 08:00:00,1489.1
2022-08-21 09:00:00,1494.8
2022-08-21 10:00:00,1508.4
2022-08-21 11:00:00,1580.3
2022-08-21 12:00:00,1567.0
2022-08-21 13:00:00,1565.5
2022-08-21 14:00:00,1581.3
2022-08-21 15:00:00,1481.1
2022-08-21 16:00:00,1465.4
2022-08-21 17:00:00,1450.6
2022-08-21 18:00:00,1390.1
2022-08-21 19:00:00,1391.7
2022-08-21 20:00:00,1326.1
2022-08-21 21:00:00,1270.6
2022-08-21 22:00:00,1278.1
2022-08-21 23:00:00,1265.7
2022-08-22 00:00:00,1282.9
2022-08-22 01:00:00,1271.0
2022-08-22 02:00:00,1287.1
2022-08-22 03:00:00,1305.7
2022-08-22 04:00:00,1320.5
2022-08-22 05:00:00,1339.6
2022-08-22 06:00:00,1407.3
2022-08-22 07:00:00,1426.1
2022-08-22 08:00:00,1521.5
2022-08-22 09:00:00,1540.5
2022-08-22 10:00:00,1541.4
2022-08-22 11:00:00,1547.0
2022-08-22 12:00:00,1536.2
2022-08-22 13:00:00,1494.0
2022-08-22 14:00:00,1508.3
2022-08-22 15:00:00,1491.9
2022-08-22 16:00:00,1462.4
2022-08-22 17:00:00,1431.2
2022-08-22 18:00:00,1403.6
2022-08-22 19:00:00,1313.9
2022-08-22 20:00:00,1275.6
2022-08-22 21:00:00,1306.0
2022-08-22 22:00:00,1259.1
2022-08-22 23:00:00,1206.6
2022-08-23 00:00:00,1207.3
2022-08-23 01:00:00,1209.8
2022-08-23 02:00:00,1226.0
2022-08-23 03:00:00,1260.2
2022-08-23 04:00:00,1350.3
2022-08-23 05:00:00,1313.2
2022-08-23 06:00:00,1363.3
2022-08-23 07:00:00,1328.6
2022-08-23 08:00:00,1397.9
2022-08-23 09:00:00,1477.3
2022-08-23 10:00:00,1473.4
2022-08-23 11:00:00,1341.6
2022-08-23 12:00:00,1495.6
2022-08-23 13:00:00,1524.7
2022-08-23 14:00:00,1389.3
2022-08-23 15:00:00,1467.9
2022-08-23 16:00:00,1305.1
2022-08-23 17:00:00,1377.2
2022-08-23 18:00:00,1307.0
2022-08-23 19:00:00,1195.0
2022-08-23 20:00:00,1239.8
2022-08-23 21:00:00,1227.0
2022-08-23 22:00:00,1176.7
2022-08-23 23:00:00,1165.6
2022-08-24 00:00:00,1127.8
2022-08-24 01:00:00,1086.7
2022-08-24 02:00:00,1175.6
2022-08-24 03:00:00,1228.6
2022-08-24 04:00:00,1238.5
2022-08-24 05:00:00,1178.7
2022-08-24 06:00:00,1229.3
2022-08-24 07:00:00,1285.9
2022-08-24 08:00:00,1297.4
2022-08-24 09:00:00,1375.3
2022-08-24 10:00:00,1407.5
2022-08-24 11:00:00,1365.8
2022-08-24 12:00:00,1435.2
2022-08-24 13:00:00,1422.9
2022-08-24 14:00:00,1371.7
2022-08-24 15:00:00,1357.5
2022-08-24 16:00:00,1271.5
2022-08-24 17:00:00,1282.3
2022-08-24 18:00:00,1252.3
2022-08-24 19:00:00,1217.1
2022-08-24 20:00:00,1186.0
2022-08-24 21:00:00,1149.8
2022-08-24 22:00:00,1109.8
2022-08-24 23:00:00,1110.4
2022-08-25 00:00:00,1126.0
2022-08-25 01:00:00,1097.6
2022-08-25 02:00:00,1124.4
2022-08-25 03:00:00,1132.7
2022-08-25 04:00:00,1149.6
2022-08-25 05:00:00,1220.7
2022-08-25 06:00:00,1227.1
2022-08-25 07:00:00,1294.2
2022-08-25 08:00:00,1319.7
2022-08-25 09:00:00,1341.1
2022-08-25 10:00:00,1364.6
2022-08-25 11:00:00,1374.6
2022-08-25 12:00:00,1346.2
2022-08-25 13:00:00,1402.6
2022-08-25 14:00:00,1383.9
2022-08-25 15:00:00,1379.5
2022-08-25 16:00:00,1308.0
2022-08-25 17:00:00,1345.7
2022-08-25 18:00:00,1239.8
2022-08-25 19:00:00,1187.5
2022-08-25 20:00:00,1149.2
2022-08-25 21:00:00,1097.4
2022-08-25 22:00:00,1173.1
2022-08-25 23:00:00,1155.0
2022-08-26 00:00:00,1128.6
2022-08-26 01:00:00,1090.7
2022-08-26 02:00:00,1188.8
2022-08-26 03:00:00,1149.8
2022-08-26 04:00:00,1185.5
2022-08-26 05:00:00,1275.0
2022-08-26 06:00:00,1292.8
2022-08-26 07:00:00,1380.2
2022-08-26 08:00:00,1360.2
2022-08-26 09:00:00,1374.4
2022-08-26 10:00:00,1394.3
2022-08-26 11:00:00,1374.8
2022-08-26 12:00:00,1429.6
2022-08-26 13:00:00,1469.9
2022-08-26 14:00:00,1441.3
2022-08-26 15:00:00,1402.8
2022-08-26 16:00:00,1344.1
2022-08-26 17:00:00,1347.4
2022-08-26 18:00:00,1335.1
2022-08-26 19:00:00,1281.7
2022-08-26 20:00:00,1240.5
2022-08-26 21:00:00,1183.5
2022-08-26 22:00:00,1212.5
2022-08-26 23:00:00,1080.5
2022-08-27 00:00:00,1183.8
2022-08-27 01:00:00,1257.5
2022-08-27 02:00:00,1153.1
2022-08-27 03:00:00,1217.8
2022-08-27 04:00:00,1258.8
2022-08-27 05:00:00,1284.3
2022-08-27 06:00:00,1371.0
2022-08-27 07:00:00,1395.8
2022-08-27 08:00:00,1425.2
2022-08-27 09:00:00,1478.4
2022-08-27 10:00:00,1481.6
2022-08-27 11:00:00,1594.2
2022-08-27 12:00:00,1511.2
2022-08-27 13:00:00,1510.0
2022-08-27 14:00:00,1440.4
2022-08-27 15:00:00,1454.1
2022-08-27 16:00:00,1476.3
2022-08-27 17:00:00,1368.0
2022-08-27 18:00:00,1306.9
2022-08-27 19:00:00,1336.0
2022-08-27 20:00:00,1342.2
2022-08-27 21:00:00,1273.4
2022-08-27 22:00:00,1240.2
2022-08-27 23:00:00,1181.6
2022-08-28 00:00:00,1247.6
2022-08-28 01:00:00,1260.8
2022-08-28 02:00:00,1204.2
2022-08-28 03:00:00,1317.1
2022-08-28 04:00:00,1338.7
2022-08-28 05:00:00,1387.3
2022-08-28 06:00:00,1410.9
2022-08-28 07:00:00,1453.1
2022-08-28 08:00:00,1486.4
2022-08-28 09:00:00,1528.9
2022-08-28 10:00:00,1473.0
2022-08-28 11:00:00,1498.3
2022-08-28 12:00:00,1527.1
2022-08-28 13:00:00,1540.7
2022-08-28 14:00:00,1541.8
2022-08-28 15:00:00,1516.4
2022-08-28 16:00:00,1509.3
2022-08-28 17:00:00,1474.2
2022-08-28 18:00:00,1374.8
2022-08-28 19:00:00,1369.2
2022-08-28 20:00:00,1300.3
2022-08-28 21:00:00,1288.7
2022-08-28 22:00:00,1279.7
2022-08-28 23:00:00,1152.3
2022-08-29 00:00:00,1321.1
2022-08-29 01:00:00,1270.2
2022-08-29 02:00:00,1249.4
2022-08-29 03:00:00,1348.0
2022-08-29 04:00:00,1309.7
2022-08-29 05:00:00,1359.2
2022-08-29 06:00:00,1378.1
2022-08-29 07:00:00,1479.7
2022-08-29 08:00:00,1461.7
2022-08-29 09:00:00,1498.8
2022-08-29 10:00:00,1552.6
2022-08-29 11:00:00,1547.3
2022-08-29 12:00:00,1531.4
2022-08-29 13:00:00,1559.3
2022-08-29 14:00:00,1585.1
2022-08-29 15:00:00,1492.6
2022-08-29 16:00:00,1453.3
2022-08-29 17:00:00,1416.5
2022-08-29 18:00:00,1409.5
2022-08-29 19:00:00,1311.0
2022-08-29 20:00:00,1282.0
2022-08-29 21:00:00,1210.6
2022-08-29 22:00:00,1194.8
2022-08-29 23:00:00,1197.1
2022-08-30 00:00:00,1203.2
2022-08-30 01:00:00,1260.3
2022-08-30 02:00:00,1235.5
2022-08-30 03:00:00,1213.1
2022-08-30 04:00:00,1246.8
2022-08-30 05:00:00,1343.1
2022-08-30 06:00:00,1371.6
2022-08-30 07:00:00,1374.5
2022-08-30 08:00:00,1393.6
2022-08-30 09:00:00,1468.7
2022-08-30 10:00:00,1426.0
2022-08-30 11:00:00,1479.5
2022-08-30 12:00:00,1538.0
2022-08-30 13:00:00,1467.9
2022-08-30 14:00:00,1420.4
2022-08-30 15:00:00,1429.2
2022-08-30 16:00:00,1368.7
2022-08-30 17:00:00,1301.8
2022-08-30 18:00:00,1322.9
2022-08-30 19:00:00,1293.7
2022-08-30 20:00:00,1211.7
2022-08-30 21:00:00,1175.8
2022-08-30 22:00:00,1131.6
2022-08-30 23:00:00,1138.2
2022-08-31 00:00:00,1118.0
2022-08-31 01:00:00,1106.9
2022-08-31 02:00:00,1206.3
2022-08-31 03:00:00,1184.8
2022-08-31 04:00:00,1216.5
2022-08-31 05:00:00,1259.6
2022-08-31 06:00:00,1292.6
2022-08-31 07:00:00,1293.6
2022-08-31 08:00:00,1348.1
2022-08-31 09:00:00,1360.7
2022-08-31 10:00:00,1403.7
2022-08-31 11:00:00,1413.8
2022-08-31 12:00:00,1395.2
2022-08-31 13:00:00,1359.9
2022-08-31 14:00:00,1387.4
2022-08-31 15:00:00,1351.4
2022-08-31 16:00:00,1268.2
2022-08-31 17:00:00,1302.5
2022-08-31 18:00:00,1276.0
2022-08-31 19:00:00,1282.8
2022-08-31 20:00:00,1157.9
2022-08-31 21:00:00,1121.3
2022-08-31 22:00:00,1079.4
2022-08-31 23:00:00,1103.1
2022-09-01 00:00:00,1097.0
2022-09-01 01:00:00,1071.1
2022-09-01 02:00:00,1104.7
2022-09-01 03:00:00,1074.0
2022-09-01 04:00:00,1191.9
2022-09-01 05:00:00,1177.0
2022-09-01 06:00:00,1237.8
2022-09-01 07:00:00,1234.9
2022-09-01 08:00:00,1296.5
2022-09-01 09:00:00,1337.0
2022-09-01 10:00:00,1369.2
2022-09-01 11:00:00,1399.4
2022-09-01 12:00:00,1433.9
2022-09-01 13:00:00,1408.3
2022-09-01 14:00:00,1401.0
2022-09-01 15:00:00,1392.6
2022-09-01 16:00:00,1336.2
2022-09-01 17:00:00,1283.0
2022-09-01 18:00:00,1276.8
2022-09-01 19:00:00,1241.2
2022-09-01 20:00:00,1193.7
2022-09-01 21:00:00,1101.1
2022-09-01 22:00:00,1097.3
2022-09-01 23:00:00,1101.0
2022-09-02 00:00:00,1129.3
2022-09-02 01:00:00,1112.3
2022-09-02 02:00:00,1164.0
2022-09-02 03:00:00,1195.2
2022-09-02 04:00:00,1224.9
2022-09-02 05:00:00,1263.5
2022-09-02 06:00:00,1237.3
2022-09-02 07:00:00,1324.1
2022-09-02 08:00:00,1330.0
2022-09-02 09:00:00,1332.3
2022-09-02 10:00:00,1399.5
2022-09-02 11:00:00,1465.5
2022-09-02 12:00:00,1447.3
2022-09-02 13:00:00,1491.6
2022-09-02 14:00:00,1424.2
2022-09-02 15:00:00,1471.2
2022-09-02 16:00:00,1374.9
2022-09-02 17:00:00,1336.9
2022-09-02 18:00:00,1261.9
2022-09-02 19:00:00,1297.7
2022-09-02 20:00:00,1216.1
2022-09-02 21:00:00,1183.6
2022-09-02 22:00:00,1220.6
2022-09-02 23:00:00,1204.9
2022-09-03 00:00:00,1202.0
2022-09-03 01:00:00,1165.2
2022-09-03 02:00:00,1192.5
2022-09-03 03:00:00,1219.0
2022-09-03 04:00:00,1278.3
2022-09-03 05:00:00,1340.6
2022-09-03 06:00:00,1346.7
2022-09-03 07:00:00,1436.6
2022-09-03 08:00:00,1443.4
2022-09-03 09:00:00,1443.3
2022-09-03 10:00:00,1501.8
2022-09-03 11:00:00,1545.9
2022-09-03 12:00:00,1562.4
2022-09-03 13:00:00,1535.6
2022-09-03 14:00:00,1488.4
2022-09-03 15:00:00,1459.9
2022-09-03 16:00:00,1455.1
2022-09-03 17:00:00,1454.3
2022-09-03 18:00:00,1380.6
2022-09-03 19:00:00,1344.7
2022-09-03 20:00:00,1298.6
2022-09-03 21:00:00,1258.3
2022-09-03 22:00:00,1241.5
2022-09-03 23:00:00,1237.4
2022-09-04 00:00:00,1281.7
2022-09-04 01:00:00,1229.9
2022-09-04 02:00:00,1255.3
2022-09-04 03:00:00,1253.3
2022-09-04 04:00:00,1333.3
2022-09-04 05:00:00,1390.4
2022-09-04 06:00:00,1438.3
2022-09-04 07:00:00,1435.7
2022-09-04 08:00:00,1484.2
2022-09-04 09:00:00,1494.4
2022-09-04 10:00:00,1539.6
2022-09-04 11:00:00,1549.0
2022-09-04 12:00:00,1547.1
2022-09-04 13:00:00,1545.0
2022-09-04 14:00:00,1539.9
2022-09-04 15:00:00,1494.1
2022-09-04 16:00:00,1464.8
2022-09-04 17:00:00,1487.3
2022-09-04 18:00:00,1478.6
2022-09-04 19:00:00,1322.3
2022-09-04 20:00:00,1284.3
2022-09-04 21:00:00,1262.0
2022-09-04 22:00:00,1263.4
2022-09-04 23:00:00,1277.8
2022-09-05 00:00:00,1263.0
2022-09-05 01:00:00,1254.8
2022-09-05 02:00:00,1279.6
2022-09-05 03:00:00,1265.9
2022-09-05 04:00:00,1309.3
2022-09-05 05:00:00,1351.1
2022-09-05 06:00:00,1341.7
2022-09-05 07:00:00,1391.9
2022-09-05 08:00:00,1427.8
2022-09-05 09:00:00,1513.8
2022-09-05 10:00:00,1520.5
2022-09-05 11:00:00,1544.7
2022-09-05 12:00:00,1474.4
2022-09-05 13:00:00,1478.1
2022-09-05 14:00:00,1525.5
2022-09-05 15:00:00,1396.3
2022-09-05 16:00:00,1483.2
2022-09-05 17:00:00,1353.3
2022-09-05 18:00:00,1392.2
2022-09-05 19:00:00,1299.0
2022-09-05 20:00:00,1318.5
2022-09-05 21:00:00,1349.7
2022-09-05 22:00:00,1158.9
2022-09-05 23:00:00,1230.3
2022-09-06 00:00:00,1147.4
2022-09-06 01:00:00,1216.8
2022-09-06 02:00:00,1210.0
2022-09-06 03:00:00,1241.1
2022-09-06 04:00:00,1238.1
2022-09-06 05:00:00,1322.2
2022-09-06 06:00:00,1291.2
2022-09-06 07:00:00,1407.8
2022-09-06 08:00:00,1391.5
2022-09-06 09:00:00,1389.8
2022-09-06 10:00:00,1500.5
2022-09-06 11:00:00,1462.7
2022-09-06 12:00:00,1524.0
2022-09-06 13:00:00,1495.3
2022-09-06 14:00:00,1416.8
2022-09-06 15:00:00,1411.3
2022-09-06 16:00:00,1383.5
2022-09-06 17:00:00,1386.5
2022-09-06 18:00:00,1312.1
2022-09-06 19:00:00,1262.5
2022-09-06 20:00:00,1212.1
2022-09-06 21:00:00,1182.7
2022-09-06 22:00:00,1196.7
2022-09-06 23:00:00,1139.9
2022-09-07 00:00:00,1120.1
2022-09-07 01:00:00,1117.5
2022-09-07 02:00:00,1130.1
2022-09-07 03:00:00,1126.0
2022-09-07 04:00:00,1174.1
2022-09-07 05:00:00,1275.3
2022-09-07 06:00:00,1260.5
2022-09-07 07:00:00,1324.4
2022-09-07 08:00:00,1262.8
2022-09-07 09:00:00,1383.1
2022-09-07 10:00:00,1383.0
2022-09-07 11:00:00,1386.4
2022-09-07 12:00:00,1409.5
2022-09-07 13:00:00,1382.2
2022-09-07 14:00:00,1316.6
2022-09-07 15:00:00,1382.5
2022-09-07 16:00:00,1329.6
2022-09-07 17:00:00,1275.2
2022-09-07 18:00:00,1215.5
2022-09-07 19:00:00,1160.3
2022-09-07 20:00:00,1173.8
2022-09-07 21:00:00,1183.3
2022-09-07 22:00:00,1116.2
2022-09-07 23:00:00,1052.8
2022-09-08 00:00:00,1095.2
2022-09-08 01:00:00,1091.4
2022-09-08 02:00:00,1133.4
2022-09-08 03:00:00,1149.1
2022-09-08 04:00:00,1072.1
2022-09-08 05:00:00,1214.0
2022-09-08 06:00:00,1206.3
2022-09-08 07:00:00,1232.7
2022-09-08 08:00:00,1306.0
2022-09-08 09:00:00,1355.3
2022-09-08 10:00:00,1318.0
2022-09-08 11:00:00,1403.8
2022-09-08 12:00:00,1411.3
2022-09-08 13:00:00,1385.4
2022-09-08 14:00:00,1343.8
2022-09-08 15:00:00,1317.6
2022-09-08 16:00:00,1347.7
2022-09-08 17:00:00,1236.5
2022-09-08 18:00:00,1276.2
2022-09-08 19:00:00,1201.9
2022-09-08 20:00:00,1169.2
2022-09-08 21:00:00,1091.3
2022-09-08 22:00:00,1115.9
2022-09-08 23:00:00,1125.5
2022-09-09 00:00:00,1063.7
2022-09-09 01:00:00,1125.8
2022-09-09 02:00:00,1130.5
2022-09-09 03:00:00,1134.4
2022-09-09 04:00:00,1212.5
2022-09-09 05:00:00,1159.2
2022-09-09 06:00:00,1276.8
2022-09-09 07:00:00,1356.2
2022-09-09 08:00:00,1389.4
2022-09-09 09:00:00,1391.5
2022-09-09 10:00:00,1397.2
2022-09-09 11:00:00,1404.7
2022-09-09 12:00:00,1422.5
2022-09-09 13:00:00,1445.5
2022-09-09 14:00:00,1392.7
2022-09-09 15:00:00,1418.6
2022-09-09 16:00:00,1431.7
2022-09-09 17:00:00,1332.5
2022-09-09 18:00:00,1258.1
2022-09-09 19:00:00,1222.2
2022-09-09 20:00:00,1252.6
2022-09-09 21:00:00,1199.4
2022-09-09 22:00:00,1206.7
2022-09-09 23:00:00,1152.4
2022-09-10 00:00:00,1191.2
2022-09-10 01:00:00,1169.6
2022-09-10 02:00:00,1170.3
2022-09-10 03:00:00,1207.1
2022-09-10 04:00:00,1217.3
2022-09-10 05:00:00,1352.0
2022-09-10 06:00:00,1331.2
2022-09-10 07:00:00,1395.1
2022-09-10 08:00:00,1398.7
2022-09-10 09:00:00,1417.2
2022-09-10 10:00:00,1468.4
2022-09-10 11:00:00,1526.1
2022-09-10 12:00:00,1485.3
2022-09-10 13:00:00,1472.4
2022-09-10 14:00:00,1490.8
2022-09-10 15:00:00,1479.8
2022-09-10 16:00:00,1485.6
2022-09-10 17:00:00,1413.2
2022-09-10 18:00:00,1385.4
2022-09-10 19:00:00,1351.2
2022-09-10 20:00:00,1261.0
2022-09-10 21:00:00,1237.8
2022-09-10 22:00:00,1212.4
2022-09-10 23:00:00,1192.0
2022-09-11 00:00:00,1252.6
2022-09-11 01:00:00,1244.4
2022-09-11 02:00:00,1254.8
2022-09-11 03:00:00,1200.1
2022-09-11 04:00:00,1372.2
2022-09-11 05:00:00,1321.3
2022-09-11 06:00:00,1449.9
2022-09-11 07:00:00,1384.9
2022-09-11 08:00:00,1441.3
2022-09-11 09:00:00,1431.7
2022-09-11 10:00:00,1533.4
2022-09-11 11:00:00,1505.4
2022-09-11 12:00:00,1512.0
2022-09-11 13:00:00,1498.5
2022-09-11 14:00:00,1548.6
2022-09-11 15:00:00,1523.1
2022-09-11 16:00:00,1525.4
2022-09-11 17:00:00,1414.4
2022-09-11 18:00:00,1402.8
2022-09-11 19:00:00,1318.7
2022-09-11 20:00:00,1311.0
2022-09-11 21:00:00,1274.1
2022-09-11 22:00:00,1279.4
2022-09-11 23:00:00,1280.5
2022-09-12 00:00:00,1274.0
2022-09-12 01:00:00,1223.4
2022-09-12 02:00:00,1292.7
2022-09-12 03:00:00,1284.4
2022-09-12 04:00:00,1306.0
2022-09-12 05:00:00,1329.5
2022-09-12 06:00:00,1371.5
2022-09-12 07:00:00,1478.1
2022-09-12 08:00:00,1469.8
2022-09-12 09:00:00,1495.3
2022-09-12 10:00:00,1504.4
2022-09-12 11:00:00,1598.9
2022-09-12 12:00:00,1568.0
2022-09-12 13:00:00,1500.2
2022-09-12 14:00:00,1496.6
2022-09-12 15:00:00,1472.5
2022-09-12 16:00:00,1450.1
2022-09-12 17:00:00,1386.3
2022-09-12 18:00:00,1379.3
2022-09-12 19:00:00,1368.6
2022-09-12 20:00:00,1247.0
2022-09-12 21:00:00,1219.0
2022-09-12 22:00:00,1211.9
2022-09-12 23:00:00,1195.7
2022-09-13 00:00:00,1261.0
2022-09-13 01:00:00,1233.5
2022-09-13 02:00:00,1244.0
2022-09-13 03:00:00,1228.8
2022-09-13 04:00:00,1256.3
2022-09-13 05:00:00,1254.7
2022-09-13 06:00:00,1357.6
2022-09-13 07:00:00,1384.8
2022-09-13 08:00:00,1441.9
2022-09-13 09:00:00,1425.1
2022-09-13 10:00:00,1448.0
2022-09-13 11:00:00,1469.4
2022-09-13 12:00:00,1493.1
2022-09-13 13:00:00,1414.2
2022-09-13 14:00:00,1462.4
2022-09-13 15:00:00,1412.9
2022-09-13 16:00:00,1347.7
2022-09-13 17:00:00,1277.8
2022-09-13 18:00:00,1294.5
2022-09-13 19:00:00,1300.3
2022-09-13 20:00:00,1268.1
2022-09-13 21:00:00,1194.6
2022-09-13 22:00:00,1216.2
2022-09-13 23:00:00,1138.3
2022-09-14 00:00:00,1160.4
2022-09-14 01:00:00,1120.7
2022-09-14 02:00:00,1131.1
2022-09-14 03:00:00,1147.5
2022-09-14 04:00:00,1134.6
2022-09-14 05:00:00,1268.8
2022-09-14 06:00:00,1247.4
2022-09-14 07:00:00,1279.1
2022-09-14 08:00:00,1301.7
2022-09-14 09:00:00,1359.9
2022-09-14 10:00:00,1440.7
2022-09-14 11:00:00,1463.6
2022-09-14 12:00:00,1354.2
2022-09-14 13:00:00,1386.4
2022-09-14 14:00:00,1349.3
2022-09-14 15:00:00,1384.6
2022-09-14 16:00:00,1330.9
2022-09-14 17:00:00,1265.6
2022-09-14 18:00:00,1246.7
2022-09-14 19:00:00,1190.1
2022-09-14 20:00:00,1215.6
2022-09-14 21:00:00,1151.5
2022-09-14 22:00:00,1130.4
2022-09-14 23:00:00,1014.5
2022-09-15 00:00:00,1086.7
2022-09-15 01:00:00,1155.7
2022-09-15 02:00:00,1147.4
2022-09-15 03:00:00,1075.7
2022-09-15 04:00:00,1152.5
2022-09-15 05:00:00,1161.9
2022-09-15 06:00:00,1288.0
2022-09-15 07:00:00,1282.9
2022-09-15 08:00:00,1288.9
2022-09-15 09:00:00,1344.3
2022-09-15 10:00:00,1289.3
2022-09-15 11:00:00,1350.5
2022-09-15 12:00:00,1389.9
2022-09-15 13:00:00,1409.8
2022-09-15 14:00:00,1312.0
2022-09-15 15:00:00,1335.9
2022-09-15 16:00:00,1347.6
2022-09-15 17:00:00,1238.8
2022-09-15 18:00:00,1251.6
2022-09-15 19:00:00,1209.3
2022-09-15 20:00:00,1224.0
2022-09-15 21:00:00,1136.2
2022-09-15 22:00:00,1115.7
2022-09-15 23:00:00,1133.3
2022-09-16 00:00:00,1064.6
2022-09-16 01:00:00,1104.8
2022-09-16 02:00:00,1114.7
2022-09-16 03:00:00,1150.1
2022-09-16 04:00:00,1213.0
2022-09-16 05:00:00,1242.6
2022-09-16 06:00:00,1244.6
2022-09-16 07:00:00,1312.4
2022-09-16 08:00:00,1391.6
2022-09-16 09:00:00,1355.6
2022-09-16 10:00:00,1411.3
2022-09-16 11:00:00,1418.8
2022-09-16 12:00:00,1430.5
2022-09-16 13:00:00,1381.0
2022-09-16 14:00:00,1460.1
2022-09-16 15:00:00,1373.5
2022-09-16 16:00:00,1399.3
2022-09-16 17:00:00,1316.6
2022-09-16 18:00:00,1280.6
2022-09-16 19:00:00,1299.8
2022-09-16 20:00:00,1260.1
2022-09-16 21:00:00,1208.4
2022-09-16 22:00:00,1204.1
2022-09-16 23:00:00,1160.7
2022-09-17 00:00:00,1167.0
2022-09-17 01:00:00,1155.5
2022-09-17 02:00:00,1220.4
2022-09-17 03:00:00,1199.3
2022-09-17 04:00:00,1298.7
2022-09-17 05:00:00,1283.9
2022-09-17 06:00:00,1335.7
2022-09-17 07:00:00,1399.6
2022-09-17 08:00:00,1416.6
2022-09-17 09:00:00,1440.9
2022-09-17 10:00:00,1475.6
2022-09-17 11:00:00,1521.1
2022-09-17 12:00:00,1482.2
2022-09-17 13:00:00,1495.9
2022-09-17 14:00:00,1487.6
2022-09-17 15:00:00,1492.0
2022-09-17 16:00:00,1434.5
2022-09-17 17:00:00,1458.0
2022-09-17 18:00:00,1362.7
2022-09-17 19:00:00,1323.7
2022-09-17 20:00:00,1291.8
2022-09-17 21:00:00,1228.5
2022-09-17 22:00:00,1215.2
2022-09-17 23:00:00,1217.4
2022-09-18 00:00:00,1264.2
2022-09-18 01:00:00,1236.1
2022-09-18 02:00:00,1239.3
2022-09-18 03:00:00,1316.1
2022-09-18 04:00:00,1358.5
2022-09-18 05:00:00,1387.2
2022-09-18 06:00:00,1364.2
2022-09-18 07:00:00,1415.0
2022-09-18 08:00:00,1521.6
2022-09-18 09:00:00,1506.5
2022-09-18 10:00:00,1516.1
2022-09-18 11:00:00,1561.5
2022-09-18 12:00:00,1576.0
2022-09-18 13:00:00,1524.1
2022-09-18 14:00:00,1533.4
2022-09-18 15:00:00,1531.2
2022-09-18 16:00:00,1437.8
2022-09-18 17:00:00,1437.0
2022-09-18 18:00:00,1364.5
2022-09-18 19:00:00,1329.5
2022-09-18 20:00:00,1305.8
2022-09-18 21:00:00,1305.7
2022-09-18 22:00:00,1257.5
2022-09-18 23:00:00,1232.2
2022-09-19 00:00:00,1247.5
2022-09-19 01:00:00,1216.0
2022-09-19 02:00:00,1277.4
2022-09-19 03:00:00,1321.4
2022-09-19 04:00:00,1315.2
2022-09-19 05:00:00,1346.5
2022-09-19 06:00:00,1401.4
2022-09-19 07:00:00,1366.8
2022-09-19 08:00:00,1478.5
2022-09-19 09:00:00,1585.0
2022-09-19 10:00:00,1510.5
2022-09-19 11:00:00,1523.9
2022-09-19 12:00:00,1553.1
2022-09-19 13:00:00,1573.1
2022-09-19 14:00:00,1536.1
2022-09-19 15:00:00,1416.3
2022-09-19 16:00:00,1464.6
2022-09-19 17:00:00,1486.5
2022-09-19 18:00:00,1386.9
2022-09-19 19:00:00,1292.4
2022-09-19 20:00:00,1296.9
2022-09-19 21:00:00,1216.5
2022-09-19 22:00:00,1265.5
2022-09-19 23:00:00,1182.3
2022-09-20 00:00:00,1205.4
2022-09-20 01:00:00,1179.9
2022-09-20 02:00:00,1201.4
2022-09-20 03:00:00,1283.5
2022-09-20 04:00:00,1270.2
2022-09-20 05:00:00,1283.7
2022-09-20 06:00:00,1302.1
2022-09-20 07:00:00,1316.2
2022-09-20 08:00:00,1368.0
2022-09-20 09:00:00,1437.1
2022-09-20 10:00:00,1484.0
2022-09-20 11:00:00,1449.8
2022-09-20 12:00:00,1515.9
2022-09-20 13:00:00,1439.1
2022-09-20 14:00:00,1435.6
2022-09-20 15:00:00,1383.5
2022-09-20 16:00:00,1411.6
2022-09-20 17:00:00,1405.7
2022-09-20 18:00:00,1248.2
2022-09-20 19:00:00,1249.0
2022-09-20 20:00:00,1258.3
2022-09-20 21:00:00,1143.0
2022-09-20 22:00:00,1176.8
2022-09-20 23:00:00,1178.8
2022-09-21 00:00:00,1136.7
2022-09-21 01:00:00,1153.3
2022-09-21 02:00:00,1202.0
2022-09-21 03:00:00,1228.9
2022-09-21 04:00:00,1197.2
2022-09-21 05:00:00,1216.8
2022-09-21 06:00:00,1241.7
2022-09-21 07:00:00,1335.1
2022-09-21 08:00:00,1298.6
2022-09-21 09:00:00,1361.2
2022-09-21 10:00:00,1393.6
2022-09-21 11:00:00,1388.4
2022-09-21 12:00:00,1415.2
2022-09-21 13:00:00,1476.8
2022-09-21 14:00:00,1379.5
2022-09-21 15:00:00,1344.6
2022-09-21 16:00:00,1355.6
2022-09-21 17:00:00,1294.7
2022-09-21 18:00:00,1290.6
2022-09-21 19:00:00,1212.3
2022-09-21 20:00:00,1162.6
2022-09-21 21:00:00,1084.4
2022-09-21 22:00:00,1064.6
2022-09-21 23:00:00,1042.4
2022-09-22 00:00:00,1103.0
2022-09-22 01:00:00,1055.3
2022-09-22 02:00:00,1148.3
2022-09-22 03:00:00,1135.0
2022-09-22 04:00:00,1157.6
2022-09-22 05:00:00,1175.7
2022-09-22 06:00:00,1258.4
2022-09-22 07:00:00,1254.5
2022-09-22 08:00:00,1285.5
2022-09-22 09:00:00,1382.1
2022-09-22 10:00:00,1381.3
2022-09-22 11:00:00,1379.1
2022-09-22 12:00:00,1411.2
2022-09-22 13:00:00,1387.8
2022-09-22 14:00:00,1384.9
2022-09-22 15:00:00,1326.1
2022-09-22 16:00:00,1382.7
2022-09-22 17:00:00,1268.2
2022-09-22 18:00:00,1294.7
2022-09-22 19:00:00,1204.9
2022-09-22 20:00:00,1200.1
2022-09-22 21:00:00,1168.4
2022-09-22 22:00:00,1158.6
2022-09-22 23:00:00,1085.8
2022-09-23 00:00:00,1140.0
2022-09-23 01:00:00,1170.2
2022-09-23 02:00:00,1124.0
2022-09-23 03:00:00,1158.8
2022-09-23 04:00:00,1175.3
2022-09-23 05:00:00,1219.0
2022-09-23 06:00:00,1321.9
2022-09-23 07:00:00,1281.7
2022-09-23 08:00:00,1322.2
2022-09-23 09:00:00,1432.4
2022-09-23 10:00:00,1429.2
2022-09-23 11:00:00,1491.7
2022-09-23 12:00:00,1422.4
2022-09-23 13:00:00,1437.3
2022-09-23 14:00:00,1401.5
2022-09-23 15:00:00,1404.6
2022-09-23 16:00:00,1318.9
2022-09-23 17:00:00,1359.4
2022-09-23 18:00:00,1312.7
2022-09-23 19:00:00,1265.4
2022-09-23 20:00:00,1222.2
2022-09-23 21:00:00,1179.0
2022-09-23 22:00:00,1206.9
2022-09-23 23:00:00,1137.9
2022-09-24 00:00:00,1186.3
2022-09-24 01:00:00,1241.3
2022-09-24 02:00:00,1241.7
2022-09-24 03:00:00,1178.8
2022-09-24 04:00:00,1241.9
2022-09-24 05:00:00,1309.8
2022-09-24 06:00:00,1336.9
2022-09-24 07:00:00,1338.7
2022-09-24 08:00:00,1431.4
2022-09-24 09:00:00,1453.4
2022-09-24 10:00:00,1537.9
2022-09-24 11:00:00,1490.6
2022-09-24 12:00:00,1541.1
2022-09-24 13:00:00,1465.6
2022-09-24 14:00:00,1460.5
2022-09-24 15:00:00,1491.7
2022-09-24 16:00:00,1474.1
2022-09-24 17:00:00,1379.1
2022-09-24 18:00:00,1372.2
2022-09-24 19:00:00,1293.5
2022-09-24 20:00:00,1295.6
2022-09-24 21:00:00,1297.3
2022-09-24 22:00:00,1237.4
2022-09-24 23:00:00,1230.0
2022-09-25 00:00:00,1200.4
2022-09-25 01:00:00,1221.8
2022-09-25 02:00:00,1310.8
2022-09-25 03:00:00,1285.7
2022-09-25 04:00:00,1286.1
2022-09-25 05:00:00,1344.4
2022-09-25 06:00:00,1346.1
2022-09-25 07:00:00,1403.7
2022-09-25 08:00:00,1512.3
2022-09-25 09:00:00,1499.4
2022-09-25 10:00:00,1585.2
2022-09-25 11:00:00,1541.4
2022-09-25 12:00:00,1549.1
2022-09-25 13:00:00,1564.9
2022-09-25 14:00:00,1451.1
2022-09-25 15:00:00,1514.0
2022-09-25 16:00:00,1475.6
2022-09-25 17:00:00,1485.7
2022-09-25 18:00:00,1431.3
2022-09-25 19:00:00,1329.5
2022-09-25 20:00:00,1364.5
2022-09-25 21:00:00,1288.0
2022-09-25 22:00:00,1244.6
2022-09-25 23:00:00,1262.2
2022-09-26 00:00:00,1244.5
2022-09-26 01:00:00,1301.2
2022-09-26 02:00:00,1279.4
2022-09-26 03:00:00,1298.3
2022-09-26 04:00:00,1349.2
2022-09-26 05:00:00,1390.0
2022-09-26 06:00:00,1418.4
2022-09-26 07:00:00,1475.0
2022-09-26 08:00:00,1485.4
2022-09-26 09:00:00,1501.7
2022-09-26 10:00:00,1556.1
2022-09-26 11:00:00,1529.5
2022-09-26 12:00:00,1536.6
2022-09-26 13:00:00,1580.2
2022-09-26 14:00:00,1560.3
2022-09-26 15:00:00,1485.5
2022-09-26 16:00:00,1439.0
2022-09-26 17:00:00,1458.1
2022-09-26 18:00:00,1397.1
2022-09-26 19:00:00,1341.4
2022-09-26 20:00:00,1283.7
2022-09-26 21:00:00,1269.8
2022-09-26 22:00:00,1232.8
2022-09-26 23:00:00,1196.0
2022-09-27 00:00:00,1212.1
2022-09-27 01:00:00,1218.6
2022-09-27 02:00:00,1211.6
2022-09-27 03:00:00,1271.1
2022-09-27 04:00:00,1310.9
2022-09-27 05:00:00,1334.6
2022-09-27 06:00:00,1333.2
2022-09-27 07:00:00,1400.1
2022-09-27 08:00:00,1413.0
2022-09-27 09:00:00,1401.8
2022-09-27 10:00:00,1479.9
2022-09-27 11:00:00,1476.2
2022-09-27 12:00:00,1551.7
2022-09-27 13:00:00,1509.6
2022-09-27 14:00:00,1469.3
2022-09-27 15:00:00,1428.6
2022-09-27 16:00:00,1392.1
2022-09-27 17:00:00,1318.0
2022-09-27 18:00:00,1254.2
2022-09-27 19:00:00,1238.5
2022-09-27 20:00:00,1224.2
2022-09-27 21:00:00,1128.6
2022-09-27 22:00:00,1148.9
2022-09-27 23:00:00,1140.1
2022-09-28 00:00:00,1133.2
2022-09-28 01:00:00,1122.3
2022-09-28 02:00:00,1144.3
2022-09-28 03:00:00,1227.6
2022-09-28 04:00:00,1224.4
2022-09-28 05:00:00,1221.5
2022-09-28 06:00:00,1272.7
2022-09-28 07:00:00,1310.5
2022-09-28 08:00:00,1322.3
2022-09-28 09:00:00,1351.2
2022-09-28 10:00:00,1426.4
2022-09-28 11:00:00,1396.5
2022-09-28 12:00:00,1379.5
2022-09-28 13:00:00,1404.2
2022-09-28 14:00:00,1392.3
2022-09-28 15:00:00,1304.2
2022-09-28 16:00:00,1329.6
2022-09-28 17:00:00,1319.3
2022-09-28 18:00:00,1266.6
2022-09-28 19:00:00,1280.0
2022-09-28 20:00:00,1213.3
2022-09-28 21:00:00,1187.2
2022-09-28 22:00:00,1203.0
2022-09-28 23:00:00,1126.0
2022-09-29 00:00:00,1102.3
2022-09-29 01:00:00,1131.2
2022-09-29 02:00:00,1099.7
2022-09-29 03:00:00,1143.2
2022-09-29 04:00:00,1151.4
2022-09-29 05:00:00,1218.8
2022-09-29 06:00:00,1226.1
2022-09-29 07:00:00,1264.0
2022-09-29 08:00:00,1333.4
2022-09-29 09:00:00,1348.3
2022-09-29 10:00:00,1318.8
2022-09-29 11:00:00,1348.5
2022-09-29 12:00:00,1363.5
2022-09-29 13:00:00,1367.1
2022-09-29 14:00:00,1391.9
2022-09-29 15:00:00,1363.2
2022-09-29 16:00:00,1358.6
2022-09-29 17:00:00,1314.3
2022-09-29 18:00:00,1286.3
2022-09-29 19:00:00,1235.0
2022-09-29 20:00:00,1188.3
2022-09-29 21:00:00,1185.5
2022-09-29 22:00:00,1158.0
2022-09-29 23:00:00,1128.5
2022-09-30 00:00:00,1152.1
2022-09-30 01:00:00,1050.6
2022-09-30 02:00:00,1129.3
2022-09-30 03:00:00,1154.8
2022-09-30 04:00:00,1231.8
2022-09-30 05:00:00,1282.9
2022-09-30 06:00:00,1233.4
2022-09-30 07:00:00,1360.5
2022-09-30 08:00:00,1321.7
2022-09-30 09:00:00,1356.2
2022-09-30 10:00:00,1409.8
2022-09-30 11:00:00,1425.0
2022-09-30 12:00:00,1395.6
2022-09-30 13:00:00,1459.5
2022-09-30 14:00:00,1448.2
2022-09-30 15:00:00,1438.5
2022-09-30 16:00:00,1365.7
2022-09-30 17:00:00,1344.2
2022-09-30 18:00:00,1308.6
2022-09-30 19:00:00,1324.3
2022-09-30 20:00:00,1155.5
2022-09-30 21:00:00,1183.7
2022-09-30 22:00:00,1191.8
2022-09-30 23:00:00,1147.1
2022-10-01 00:00:00,1169.9
2022-10-01 01:00:00,1182.0
2022-10-01 02:00:00,1184.1
2022-10-01 03:00:00,1232.6
2022-10-01 04:00:00,1283.6
2022-10-01 05:00:00,1296.8
2022-10-01 06:00:00,1332.1
2022-10-01 07:00:00,1382.5
2022-10-01 08:00:00,1426.4
2022-10-01 09:00:00,1408.3
2022-10-01 10:00:00,1501.1
2022-10-01 11:00:00,1491.5
2022-10-01 12:00:00,1550.8
2022-10-01 13:00:00,1528.3
2022-10-01 14:00:00,1533.3
2022-10-01 15:00:00,1446.6
2022-10-01 16:00:00,1437.3
2022-10-01 17:00:00,1377.5
2022-10-01 18:00:00,1357.2
2022-10-01 19:00:00,1379.5
2022-10-01 20:00:00,1352.6
2022-10-01 21:00:00,1244.7
2022-10-01 22:00:00,1243.7
2022-10-01 23:00:00,1242.2
2022-10-02 00:00:00,1258.9
2022-10-02 01:00:00,1195.5
2022-10-02 02:00:00,1217.0
2022-10-02 03:00:00,1305.3
2022-10-02 04:00:00,1264.8
2022-10-02 05:00:00,1347.6
2022-10-02 06:00:00,1406.0
2022-10-02 07:00:00,1453.8
2022-10-02 08:00:00,1474.4
2022-10-02 09:00:00,1499.9
2022-10-02 10:00:00,1561.0
2022-10-02 11:00:00,1560.1
2022-10-02 12:00:00,1538.0
2022-10-02 13:00:00,1554.1
2022-10-02 14:00:00,1550.0
2022-10-02 15:00:00,1566.7
2022-10-02 16:00:00,1508.0
2022-10-02 17:00:00,1484.9
2022-10-02 18:00:00,1391.4
2022-10-02 19:00:00,1355.2
2022-10-02 20:00:00,1327.5
2022-10-02 21:00:00,1299.0
2022-10-02 22:00:00,1248.9
2022-10-02 23:00:00,1301.7
2022-10-03 00:00:00,1284.5
2022-10-03 01:00:00,1253.3
2022-10-03 02:00:00,1295.9
2022-10-03 03:00:00,1306.3
2022-10-03 04:00:00,1351.3
2022-10-03 05:00:00,1324.5
2022-10-03 06:00:00,1398.1
2022-10-03 07:00:00,1438.2
2022-10-03 08:00:00,1493.5
2022-10-03 09:00:00,1485.5
2022-10-03 10:00:00,1451.6
2022-10-03 11:00:00,1507.4
2022-10-03 12:00:00,1541.4
2022-10-03 13:00:00,1538.2
2022-10-03 14:00:00,1569.9
2022-10-03 15:00:00,1511.0
2022-10-03 16:00:00,1462.8
2022-10-03 17:00:00,1421.0
2022-10-03 18:00:00,1414.0
2022-10-03 19:00:00,1322.1
2022-10-03 20:00:00,1297.0
2022-10-03 21:00:00,1235.0
2022-10-03 22:00:00,1283.9
2022-10-03 23:00:00,1235.6
2022-10-04 00:00:00,1194.8
2022-10-04 01:00:00,1215.1
2022-10-04 02:00:00,1246.1
2022-10-04 03:00:00,1244.4
2022-10-04 04:00:00,1264.1
2022-10-04 05:00:00,1293.9
2022-10-04 06:00:00,1359.7
2022-10-04 07:00:00,1374.7
2022-10-04 08:00:00,1405.1
2022-10-04 09:00:00,1406.8
2022-10-04 10:00:00,1470.1
2022-10-04 11:00:00,1474.4
2022-10-04 12:00:00,1472.4
2022-10-04 13:00:00,1479.9
2022-10-04 14:00:00,1478.5
2022-10-04 15:00:00,1450.4
2022-10-04 16:00:00,1411.9
2022-10-04 17:00:00,1349.0
2022-10-04 18:00:00,1297.6
2022-10-04 19:00:00,1241.6
2022-10-04 20:00:00,1216.1
2022-10-04 21:00:00,1200.6
2022-10-04 22:00:00,1149.9
2022-10-04 23:00:00,1158.7
2022-10-05 00:00:00,1119.0
2022-10-05 01:00:00,1100.7
2022-10-05 02:00:00,1187.5
2022-10-05 03:00:00,1170.0
2022-10-05 04:00:00,1187.8
2022-10-05 05:00:00,1213.9
2022-10-05 06:00:00,1295.9
2022-10-05 07:00:00,1361.0
2022-10-05 08:00:00,1341.7
2022-10-05 09:00:00,1376.3
2022-10-05 10:00:00,1436.7
2022-10-05 11:00:00,1363.3
2022-10-05 12:00:00,1479.9
2022-10-05 13:00:00,1487.3
2022-10-05 14:00:00,1316.1
2022-10-05 15:00:00,1369.0
2022-10-05 16:00:00,1317.8
2022-10-05 17:00:00,1293.9
2022-10-05 18:00:00,1249.1
2022-10-05 19:00:00,1246.0
2022-10-05 20:00:00,1181.0
2022-10-05 21:00:00,1125.1
2022-10-05 22:00:00,1122.5
2022-10-05 23:00:00,1127.4
2022-10-06 00:00:00,1070.6
2022-10-06 01:00:00,1061.3
2022-10-06 02:00:00,1185.0
2022-10-06 03:00:00,1129.5
2022-10-06 04:00:00,1175.5
2022-10-06 05:00:00,1203.7
2022-10-06 06:00:00,1270.9
2022-10-06 07:00:00,1346.6
2022-10-06 08:00:00,1347.2
2022-10-06 09:00:00,1315.7
2022-10-06 10:00:00,1344.0
2022-10-06 11:00:00,1389.1
2022-10-06 12:00:00,1398.8
2022-10-06 13:00:00,1350.9
2022-10-06 14:00:00,1413.0
2022-10-06 15:00:00,1333.0
2022-10-06 16:00:00,1380.4
2022-10-06 17:00:00,1355.3
2022-10-06 18:00:00,1255.7
2022-10-06 19:00:00,1238.9
2022-10-06 20:00:00,1154.1
2022-10-06 21:00:00,1180.3
2022-10-06 22:00:00,1124.5
2022-10-06 23:00:00,1093.7
2022-10-07 00:00:00,1114.4
2022-10-07 01:00:00,1116.2
2022-10-07 02:00:00,1137.4
2022-10-07 03:00:00,1201.7
2022-10-07 04:00:00,1182.9
2022-10-07 05:00:00,1297.0
2022-10-07 06:00:00,1246.4
2022-10-07 07:00:00,1375.8
2022-10-07 08:00:00,1335.6
2022-10-07 09:00:00,1399.7
2022-10-07 10:00:00,1411.4
2022-10-07 11:00:00,1433.5
2022-10-07 12:00:00,1475.7
2022-10-07 13:00:00,1494.3
2022-10-07 14:00:00,1472.9
2022-10-07 15:00:00,1404.1
2022-10-07 16:00:00,1393.6
2022-10-07 17:00:00,1331.4
2022-10-07 18:00:00,1289.2
2022-10-07 19:00:00,1248.7
2022-10-07 20:00:00,1236.8
2022-10-07 21:00:00,1229.4
2022-10-07 22:00:00,1143.8
2022-10-07 23:00:00,1187.8
2022-10-08 00:00:00,1232.6
2022-10-08 01:00:00,1229.0
2022-10-08 02:00:00,1195.8
2022-10-08 03:00:00,1198.3
2022-10-08 04:00:00,1288.1
2022-10-08 05:00:00,1244.0
2022-10-08 06:00:00,1388.7
2022-10-08 07:00:00,1390.7
2022-10-08 08:00:00,1491.2
2022-10-08 09:00:00,1418.4
2022-10-08 10:00:00,1524.5
2022-10-08 11:00:00,1511.7
2022-10-08 12:00:00,1512.7
2022-10-08 13:00:00,1479.2
2022-10-08 14:00:00,1525.9
2022-10-08 15:00:00,1507.1
2022-10-08 16:00:00,1511.8
2022-10-08 17:00:00,1454.9
2022-10-08 18:00:00,1370.4
2022-10-08 19:00:00,1321.7
2022-10-08 20:00:00,1276.8
2022-10-08 21:00:00,1333.3
2022-10-08 22:00:00,1244.0
2022-10-08 23:00:00,1298.8
2022-10-09 00:00:00,1267.1
2022-10-09 01:00:00,1268.2
2022-10-09 02:00:00,1265.9
2022-10-09 03:00:00,1320.5
2022-10-09 04:00:00,1332.8
2022-10-09 05:00:00,1359.9
2022-10-09 06:00:00,1432.1
2022-10-09 07:00:00,1447.1
2022-10-09 08:00:00,1464.8
2022-10-09 09:00:00,1538.9
2022-10-09 10:00:00,1543.9
2022-10-09 11:00:00,1576.3
2022-10-09 12:00:00,1554.0
2022-10-09 13:00:00,1526.9
2022-10-09 14:00:00,1600.8
2022-10-09 15:00:00,1571.7
2022-10-09 16:00:00,1521.1
2022-10-09 17:00:00,1447.1
2022-10-09 18:00:00,1411.0
2022-10-09 19:00:00,1422.7
2022-10-09 20:00:00,1334.3
2022-10-09 21:00:00,1294.7
2022-10-09 22:00:00,1345.6
2022-10-09 23:00:00,1272.6
2022-10-10 00:00:00,1321.5
2022-10-10 01:00:00,1230.9
2022-10-10 02:00:00,1302.6
2022-10-10 03:00:00,1372.2
2022-10-10 04:00:00,1341.1
2022-10-10 05:00:00,1367.3
2022-10-10 06:00:00,1377.9
2022-10-10 07:00:00,1482.9
2022-10-10 08:00:00,1462.2
2022-10-10 09:00:00,1512.0
2022-10-10 10:00:00,1500.1
2022-10-10 11:00:00,1597.2
2022-10-10 12:00:00,1588.5
2022-10-10 13:00:00,1545.9
2022-10-10 14:00:00,1495.3
2022-10-10 15:00:00,1550.2
2022-10-10 16:00:00,1460.0
2022-10-10 17:00:00,1399.5
2022-10-10 18:00:00,1338.7
2022-10-10 19:00:00,1331.1
2022-10-10 20:00:00,1268.3
2022-10-10 21:00:00,1259.7
2022-10-10 22:00:00,1274.4
2022-10-10 23:00:00,1223.3
2022-10-11 00:00:00,1237.5
2022-10-11 01:00:00,1207.6
2022-10-11 02:00:00,1243.6
2022-10-11 03:00:00,1320.3
2022-10-11 04:00:00,1280.5
2022-10-11 05:00:00,1335.9
2022-10-11 06:00:00,1313.4
2022-10-11 07:00:00,1441.9
2022-10-11 08:00:00,1415.3
2022-10-11 09:00:00,1489.3
2022-10-11 10:00:00,1475.0
2022-10-11 11:00:00,1509.2
2022-10-11 12:00:00,1513.1
2022-10-11 13:00:00,1471.4
2022-10-11 14:00:00,1499.8
2022-10-11 15:00:00,1417.6
2022-10-11 16:00:00,1429.7
2022-10-11 17:00:00,1355.6
2022-10-11 18:00:00,1336.1
2022-10-11 19:00:00,1270.1
2022-10-11 20:00:00,1246.5
2022-10-11 21:00:00,1179.0
2022-10-11 22:00:00,1192.1
2022-10-11 23:00:00,1168.3
2022-10-12 00:00:00,1143.0
2022-10-12 01:00:00,1160.1
2022-10-12 02:00:00,1178.2
2022-10-12 03:00:00,1177.0
2022-10-12 04:00:00,1220.3
2022-10-12 05:00:00,1227.8
2022-10-12 06:00:00,1364.9
2022-10-12 07:00:00,1362.8
2022-10-12 08:00:00,1373.3
2022-10-12 09:00:00,1429.2
2022-10-12 10:00:00,1356.5
2022-10-12 11:00:00,1352.3
2022-10-12 12:00:00,1420.3
2022-10-12 13:00:00,1384.1
2022-10-12 14:00:00,1401.7
2022-10-12 15:00:00,1389.5
2022-10-12 16:00:00,1378.5
2022-10-12 17:00:00,1279.1
2022-10-12 18:00:00,1285.2
2022-10-12 19:00:00,1233.6
2022-10-12 20:00:00,1206.4
2022-10-12 21:00:00,1148.3
2022-10-12 22:00:00,1180.7
2022-10-12 23:00:00,1120.4
2022-10-13 00:00:00,1171.0
2022-10-13 01:00:00,1098.6
2022-10-13 02:00:00,1159.2
2022-10-13 03:00:00,1158.6
2022-10-13 04:00:00,1181.4
2022-10-13 05:00:00,1246.3
2022-10-13 06:00:00,1257.2
2022-10-13 07:00:00,1225.3
2022-10-13 08:00:00,1249.7
2022-10-13 09:00:00,1411.2
2022-10-13 10:00:00,1434.2
2022-10-13 11:00:00,1469.5
2022-10-13 12:00:00,1418.2
2022-10-13 13:00:00,1375.6
2022-10-13 14:00:00,1387.7
2022-10-13 15:00:00,1377.8
2022-10-13 16:00:00,1317.3
2022-10-13 17:00:00,1362.0
2022-10-13 18:00:00,1342.3
2022-10-13 19:00:00,1252.0
2022-10-13 20:00:00,1202.7
2022-10-13 21:00:00,1134.7
2022-10-13 22:00:00,1197.9
2022-10-13 23:00:00,1140.6
2022-10-14 00:00:00,1126.4
2022-10-14 01:00:00,1156.6
2022-10-14 02:00:00,1141.7
2022-10-14 03:00:00,1189.6
2022-10-14 04:00:00,1175.3
2022-10-14 05:00:00,1289.6
2022-10-14 06:00:00,1295.1
2022-10-14 07:00:00,1374.3
2022-10-14 08:00:00,1372.2
2022-10-14 09:00:00,1407.8
2022-10-14 10:00:00,1402.0
2022-10-14 11:00:00,1478.8
2022-10-14 12:00:00,1437.6
2022-10-14 13:00:00,1447.0
2022-10-14 14:00:00,1449.5
2022-10-14 15:00:00,1432.1
2022-10-14 16:00:00,1349.2
2022-10-14 17:00:00,1360.2
2022-10-14 18:00:00,1355.1
2022-10-14 19:00:00,1284.1
2022-10-14 20:00:00,1255.6
2022-10-14 21:00:00,1239.2
2022-10-14 22:00:00,1209.8
2022-10-14 23:00:00,1170.7
2022-10-15 00:00:00,1198.5
2022-10-15 01:00:00,1237.6
2022-10-15 02:00:00,1194.3
2022-10-15 03:00:00,1241.5
2022-10-15 04:00:00,1245.4
2022-10-15 05:00:00,1354.3
2022-10-15 06:00:00,1365.1
2022-10-15 07:00:00,1384.2
2022-10-15 08:00:00,1451.6
2022-10-15 09:00:00,1446.7
2022-10-15 10:00:00,1478.5
2022-10-15 11:00:00,1483.6
2022-10-15 12:00:00,1503.3
2022-10-15 13:00:00,1573.7
2022-10-15 14:00:00,1498.7
2022-10-15 15:00:00,1513.4
2022-10-15 16:00:00,1445.9
2022-10-15 17:00:00,1460.1
2022-10-15 18:00:00,1370.2
2022-10-15 19:00:00,1365.7
2022-10-15 20:00:00,1332.2
2022-10-15 21:00:00,1371.7
2022-10-15 22:00:00,1299.1
2022-10-15 23:00:00,1249.5
2022-10-16 00:00:00,1284.7
2022-10-16 01:00:00,1335.3
2022-10-16 02:00:00,1239.1
2022-10-16 03:00:00,1288.2
2022-10-16 04:00:00,1339.1
2022-10-16 05:00:00,1371.4
2022-10-16 06:00:00,1414.2
2022-10-16 07:00:00,1425.2
2022-10-16 08:00:00,1543.9
2022-10-16 09:00:00,1491.3
2022-10-16 10:00:00,1552.8
2022-10-16 11:00:00,1606.1
2022-10-16 12:00:00,1579.7
2022-10-16 13:00:00,1546.8
2022-10-16 14:00:00,1521.3
2022-10-16 15:00:00,1531.5
2022-10-16 16:00:00,1485.0
2022-10-16 17:00:00,1478.0
2022-10-16 18:00:00,1391.1
2022-10-16 19:00:00,1418.7
2022-10-16 20:00:00,1361.5
2022-10-16 21:00:00,1332.5
2022-10-16 22:00:00,1345.9
2022-10-16 23:00:00,1274.1
2022-10-17 00:00:00,1259.9
2022-10-17 01:00:00,1269.7
2022-10-17 02:00:00,1294.6
2022-10-17 03:00:00,1320.6
2022-10-17 04:00:00,1328.6
2022-10-17 05:00:00,1327.9
2022-10-17 06:00:00,1409.4
2022-10-17 07:00:00,1474.6
2022-10-17 08:00:00,1502.7
2022-10-17 09:00:00,1564.2
2022-10-17 10:00:00,1609.2
2022-10-17 11:00:00,1586.7
2022-10-17 12:00:00,1608.7
2022-10-17 13:00:00,1583.3
2022-10-17 14:00:00,1594.7
2022-10-17 15:00:00,1573.1
2022-10-17 16:00:00,1513.0
2022-10-17 17:00:00,1467.3
2022-10-17 18:00:00,1399.0
2022-10-17 19:00:00,1362.8
2022-10-17 20:00:00,1315.3
2022-10-17 21:00:00,1310.6
2022-10-17 22:00:00,1244.1
2022-10-17 23:00:00,1242.4
2022-10-18 00:00:00,1169.8
2022-10-18 01:00:00,1294.7
2022-10-18 02:00:00,1248.7
2022-10-18 03:00:00,1290.1
2022-10-18 04:00:00,1348.4
2022-10-18 05:00:00,1347.1
2022-10-18 06:00:00,1417.4
2022-10-18 07:00:00,1372.8
2022-10-18 08:00:00,1515.3
2022-10-18 09:00:00,1504.2
2022-10-18 10:00:00,1498.8
2022-10-18 11:00:00,1547.4
2022-10-18 12:00:00,1471.8
2022-10-18 13:00:00,1490.2
2022-10-18 14:00:00,1524.3
2022-10-18 15:00:00,1398.2
2022-10-18 16:00:00,1437.1
2022-10-18 17:00:00,1397.2
2022-10-18 18:00:00,1398.7
2022-10-18 19:00:00,1250.5
2022-10-18 20:00:00,1307.3
2022-10-18 21:00:00,1208.4
2022-10-18 22:00:00,1185.2
2022-10-18 23:00:00,1144.3
2022-10-19 00:00:00,1140.6
2022-10-19 01:00:00,1187.9
2022-10-19 02:00:00,1154.9
2022-10-19 03:00:00,1231.8
2022-10-19 04:00:00,1218.4
2022-10-19 05:00:00,1235.7
2022-10-19 06:00:00,1292.8
2022-10-19 07:00:00,1355.3
2022-10-19 08:00:00,1371.0
2022-10-19 09:00:00,1409.3
2022-10-19 10:00:00,1451.0
2022-10-19 11:00:00,1475.7
2022-10-19 12:00:00,1437.2
2022-10-19 13:00:00,1408.4
2022-10-19 14:00:00,1425.3
2022-10-19 15:00:00,1411.8
2022-10-19 16:00:00,1321.3
2022-10-19 17:00:00,1300.9
2022-10-19 18:00:00,1266.0
2022-10-19 19:00:00,1241.3
2022-10-19 20:00:00,1187.5
2022-10-19 21:00:00,1199.5
2022-10-19 22:00:00,1105.5
2022-10-19 23:00:00,1090.5
2022-10-20 00:00:00,1122.2
2022-10-20 01:00:00,1131.5
2022-10-20 02:00:00,1107.7
2022-10-20 03:00:00,1156.7
2022-10-20 04:00:00,1193.8
2022-10-20 05:00:00,1230.1
2022-10-20 06:00:00,1285.3
2022-10-20 07:00:00,1299.9
2022-10-20 08:00:00,1400.5
2022-10-20 09:00:00,1402.3
2022-10-20 10:00:00,1387.7
2022-10-20 11:00:00,1430.4
2022-10-20 12:00:00,1437.1
2022-10-20 13:00:00,1465.5
2022-10-20 14:00:00,1397.0
2022-10-20 15:00:00,1415.2
2022-10-20 16:00:00,1363.5
2022-10-20 17:00:00,1372.1
2022-10-20 18:00:00,1328.6
2022-10-20 19:00:00,1258.4
2022-10-20 20:00:00,1209.9
2022-10-20 21:00:00,1203.6
2022-10-20 22:00:00,1160.9
2022-10-20 23:00:00,1203.5
2022-10-21 00:00:00,1152.3
2022-10-21 01:00:00,1144.9
2022-10-21 02:00:00,1160.3
2022-10-21 03:00:00,1163.7
2022-10-21 04:00:00,1250.2
2022-10-21 05:00:00,1247.4
2022-10-21 06:00:00,1346.1
2022-10-21 07:00:00,1315.7
2022-10-21 08:00:00,1397.0
2022-10-21 09:00:00,1461.4
2022-10-21 10:00:00,1388.8
2022-10-21 11:00:00,1531.6
2022-10-21 12:00:00,1466.2
2022-10-21 13:00:00,1480.9
2022-10-21 14:00:00,1481.7
2022-10-21 15:00:00,1465.4
2022-10-21 16:00:00,1423.7
2022-10-21 17:00:00,1412.2
2022-10-21 18:00:00,1362.0
2022-10-21 19:00:00,1363.5
2022-10-21 20:00:00,1293.2
2022-10-21 21:00:00,1308.4
2022-10-21 22:00:00,1255.8
2022-10-21 23:00:00,1162.7
2022-10-22 00:00:00,1293.2
2022-10-22 01:00:00,1205.8
2022-10-22 02:00:00,1286.0
2022-10-22 03:00:00,1268.8
2022-10-22 04:00:00,1334.0
2022-10-22 05:00:00,1320.7
2022-10-22 06:00:00,1402.0
2022-10-22 07:00:00,1417.5
2022-10-22 08:00:00,1511.6
2022-10-22 09:00:00,1511.4
2022-10-22 10:00:00,1553.0
2022-10-22 11:00:00,1477.9
2022-10-22 12:00:00,1548.2
2022-10-22 13:00:00,1560.7
2022-10-22 14:00:00,1542.8
2022-10-22 15:00:00,1543.8
2022-10-22 16:00:00,1475.5
2022-10-22 17:00:00,1454.3
2022-10-22 18:00:00,1451.9
2022-10-22 19:00:00,1311.7
2022-10-22 20:00:00,1363.9
2022-10-22 21:00:00,1307.4
2022-10-22 22:00:00,1268.4
2022-10-22 23:00:00,1293.0
2022-10-23 00:00:00,1316.6
2022-10-23 01:00:00,1318.0
2022-10-23 02:00:00,1299.6
2022-10-23 03:00:00,1355.5
2022-10-23 04:00:00,1388.0
2022-10-23 05:00:00,1397.0
2022-10-23 06:00:00,1419.1
2022-10-23 07:00:00,1461.0
2022-10-23 08:00:00,1542.7
2022-10-23 09:00:00,1548.5
2022-10-23 10:00:00,1543.2
2022-10-23 11:00:00,1540.0
2022-10-23 12:00:00,1621.4
2022-10-23 13:00:00,1575.6
2022-10-23 14:00:00,1587.6
2022-10-23 15:00:00,1591.5
2022-10-23 16:00:00,1484.4
2022-10-23 17:00:00,1486.4
2022-10-23 18:00:00,1444.0
2022-10-23 19:00:00,1421.7
2022-10-23 20:00:00,1411.2
2022-10-23 21:00:00,1302.9
2022-10-23 22:00:00,1335.8
2022-10-23 23:00:00,1334.3
2022-10-24 00:00:00,1292.1
2022-10-24 01:00:00,1298.1
2022-10-24 02:00:00,1329.0
2022-10-24 03:00:00,1349.8
2022-10-24 04:00:00,1387.0
2022-10-24 05:00:00,1421.6
2022-10-24 06:00:00,1412.9
2022-10-24 07:00:00,1509.7
2022-10-24 08:00:00,1549.8
2022-10-24 09:00:00,1550.0
2022-10-24 10:00:00,1521.9
2022-10-24 11:00:00,1576.7
2022-10-24 12:00:00,1589.3
2022-10-24 13:00:00,1542.2
2022-10-24 14:00:00,1548.9
2022-10-24 15:00:00,1491.6
2022-10-24 16:00:00,1519.0
2022-10-24 17:00:00,1467.5
2022-10-24 18:00:00,1372.1
2022-10-24 19:00:00,1390.9
2022-10-24 20:00:00,1340.2
2022-10-24 21:00:00,1323.9
2022-10-24 22:00:00,1270.3
2022-10-24 23:00:00,1240.5
2022-10-25 00:00:00,1233.8
2022-10-25 01:00:00,1243.3
2022-10-25 02:00:00,1272.3
2022-10-25 03:00:00,1297.3
2022-10-25 04:00:00,1315.5
2022-10-25 05:00:00,1341.9
2022-10-25 06:00:00,1380.1
2022-10-25 07:00:00,1501.9
2022-10-25 08:00:00,1436.9
2022-10-25 09:00:00,1471.4
2022-10-25 10:00:00,1608.0
2022-10-25 11:00:00,1533.9
2022-10-25 12:00:00,1482.1
2022-10-25 13:00:00,1540.8
2022-10-25 14:00:00,1470.3
2022-10-25 15:00:00,1498.2
2022-10-25 16:00:00,1430.7
2022-10-25 17:00:00,1384.8
2022-10-25 18:00:00,1404.6
2022-10-25 19:00:00,1331.7
2022-10-25 20:00:00,1305.0
2022-10-25 21:00:00,1255.0
2022-10-25 22:00:00,1202.1
2022-10-25 23:00:00,1216.1
2022-10-26 00:00:00,1226.3
2022-10-26 01:00:00,1196.7
2022-10-26 02:00:00,1259.1
2022-10-26 03:00:00,1252.0
2022-10-26 04:00:00,1261.5
2022-10-26 05:00:00,1296.5
2022-10-26 06:00:00,1329.7
2022-10-26 07:00:00,1324.6
2022-10-26 08:00:00,1393.5
2022-10-26 09:00:00,1431.9
2022-10-26 10:00:00,1434.6
2022-10-26 11:00:00,1470.4
2022-10-26 12:00:00,1464.2
2022-10-26 13:00:00,1479.9
2022-10-26 14:00:00,1460.0
2022-10-26 15:00:00,1419.8
2022-10-26 16:00:00,1341.2
2022-10-26 17:00:00,1398.4
2022-10-26 18:00:00,1300.4
2022-10-26 19:00:00,1262.3
2022-10-26 20:00:00,1217.2
2022-10-26 21:00:00,1180.8
2022-10-26 22:00:00,1217.1
2022-10-26 23:00:00,1196.7
2022-10-27 00:00:00,1162.7
2022-10-27 01:00:00,1150.8
2022-10-27 02:00:00,1187.2
2022-10-27 03:00:00,1194.4
2022-10-27 04:00:00,1217.4
2022-10-27 05:00:00,1269.3
2022-10-27 06:00:00,1284.8
2022-10-27 07:00:00,1344.6
2022-10-27 08:00:00,1379.6
2022-10-27 09:00:00,1423.1
2022-10-27 10:00:00,1410.7
2022-10-27 11:00:00,1466.2
2022-10-27 12:00:00,1423.5
2022-10-27 13:00:00,1429.3
2022-10-27 14:00:00,1416.5
2022-10-27 15:00:00,1377.5
2022-10-27 16:00:00,1410.2
2022-10-27 17:00:00,1315.7
2022-10-27 18:00:00,1286.4
2022-10-27 19:00:00,1307.6
2022-10-27 20:00:00,1218.2
2022-10-27 21:00:00,1200.3
2022-10-27 22:00:00,1153.5
2022-10-27 23:00:00,1195.7
2022-10-28 00:00:00,1192.9
2022-10-28 01:00:00,1196.8
2022-10-28 02:00:00,1207.9
2022-10-28 03:00:00,1220.0
2022-10-28 04:00:00,1235.4
2022-10-28 05:00:00,1265.2
2022-10-28 06:00:00,1369.6
2022-10-28 07:00:00,1395.1
2022-10-28 08:00:00,1390.1
2022-10-28 09:00:00,1445.8
2022-10-28 10:00:00,1462.1
2022-10-28 11:00:00,1455.0
2022-10-28 12:00:00,1502.1
2022-10-28 13:00:00,1482.0
2022-10-28 14:00:00,1453.8
2022-10-28 15:00:00,1417.0
2022-10-28 16:00:00,1386.4
2022-10-28 17:00:00,1389.0
2022-10-28 18:00:00,1361.8
2022-10-28 19:00:00,1302.3
2022-10-28 20:00:00,1314.9
2022-10-28 21:00:00,1265.5
2022-10-28 22:00:00,1264.0
2022-10-28 23:00:00,1229.3
2022-10-29 00:00:00,1209.2
2022-10-29 01:00:00,1244.4
2022-10-29 02:00:00,1221.2
2022-10-29 03:00:00,1302.2
2022-10-29 04:00:00,1292.1
2022-10-29 05:00:00,1387.0
2022-10-29 06:00:00,1391.1
2022-10-29 07:00:00,1475.0
2022-10-29 08:00:00,1448.6
2022-10-29 09:00:00,1496.0
2022-10-29 10:00:00,1554.5
2022-10-29 11:00:00,1596.1
2022-10-29 12:00:00,1618.9
2022-10-29 13:00:00,1567.8
2022-10-29 14:00:00,1609.5
2022-10-29 15:00:00,1524.5
2022-10-29 16:00:00,1537.7
2022-10-29 17:00:00,1442.8
2022-10-29 18:00:00,1447.4
2022-10-29 19:00:00,1328.1
2022-10-29 20:00:00,1330.9
2022-10-29 21:00:00,1349.7
2022-10-29 22:00:00,1274.7
2022-10-29 23:00:00,1314.0
2022-10-30 00:00:00,1325.3
2022-10-30 01:00:00,1290.1
2022-10-30 02:00:00,1292.9
2022-10-30 03:00:00,1333.4
2022-10-30 04:00:00,1351.4
2022-10-30 05:00:00,1415.0
2022-10-30 06:00:00,1461.4
2022-10-30 07:00:00,1489.4
2022-10-30 08:00:00,1586.2
2022-10-30 09:00:00,1546.6
2022-10-30 10:00:00,1634.9
2022-10-30 11:00:00,1577.8
2022-10-30 12:00:00,1617.2
2022-10-30 13:00:00,1646.1
2022-10-30 14:00:00,1630.2
2022-10-30 15:00:00,1560.3
2022-10-30 16:00:00,1558.9
2022-10-30 17:00:00,1519.0
2022-10-30 18:00:00,1451.5
2022-10-30 19:00:00,1447.4
2022-10-30 20:00:00,1448.6
2022-10-30 21:00:00,1375.6
2022-10-30 22:00:00,1354.4
2022-10-30 23:00:00,1342.2
2022-10-31 00:00:00,1272.6
2022-10-31 01:00:00,1334.7
2022-10-31 02:00:00,1304.7
2022-10-31 03:00:00,1340.5
2022-10-31 04:00:00,1453.2
2022-10-31 05:00:00,1415.9
2022-10-31 06:00:00,1439.0
2022-10-31 07:00:00,1533.4
2022-10-31 08:00:00,1505.2
2022-10-31 09:00:00,1549.9
2022-10-31 10:00:00,1623.1
2022-10-31 11:00:00,1600.3
2022-10-31 12:00:00,1555.6
2022-10-31 13:00:00,1611.8
2022-10-31 14:00:00,1566.8
2022-10-31 15:00:00,1599.1
2022-10-31 16:00:00,1501.6
2022-10-31 17:00:00,1513.0
2022-10-31 18:00:00,1493.7
2022-10-31 19:00:00,1373.9
2022-10-31 20:00:00,1355.1
2022-10-31 21:00:00,1339.1
2022-10-31 22:00:00,1275.4
2022-10-31 23:00:00,1291.8
2022-11-01 00:00:00,1269.3
2022-11-01 01:00:00,1271.2
2022-11-01 02:00:00,1292.3
2022-11-01 03:00:00,1314.2
2022-11-01 04:00:00,1345.3
2022-11-01 05:00:00,1355.8
2022-11-01 06:00:00,1393.2
2022-11-01 07:00:00,1442.3
2022-11-01 08:00:00,1477.9
2022-11-01 09:00:00,1494.3
2022-11-01 10:00:00,1538.1
2022-11-01 11:00:00,1486.1
2022-11-01 12:00:00,1520.9
2022-11-01 13:00:00,1526.4
2022-11-01 14:00:00,1491.3
2022-11-01 15:00:00,1539.1
2022-11-01 16:00:00,1456.9
2022-11-01 17:00:00,1422.6
2022-11-01 18:00:00,1361.2
2022-11-01 19:00:00,1333.6
2022-11-01 20:00:00,1258.7
2022-11-01 21:00:00,1256.3
2022-11-01 22:00:00,1206.8
2022-11-01 23:00:00,1208.9
2022-11-02 00:00:00,1132.7
2022-11-02 01:00:00,1178.3
2022-11-02 02:00:00,1268.5
2022-11-02 03:00:00,1270.9
2022-11-02 04:00:00,1314.2
2022-11-02 05:00:00,1350.2
2022-11-02 06:00:00,1365.3
2022-11-02 07:00:00,1368.2
2022-11-02 08:00:00,1384.7
2022-11-02 09:00:00,1479.3
2022-11-02 10:00:00,1468.7
2022-11-02 11:00:00,1554.7
2022-11-02 12:00:00,1472.2
2022-11-02 13:00:00,1535.6
2022-11-02 14:00:00,1455.1
2022-11-02 15:00:00,1474.5
2022-11-02 16:00:00,1452.9
2022-11-02 17:00:00,1333.8
2022-11-02 18:00:00,1309.9
2022-11-02 19:00:00,1253.5
2022-11-02 20:00:00,1210.4
2022-11-02 21:00:00,1235.3
2022-11-02 22:00:00,1184.7
2022-11-02 23:00:00,1176.5
2022-11-03 00:00:00,1185.9
2022-11-03 01:00:00,1118.1
2022-11-03 02:00:00,1227.1
2022-11-03 03:00:00,1201.6
2022-11-03 04:00:00,1258.9
2022-11-03 05:00:00,1297.7
2022-11-03 06:00:00,1359.1
2022-11-03 07:00:00,1353.9
2022-11-03 08:00:00,1329.8
2022-11-03 09:00:00,1426.7
2022-11-03 10:00:00,1455.3
2022-11-03 11:00:00,1433.9
2022-11-03 12:00:00,1475.2
2022-11-03 13:00:00,1455.7
2022-11-03 14:00:00,1412.2
2022-11-03 15:00:00,1449.8
2022-11-03 16:00:00,1382.9
2022-11-03 17:00:00,1352.7
2022-11-03 18:00:00,1313.6
2022-11-03 19:00:00,1327.2
2022-11-03 20:00:00,1254.3
2022-11-03 21:00:00,1228.5
2022-11-03 22:00:00,1190.8
2022-11-03 23:00:00,1204.8
2022-11-04 00:00:00,1228.2
2022-11-04 01:00:00,1214.3
2022-11-04 02:00:00,1232.6
2022-11-04 03:00:00,1256.2
2022-11-04 04:00:00,1230.0
2022-11-04 05:00:00,1283.6
2022-11-04 06:00:00,1345.0
2022-11-04 07:00:00,1370.7
2022-11-04 08:00:00,1399.3
2022-11-04 09:00:00,1408.8
2022-11-04 10:00:00,1451.1
2022-11-04 11:00:00,1501.5
2022-11-04 12:00:00,1515.0
2022-11-04 13:00:00,1491.0
2022-11-04 14:00:00,1505.1
2022-11-04 15:00:00,1468.8
2022-11-04 16:00:00,1486.5
2022-11-04 17:00:00,1415.7
2022-11-04 18:00:00,1405.7
2022-11-04 19:00:00,1355.1
2022-11-04 20:00:00,1273.9
2022-11-04 21:00:00,1285.2
2022-11-04 22:00:00,1230.2
2022-11-04 23:00:00,1252.1
2022-11-05 00:00:00,1231.0
2022-11-05 01:00:00,1273.1
2022-11-05 02:00:00,1239.4
2022-11-05 03:00:00,1307.1
2022-11-05 04:00:00,1358.0
2022-11-05 05:00:00,1407.3
2022-11-05 06:00:00,1399.0
2022-11-05 07:00:00,1464.3
2022-11-05 08:00:00,1508.5
2022-11-05 09:00:00,1583.4
2022-11-05 10:00:00,1519.4
2022-11-05 11:00:00,1554.3
2022-11-05 12:00:00,1673.8
2022-11-05 13:00:00,1579.1
2022-11-05 14:00:00,1518.4
2022-11-05 15:00:00,1536.5
2022-11-05 16:00:00,1442.5
2022-11-05 17:00:00,1499.1
2022-11-05 18:00:00,1479.9
2022-11-05 19:00:00,1391.9
2022-11-05 20:00:00,1371.3
2022-11-05 21:00:00,1384.3
2022-11-05 22:00:00,1282.5
2022-11-05 23:00:00,1282.5
2022-11-06 00:00:00,1312.2
2022-11-06 01:00:00,1303.5
2022-11-06 02:00:00,1334.1
2022-11-06 03:00:00,1330.7
2022-11-06 04:00:00,1407.7
2022-11-06 05:00:00,1434.6
2022-11-06 06:00:00,1495.9
2022-11-06 07:00:00,1525.6
2022-11-06 08:00:00,1563.2
2022-11-06 09:00:00,1545.9
2022-11-06 10:00:00,1629.0
2022-11-06 11:00:00,1620.2
2022-11-06 12:00:00,1631.1
2022-11-06 13:00:00,1663.2
2022-11-06 14:00:00,1595.8
2022-11-06 15:00:00,1634.6
2022-11-06 16:00:00,1606.7
2022-11-06 17:00:00,1550.1
2022-11-06 18:00:00,1459.5
2022-11-06 19:00:00,1384.6
2022-11-06 20:00:00,1446.3
2022-11-06 21:00:00,1386.1
2022-11-06 22:00:00,1336.3
2022-11-06 23:00:00,1378.5
2022-11-07 00:00:00,1311.8
2022-11-07 01:00:00,1329.5
2022-11-07 02:00:00,1372.2
2022-11-07 03:00:00,1346.1
2022-11-07 04:00:00,1406.4
2022-11-07 05:00:00,1477.5
2022-11-07 06:00:00,1488.9
2022-11-07 07:00:00,1557.6
2022-11-07 08:00:00,1589.1
2022-11-07 09:00:00,1584.9
2022-11-07 10:00:00,1536.9
2022-11-07 11:00:00,1587.3
2022-11-07 12:00:00,1646.8
2022-11-07 13:00:00,1570.5
2022-11-07 14:00:00,1590.3
2022-11-07 15:00:00,1584.5
2022-11-07 16:00:00,1585.3
2022-11-07 17:00:00,1485.7
2022-11-07 18:00:00,1442.7
2022-11-07 19:00:00,1419.4
2022-11-07 20:00:00,1393.0
2022-11-07 21:00:00,1344.4
2022-11-07 22:00:00,1354.2
2022-11-07 23:00:00,1281.3
2022-11-08 00:00:00,1301.2
2022-11-08 01:00:00,1313.5
2022-11-08 02:00:00,1300.5
2022-11-08 03:00:00,1358.9
2022-11-08 04:00:00,1366.5
2022-11-08 05:00:00,1419.2
2022-11-08 06:00:00,1437.4
2022-11-08 07:00:00,1478.9
2022-11-08 08:00:00,1482.0
2022-11-08 09:00:00,1510.3
2022-11-08 10:00:00,1586.9
2022-11-08 11:00:00,1581.4
2022-11-08 12:00:00,1533.9
2022-11-08 13:00:00,1562.0
2022-11-08 14:00:00,1467.5
2022-11-08 15:00:00,1494.9
2022-11-08 16:00:00,1507.0
2022-11-08 17:00:00,1435.4
2022-11-08 18:00:00,1401.1
2022-11-08 19:00:00,1265.5
2022-11-08 20:00:00,1305.3
2022-11-08 21:00:00,1293.5
2022-11-08 22:00:00,1270.8
2022-11-08 23:00:00,1268.1
2022-11-09 00:00:00,1225.2
2022-11-09 01:00:00,1229.1
2022-11-09 02:00:00,1206.6
2022-11-09 03:00:00,1261.9
2022-11-09 04:00:00,1258.8
2022-11-09 05:00:00,1275.1
2022-11-09 06:00:00,1334.6
2022-11-09 07:00:00,1449.1
2022-11-09 08:00:00,1429.8
2022-11-09 09:00:00,1473.5
2022-11-09 10:00:00,1473.4
2022-11-09 11:00:00,1448.3
2022-11-09 12:00:00,1533.4
2022-11-09 13:00:00,1433.4
2022-11-09 14:00:00,1465.3
2022-11-09 15:00:00,1455.0
2022-11-09 16:00:00,1431.1
2022-11-09 17:00:00,1364.9
2022-11-09 18:00:00,1291.5
2022-11-09 19:00:00,1282.7
2022-11-09 20:00:00,1247.0
2022-11-09 21:00:00,1214.4
2022-11-09 22:00:00,1242.0
2022-11-09 23:00:00,1160.8
2022-11-10 00:00:00,1200.6
2022-11-10 01:00:00,1200.9
2022-11-10 02:00:00,1239.6
2022-11-10 03:00:00,1230.4
2022-11-10 04:00:00,1289.1
2022-11-10 05:00:00,1296.3
2022-11-10 06:00:00,1353.4
2022-11-10 07:00:00,1334.3
2022-11-10 08:00:00,1336.7
2022-11-10 09:00:00,1458.7
2022-11-10 10:00:00,1484.7
2022-11-10 11:00:00,1501.6
2022-11-10 12:00:00,1477.5
2022-11-10 13:00:00,1533.7
2022-11-10 14:00:00,1461.2
2022-11-10 15:00:00,1464.8
2022-11-10 16:00:00,1440.2
2022-11-10 17:00:00,1439.0
2022-11-10 18:00:00,1340.5
2022-11-10 19:00:00,1293.1
2022-11-10 20:00:00,1233.1
2022-11-10 21:00:00,1295.3
2022-11-10 22:00:00,1239.3
2022-11-10 23:00:00,1227.1
2022-11-11 00:00:00,1303.9
2022-11-11 01:00:00,1227.3
2022-11-11 02:00:00,1195.6
2022-11-11 03:00:00,1254.8
2022-11-11 04:00:00,1264.8
2022-11-11 05:00:00,1320.7
2022-11-11 06:00:00,1361.8
2022-11-11 07:00:00,1397.6
2022-11-11 08:00:00,1412.2
2022-11-11 09:00:00,1535.5
2022-11-11 10:00:00,1523.2
2022-11-11 11:00:00,1525.2
2022-11-11 12:00:00,1562.6
2022-11-11 13:00:00,1551.8
2022-11-11 14:00:00,1533.9
2022-11-11 15:00:00,1525.2
2022-11-11 16:00:00,1480.6
2022-11-11 17:00:00,1463.6
2022-11-11 18:00:00,1430.3
2022-11-11 19:00:00,1376.8
2022-11-11 20:00:00,1332.2
2022-11-11 21:00:00,1356.8
2022-11-11 22:00:00,1275.8
2022-11-11 23:00:00,1290.1
2022-11-12 00:00:00,1288.8
2022-11-12 01:00:00,1266.3
2022-11-12 02:00:00,1278.5
2022-11-12 03:00:00,1319.0
2022-11-12 04:00:00,1349.1
2022-11-12 05:00:00,1359.4
2022-11-12 06:00:00,1425.5
2022-11-12 07:00:00,1494.9
2022-11-12 08:00:00,1564.0
2022-11-12 09:00:00,1576.8
2022-11-12 10:00:00,1508.9
2022-11-12 11:00:00,1624.0
2022-11-12 12:00:00,1596.0
2022-11-12 13:00:00,1624.1
2022-11-12 14:00:00,1597.8
2022-11-12 15:00:00,1571.3
2022-11-12 16:00:00,1545.6
2022-11-12 17:00:00,1514.4
2022-11-12 18:00:00,1519.1
2022-11-12 19:00:00,1441.9
2022-11-12 20:00:00,1441.2
2022-11-12 21:00:00,1408.1
2022-11-12 22:00:00,1378.3
2022-11-12 23:00:00,1291.8
2022-11-13 00:00:00,1375.9
2022-11-13 01:00:00,1335.7
2022-11-13 02:00:00,1387.8
2022-11-13 03:00:00,1362.7
2022-11-13 04:00:00,1389.1
2022-11-13 05:00:00,1521.7
2022-11-13 06:00:00,1474.0
2022-11-13 07:00:00,1577.4
2022-11-13 08:00:00,1584.0
2022-11-13 09:00:00,1600.1
2022-11-13 10:00:00,1636.3
2022-11-13 11:00:00,1614.5
2022-11-13 12:00:00,1659.1
2022-11-13 13:00:00,1622.7
2022-11-13 14:00:00,1629.0
2022-11-13 15:00:00,1645.3
2022-11-13 16:00:00,1594.5
2022-11-13 17:00:00,1506.6
2022-11-13 18:00:00,1538.0
2022-11-13 19:00:00,1473.5
2022-11-13 20:00:00,1421.2
2022-11-13 21:00:00,1428.7
2022-11-13 22:00:00,1377.2
2022-11-13 23:00:00,1331.9
2022-11-14 00:00:00,1416.7
2022-11-14 01:00:00,1365.3
2022-11-14 02:00:00,1377.7
2022-11-14 03:00:00,1391.1
2022-11-14 04:00:00,1468.8
2022-11-14 05:00:00,1452.8
2022-11-14 06:00:00,1459.9
2022-11-14 07:00:00,1523.5
2022-11-14 08:00:00,1618.6
2022-11-14 09:00:00,1633.4
2022-11-14 10:00:00,1623.1
2022-11-14 11:00:00,1685.4
2022-11-14 12:00:00,1670.1
2022-11-14 13:00:00,1632.8
2022-11-14 14:00:00,1619.0
2022-11-14 15:00:00,1608.0
2022-11-14 16:00:00,1540.1
2022-11-14 17:00:00,1527.0
2022-11-14 18:00:00,1495.1
2022-11-14 19:00:00,1394.2
2022-11-14 20:00:00,1400.7
2022-11-14 21:00:00,1363.8
2022-11-14 22:00:00,1377.5
2022-11-14 23:00:00,1273.9
2022-11-15 00:00:00,1310.1
2022-11-15 01:00:00,1309.7
2022-11-15 02:00:00,1365.3
2022-11-15 03:00:00,1356.4
2022-11-15 04:00:00,1439.9
2022-11-15 05:00:00,1439.4
2022-11-15 06:00:00,1443.3
2022-11-15 07:00:00,1498.8
2022-11-15 08:00:00,1514.4
2022-11-15 09:00:00,1579.0
2022-11-15 10:00:00,1534.3
2022-11-15 11:00:00,1561.7
2022-11-15 12:00:00,1602.3
2022-11-15 13:00:00,1617.5
2022-11-15 14:00:00,1496.8
2022-11-15 15:00:00,1577.5
2022-11-15 16:00:00,1498.1
2022-11-15 17:00:00,1406.8
2022-11-15 18:00:00,1331.7
2022-11-15 19:00:00,1334.3
2022-11-15 20:00:00,1340.7
2022-11-15 21:00:00,1305.6
2022-11-15 22:00:00,1300.0
2022-11-15 23:00:00,1247.0
2022-11-16 00:00:00,1222.5
2022-11-16 01:00:00,1246.0
2022-11-16 02:00:00,1271.9
2022-11-16 03:00:00,1299.2
2022-11-16 04:00:00,1297.3
2022-11-16 05:00:00,1381.9
2022-11-16 06:00:00,1372.9
2022-11-16 07:00:00,1402.1
2022-11-16 08:00:00,1446.0
2022-11-16 09:00:00,1523.6
2022-11-16 10:00:00,1509.3
2022-11-16 11:00:00,1505.5
2022-11-16 12:00:00,1557.5
2022-11-16 13:00:00,1587.2
2022-11-16 14:00:00,1512.7
2022-11-16 15:00:00,1518.1
2022-11-16 16:00:00,1479.7
2022-11-16 17:00:00,1393.0
2022-11-16 18:00:00,1371.9
2022-11-16 19:00:00,1292.7
2022-11-16 20:00:00,1287.9
2022-11-16 21:00:00,1243.3
2022-11-16 22:00:00,1225.4
2022-11-16 23:00:00,1199.3
2022-11-17 00:00:00,1207.5
2022-11-17 01:00:00,1236.7
2022-11-17 02:00:00,1231.8
2022-11-17 03:00:00,1203.1
2022-11-17 04:00:00,1267.6
2022-11-17 05:00:00,1280.5
2022-11-17 06:00:00,1372.3
2022-11-17 07:00:00,1419.2
2022-11-17 08:00:00,1448.3
2022-11-17 09:00:00,1448.4
2022-11-17 10:00:00,1503.8
2022-11-17 11:00:00,1498.0
2022-11-17 12:00:00,1483.8
2022-11-17 13:00:00,1536.0
2022-11-17 14:00:00,1524.2
2022-11-17 15:00:00,1505.4
2022-11-17 16:00:00,1428.8
2022-11-17 17:00:00,1447.6
2022-11-17 18:00:00,1360.0
2022-11-17 19:00:00,1357.1
2022-11-17 20:00:00,1287.6
2022-11-17 21:00:00,1266.8
2022-11-17 22:00:00,1178.8
2022-11-17 23:00:00,1229.3
2022-11-18 00:00:00,1238.0
2022-11-18 01:00:00,1230.1
2022-11-18 02:00:00,1312.2
2022-11-18 03:00:00,1250.7
2022-11-18 04:00:00,1302.1
2022-11-18 05:00:00,1330.4
2022-11-18 06:00:00,1381.9
2022-11-18 07:00:00,1471.1
2022-11-18 08:00:00,1523.3
2022-11-18 09:00:00,1491.7
2022-11-18 10:00:00,1517.5
2022-11-18 11:00:00,1522.3
2022-11-18 12:00:00,1604.1
2022-11-18 13:00:00,1596.3
2022-11-18 14:00:00,1547.5
2022-11-18 15:00:00,1487.9
2022-11-18 16:00:00,1462.5
2022-11-18 17:00:00,1473.7
2022-11-18 18:00:00,1449.3
2022-11-18 19:00:00,1335.1
2022-11-18 20:00:00,1354.3
2022-11-18 21:00:00,1384.6
2022-11-18 22:00:00,1308.8
2022-11-18 23:00:00,1348.2
2022-11-19 00:00:00,1321.0
2022-11-19 01:00:00,1277.2
2022-11-19 02:00:00,1319.1
2022-11-19 03:00:00,1351.0
2022-11-19 04:00:00,1360.5
2022-11-19 05:00:00,1399.2
2022-11-19 06:00:00,1515.5
2022-11-19 07:00:00,1482.8
2022-11-19 08:00:00,1583.7
2022-11-19 09:00:00,1572.3
2022-11-19 10:00:00,1611.4
2022-11-19 11:00:00,1647.0
2022-11-19 12:00:00,1620.1
2022-11-19 13:00:00,1652.9
2022-11-19 14:00:00,1562.2
2022-11-19 15:00:00,1615.7
2022-11-19 16:00:00,1500.0
2022-11-19 17:00:00,1533.7
2022-11-19 18:00:00,1529.8
2022-11-19 19:00:00,1486.5
2022-11-19 20:00:00,1395.1
2022-11-19 21:00:00,1370.2
2022-11-19 22:00:00,1363.0
2022-11-19 23:00:00,1376.5
2022-11-20 00:00:00,1306.9
2022-11-20 01:00:00,1374.5
2022-11-20 02:00:00,1401.1
2022-11-20 03:00:00,1408.9
2022-11-20 04:00:00,1465.9
2022-11-20 05:00:00,1494.7
2022-11-20 06:00:00,1512.0
2022-11-20 07:00:00,1510.4
2022-11-20 08:00:00,1610.0
2022-11-20 09:00:00,1609.7
2022-11-20 10:00:00,1645.9
2022-11-20 11:00:00,1693.5
2022-11-20 12:00:00,1727.7
2022-11-20 13:00:00,1679.7
2022-11-20 14:00:00,1683.1
2022-11-20 15:00:00,1599.9
2022-11-20 16:00:00,1619.9
2022-11-20 17:00:00,1574.9
2022-11-20 18:00:00,1575.0
2022-11-20 19:00:00,1483.2
2022-11-20 20:00:00,1456.0
2022-11-20 21:00:00,1463.8
2022-11-20 22:00:00,1405.2
2022-11-20 23:00:00,1359.4
2022-11-21 00:00:00,1463.6
2022-11-21 01:00:00,1359.3
2022-11-21 02:00:00,1404.0
2022-11-21 03:00:00,1439.4
2022-11-21 04:00:00,1467.2
2022-11-21 05:00:00,1488.7
2022-11-21 06:00:00,1526.6
2022-11-21 07:00:00,1562.7
2022-11-21 08:00:00,1571.2
2022-11-21 09:00:00,1698.8
2022-11-21 10:00:00,1650.1
2022-11-21 11:00:00,1688.0
2022-11-21 12:00:00,1663.5
2022-11-21 13:00:00,1656.0
2022-11-21 14:00:00,1636.2
2022-11-21 15:00:00,1577.6
2022-11-21 16:00:00,1586.2
2022-11-21 17:00:00,1540.6
2022-11-21 18:00:00,1547.0
2022-11-21 19:00:00,1434.9
2022-11-21 20:00:00,1415.0
2022-11-21 21:00:00,1372.0
2022-11-21 22:00:00,1416.0
2022-11-21 23:00:00,1329.2
2022-11-22 00:00:00,1364.5
2022-11-22 01:00:00,1379.3
2022-11-22 02:00:00,1358.2
2022-11-22 03:00:00,1342.4
2022-11-22 04:00:00,1371.2
2022-11-22 05:00:00,1471.4
2022-11-22 06:00:00,1443.9
2022-11-22 07:00:00,1529.5
2022-11-22 08:00:00,1554.6
2022-11-22 09:00:00,1590.7
2022-11-22 10:00:00,1614.6
2022-11-22 11:00:00,1584.6
2022-11-22 12:00:00,1585.6
2022-11-22 13:00:00,1628.4
2022-11-22 14:00:00,1570.2
2022-11-22 15:00:00,1479.9
2022-11-22 16:00:00,1548.0
2022-11-22 17:00:00,1458.5
2022-11-22 18:00:00,1462.0
2022-11-22 19:00:00,1448.2
2022-11-22 20:00:00,1368.1
2022-11-22 21:00:00,1363.7
2022-11-22 22:00:00,1311.9
2022-11-22 23:00:00,1337.4
2022-11-23 00:00:00,1250.2
2022-11-23 01:00:00,1284.4
2022-11-23 02:00:00,1317.4
2022-11-23 03:00:00,1312.9
2022-11-23 04:00:00,1381.9
2022-11-23 05:00:00,1368.3
2022-11-23 06:00:00,1480.0
2022-11-23 07:00:00,1518.2
2022-11-23 08:00:00,1497.1
2022-11-23 09:00:00,1534.3
2022-11-23 10:00:00,1575.4
2022-11-23 11:00:00,1517.2
2022-11-23 12:00:00,1516.8
2022-11-23 13:00:00,1587.1
2022-11-23 14:00:00,1541.1
2022-11-23 15:00:00,1500.8
2022-11-23 16:00:00,1475.4
2022-11-23 17:00:00,1366.1
2022-11-23 18:00:00,1391.9
2022-11-23 19:00:00,1335.1
2022-11-23 20:00:00,1348.1
2022-11-23 21:00:00,1318.5
2022-11-23 22:00:00,1281.3
2022-11-23 23:00:00,1260.2
2022-11-24 00:00:00,1197.8
2022-11-24 01:00:00,1265.1
2022-11-24 02:00:00,1280.9
2022-11-24 03:00:00,1323.0
2022-11-24 04:00:00,1380.1
2022-11-24 05:00:00,1302.0
2022-11-24 06:00:00,1380.0
2022-11-24 07:00:00,1408.5
2022-11-24 08:00:00,1472.4
2022-11-24 09:00:00,1499.2
2022-11-24 10:00:00,1516.1
2022-11-24 11:00:00,1569.6
2022-11-24 12:00:00,1511.6
2022-11-24 13:00:00,1509.2
2022-11-24 14:00:00,1495.7
2022-11-24 15:00:00,1492.9
2022-11-24 16:00:00,1437.0
2022-11-24 17:00:00,1437.5
2022-11-24 18:00:00,1396.6
2022-11-24 19:00:00,1340.7
2022-11-24 20:00:00,1355.9
2022-11-24 21:00:00,1298.6
2022-11-24 22:00:00,1310.2
2022-11-24 23:00:00,1259.4
2022-11-25 00:00:00,1261.4
2022-11-25 01:00:00,1252.4
2022-11-25 02:00:00,1286.2
2022-11-25 03:00:00,1333.9
2022-11-25 04:00:00,1333.6
2022-11-25 05:00:00,1400.0
2022-11-25 06:00:00,1401.4
2022-11-25 07:00:00,1489.9
2022-11-25 08:00:00,1488.5
2022-11-25 09:00:00,1565.2
2022-11-25 10:00:00,1568.0
2022-11-25 11:00:00,1629.6
2022-11-25 12:00:00,1557.3
2022-11-25 13:00:00,1545.4
2022-11-25 14:00:00,1559.2
2022-11-25 15:00:00,1515.2
2022-11-25 16:00:00,1487.2
2022-11-25 17:00:00,1514.2
2022-11-25 18:00:00,1459.7
2022-11-25 19:00:00,1409.7
2022-11-25 20:00:00,1379.4
2022-11-25 21:00:00,1345.2
2022-11-25 22:00:00,1391.9
2022-11-25 23:00:00,1308.5
2022-11-26 00:00:00,1289.0
2022-11-26 01:00:00,1360.8
2022-11-26 02:00:00,1348.6
2022-11-26 03:00:00,1443.2
2022-11-26 04:00:00,1400.4
2022-11-26 05:00:00,1480.9
2022-11-26 06:00:00,1529.9
2022-11-26 07:00:00,1523.7
2022-11-26 08:00:00,1556.3
2022-11-26 09:00:00,1634.9
2022-11-26 10:00:00,1656.7
2022-11-26 11:00:00,1615.0
2022-11-26 12:00:00,1631.5
2022-11-26 13:00:00,1587.0
2022-11-26 14:00:00,1668.7
2022-11-26 15:00:00,1621.9
2022-11-26 16:00:00,1596.5
2022-11-26 17:00:00,1517.1
2022-11-26 18:00:00,1498.6
2022-11-26 19:00:00,1480.8
2022-11-26 20:00:00,1441.2
2022-11-26 21:00:00,1436.2
2022-11-26 22:00:00,1428.6
2022-11-26 23:00:00,1466.3
2022-11-27 00:00:00,1394.6
2022-11-27 01:00:00,1435.8
2022-11-27 02:00:00,1394.3
2022-11-27 03:00:00,1394.6
2022-11-27 04:00:00,1467.0
2022-11-27 05:00:00,1467.5
2022-11-27 06:00:00,1556.2
2022-11-27 07:00:00,1572.6
2022-11-27 08:00:00,1574.8
2022-11-27 09:00:00,1717.8
2022-11-27 10:00:00,1674.6
2022-11-27 11:00:00,1657.5
2022-11-27 12:00:00,1739.6
2022-11-27 13:00:00,1686.5
2022-11-27 14:00:00,1726.7
2022-11-27 15:00:00,1648.8
2022-11-27 16:00:00,1623.9
2022-11-27 17:00:00,1614.6
2022-11-27 18:00:00,1583.5
2022-11-27 19:00:00,1550.0
2022-11-27 20:00:00,1488.1
2022-11-27 21:00:00,1475.5
2022-11-27 22:00:00,1457.9
2022-11-27 23:00:00,1426.3
2022-11-28 00:00:00,1410.4
2022-11-28 01:00:00,1375.9
2022-11-28 02:00:00,1451.6
2022-11-28 03:00:00,1457.9
2022-11-28 04:00:00,1474.5
2022-11-28 05:00:00,1560.4
2022-11-28 06:00:00,1517.0
2022-11-28 07:00:00,1646.8
2022-11-28 08:00:00,1631.7
2022-11-28 09:00:00,1671.6
2022-11-28 10:00:00,1672.6
2022-11-28 11:00:00,1647.8
2022-11-28 12:00:00,1697.1
2022-11-28 13:00:00,1704.5
2022-11-28 14:00:00,1697.9
2022-11-28 15:00:00,1646.0
2022-11-28 16:00:00,1553.1
2022-11-28 17:00:00,1534.4
2022-11-28 18:00:00,1601.2
2022-11-28 19:00:00,1465.9
2022-11-28 20:00:00,1503.0
2022-11-28 21:00:00,1398.8
2022-11-28 22:00:00,1395.1
2022-11-28 23:00:00,1401.9
2022-11-29 00:00:00,1350.9
2022-11-29 01:00:00,1425.8
2022-11-29 02:00:00,1392.7
2022-11-29 03:00:00,1425.5
2022-11-29 04:00:00,1432.0
2022-11-29 05:00:00,1493.3
2022-11-29 06:00:00,1557.0
2022-11-29 07:00:00,1541.8
2022-11-29 08:00:00,1631.0
2022-11-29 09:00:00,1589.0
2022-11-29 10:00:00,1651.3
2022-11-29 11:00:00,1655.2
2022-11-29 12:00:00,1610.8
2022-11-29 13:00:00,1641.3
2022-11-29 14:00:00,1617.3
2022-11-29 15:00:00,1564.9
2022-11-29 16:00:00,1567.4
2022-11-29 17:00:00,1522.1
2022-11-29 18:00:00,1473.9
2022-11-29 19:00:00,1432.5
2022-11-29 20:00:00,1392.9
2022-11-29 21:00:00,1350.9
2022-11-29 22:00:00,1339.6
2022-11-29 23:00:00,1298.5
2022-11-30 00:00:00,1389.9
2022-11-30 01:00:00,1270.5
2022-11-30 02:00:00,1307.8
2022-11-30 03:00:00,1331.6
2022-11-30 04:00:00,1436.8
2022-11-30 05:00:00,1369.8
2022-11-30 06:00:00,1458.8
2022-11-30 07:00:00,1490.2
2022-11-30 08:00:00,1526.9
2022-11-30 09:00:00,1583.1
2022-11-30 10:00:00,1604.4
2022-11-30 11:00:00,1567.5
2022-11-30 12:00:00,1590.3
2022-11-30 13:00:00,1521.8
2022-11-30 14:00:00,1564.1
2022-11-30 15:00:00,1512.0
2022-11-30 16:00:00,1497.8
2022-11-30 17:00:00,1415.4
2022-11-30 18:00:00,1438.1
2022-11-30 19:00:00,1335.2
2022-11-30 20:00:00,1353.4
2022-11-30 21:00:00,1280.2
2022-11-30 22:00:00,1266.9
2022-11-30 23:00:00,1311.4
2022-12-01 00:00:00,1288.7
2022-12-01 01:00:00,1310.2
2022-12-01 02:00:00,1337.2
2022-12-01 03:00:00,1290.8
2022-12-01 04:00:00,1390.0
2022-12-01 05:00:00,1337.2
2022-12-01 06:00:00,1442.5
2022-12-01 07:00:00,1444.4
2022-12-01 08:00:00,1467.8
2022-12-01 09:00:00,1545.6
2022-12-01 10:00:00,1579.9
2022-12-01 11:00:00,1594.7
2022-12-01 12:00:00,1579.6
2022-12-01 13:00:00,1572.9
2022-12-01 14:00:00,1570.8
2022-12-01 15:00:00,1541.3
2022-12-01 16:00:00,1518.6
2022-12-01 17:00:00,1473.6
2022-12-01 18:00:00,1455.4
2022-12-01 19:00:00,1344.0
2022-12-01 20:00:00,1354.3
2022-12-01 21:00:00,1287.4
2022-12-01 22:00:00,1315.2
2022-12-01 23:00:00,1343.1
2022-12-02 00:00:00,1276.5
2022-12-02 01:00:00,1301.7
2022-12-02 02:00:00,1337.7
2022-12-02 03:00:00,1279.1
2022-12-02 04:00:00,1358.9
2022-12-02 05:00:00,1424.0
2022-12-02 06:00:00,1367.5
2022-12-02 07:00:00,1466.5
2022-12-02 08:00:00,1567.6
2022-12-02 09:00:00,1598.4
2022-12-02 10:00:00,1606.1
2022-12-02 11:00:00,1639.1
2022-12-02 12:00:00,1627.1
2022-12-02 13:00:00,1635.1
2022-12-02 14:00:00,1596.9
2022-12-02 15:00:00,1589.0
2022-12-02 16:00:00,1538.5
2022-12-02 17:00:00,1562.2
2022-12-02 18:00:00,1534.2
2022-12-02 19:00:00,1494.3
2022-12-02 20:00:00,1407.6
2022-12-02 21:00:00,1363.3
2022-12-02 22:00:00,1409.5
2022-12-02 23:00:00,1375.7
2022-12-03 00:00:00,1367.3
2022-12-03 01:00:00,1346.7
2022-12-03 02:00:00,1396.6
2022-12-03 03:00:00,1378.3
2022-12-03 04:00:00,1464.1
2022-12-03 05:00:00,1525.8
2022-12-03 06:00:00,1575.2
2022-12-03 07:00:00,1589.5
2022-12-03 08:00:00,1566.0
2022-12-03 09:00:00,1647.4
2022-12-03 10:00:00,1732.5
2022-12-03 11:00:00,1660.2
2022-12-03 12:00:00,1692.5
2022-12-03 13:00:00,1734.4
2022-12-03 14:00:00,1698.3
2022-12-03 15:00:00,1733.1
2022-12-03 16:00:00,1608.4
2022-12-03 17:00:00,1567.1
2022-12-03 18:00:00,1597.2
2022-12-03 19:00:00,1488.3
2022-12-03 20:00:00,1484.5
2022-12-03 21:00:00,1459.7
2022-12-03 22:00:00,1471.2
2022-12-03 23:00:00,1445.7
2022-12-04 00:00:00,1437.9
2022-12-04 01:00:00,1419.3
2022-12-04 02:00:00,1484.7
2022-12-04 03:00:00,1594.7
2022-12-04 04:00:00,1527.4
2022-12-04 05:00:00,1547.5
2022-12-04 06:00:00,1545.9
2022-12-04 07:00:00,1606.0
2022-12-04 08:00:00,1656.2
2022-12-04 09:00:00,1678.8
2022-12-04 10:00:00,1719.3
2022-12-04 11:00:00,1789.1
2022-12-04 12:00:00,1779.2
2022-12-04 13:00:00,1732.7
2022-12-04 14:00:00,1686.9
2022-12-04 15:00:00,1740.0
2022-12-04 16:00:00,1667.8
2022-12-04 17:00:00,1581.7
2022-12-04 18:00:00,1616.3
2022-12-04 19:00:00,1587.0
2022-12-04 20:00:00,1447.2
2022-12-04 21:00:00,1464.1
2022-12-04 22:00:00,1461.5
2022-12-04 23:00:00,1471.5
2022-12-05 00:00:00,1428.5
2022-12-05 01:00:00,1423.6
2022-12-05 02:00:00,1484.7
2022-12-05 03:00:00,1471.9
2022-12-05 04:00:00,1532.4
2022-12-05 05:00:00,1518.0
2022-12-05 06:00:00,1548.5
2022-12-05 07:00:00,1649.4
2022-12-05 08:00:00,1669.2
2022-12-05 09:00:00,1719.0
2022-12-05 10:00:00,1697.8
2022-12-05 11:00:00,1703.3
2022-12-05 12:00:00,1771.5
2022-12-05 13:00:00,1678.1
2022-12-05 14:00:00,1744.5
2022-12-05 15:00:00,1720.9
2022-12-05 16:00:00,1674.0
2022-12-05 17:00:00,1589.4
2022-12-05 18:00:00,1544.6
2022-12-05 19:00:00,1521.7
2022-12-05 20:00:00,1450.7
2022-12-05 21:00:00,1427.4
2022-12-05 22:00:00,1449.3
2022-12-05 23:00:00,1432.0
2022-12-06 00:00:00,1373.5
2022-12-06 01:00:00,1427.8
2022-12-06 02:00:00,1433.6
2022-12-06 03:00:00,1486.4
2022-12-06 04:00:00,1486.6
2022-12-06 05:00:00,1534.8
2022-12-06 06:00:00,1553.4
2022-12-06 07:00:00,1604.6
2022-12-06 08:00:00,1570.0
2022-12-06 09:00:00,1633.2
2022-12-06 10:00:00,1656.8
2022-12-06 11:00:00,1662.8
2022-12-06 12:00:00,1685.7
2022-12-06 13:00:00,1683.5
2022-12-06 14:00:00,1658.5
2022-12-06 15:00:00,1614.7
2022-12-06 16:00:00,1564.1
2022-12-06 17:00:00,1580.2
2022-12-06 18:00:00,1516.2
2022-12-06 19:00:00,1433.6
2022-12-06 20:00:00,1419.4
2022-12-06 21:00:00,1339.2
2022-12-06 22:00:00,1366.1
2022-12-06 23:00:00,1341.5
2022-12-07 00:00:00,1322.6
2022-12-07 01:00:00,1390.0
2022-12-07 02:00:00,1320.3
2022-12-07 03:00:00,1397.7
2022-12-07 04:00:00,1470.8
2022-12-07 05:00:00,1471.5
2022-12-07 06:00:00,1474.8
2022-12-07 07:00:00,1478.4
2022-12-07 08:00:00,1505.7
2022-12-07 09:00:00,1563.3
2022-12-07 10:00:00,1577.0
2022-12-07 11:00:00,1589.2
2022-12-07 12:00:00,1604.4
2022-12-07 13:00:00,1604.4
2022-12-07 14:00:00,1605.5
2022-12-07 15:00:00,1528.5
2022-12-07 16:00:00,1512.7
2022-12-07 17:00:00,1490.9
2022-12-07 18:00:00,1449.9
2022-12-07 19:00:00,1470.9
2022-12-07 20:00:00,1385.7
2022-12-07 21:00:00,1298.4
2022-12-07 22:00:00,1334.7
2022-12-07 23:00:00,1322.9
2022-12-08 00:00:00,1297.2
2022-12-08 01:00:00,1269.2
2022-12-08 02:00:00,1373.0
2022-12-08 03:00:00,1311.8
2022-12-08 04:00:00,1394.7
2022-12-08 05:00:00,1417.0
2022-12-08 06:00:00,1468.0
2022-12-08 07:00:00,1540.3
2022-12-08 08:00:00,1542.4
2022-12-08 09:00:00,1540.3
2022-12-08 10:00:00,1614.7
2022-12-08 11:00:00,1578.3
2022-12-08 12:00:00,1608.0
2022-12-08 13:00:00,1560.1
2022-12-08 14:00:00,1553.9
2022-12-08 15:00:00,1563.7
2022-12-08 16:00:00,1543.4
2022-12-08 17:00:00,1446.4
2022-12-08 18:00:00,1475.0
2022-12-08 19:00:00,1398.2
2022-12-08 20:00:00,1426.6
2022-12-08 21:00:00,1348.4
2022-12-08 22:00:00,1303.2
2022-12-08 23:00:00,1326.1
2022-12-09 00:00:00,1293.2
2022-12-09 01:00:00,1366.0
2022-12-09 02:00:00,1345.1
2022-12-09 03:00:00,1366.6
2022-12-09 04:00:00,1422.3
2022-12-09 05:00:00,1413.0
2022-12-09 06:00:00,1445.8
2022-12-09 07:00:00,1538.1
2022-12-09 08:00:00,1531.7
2022-12-09 09:00:00,1565.4
2022-12-09 10:00:00,1650.1
2022-12-09 11:00:00,1658.5
2022-12-09 12:00:00,1613.1
2022-12-09 13:00:00,1630.0
2022-12-09 14:00:00,1609.4
2022-12-09 15:00:00,1668.9
2022-12-09 16:00:00,1614.8
2022-12-09 17:00:00,1541.9
2022-12-09 18:00:00,1536.0
2022-12-09 19:00:00,1442.4
2022-12-09 20:00:00,1429.8
2022-12-09 21:00:00,1425.2
2022-12-09 22:00:00,1415.0
2022-12-09 23:00:00,1386.7
2022-12-10 00:00:00,1395.1
2022-12-10 01:00:00,1398.3
2022-12-10 02:00:00,1409.2
2022-12-10 03:00:00,1432.2
2022-12-10 04:00:00,1462.5
2022-12-10 05:00:00,1521.6
2022-12-10 06:00:00,1568.9
2022-12-10 07:00:00,1604.4
2022-12-10 08:00:00,1602.3
2022-12-10 09:00:00,1641.8
2022-12-10 10:00:00,1710.6
2022-12-10 11:00:00,1760.7
2022-12-10 12:00:00,1729.1
2022-12-10 13:00:00,1710.0
2022-12-10 14:00:00,1716.9
2022-12-10 15:00:00,1654.9
2022-12-10 16:00:00,1699.9
2022-12-10 17:00:00,1632.7
2022-12-10 18:00:00,1570.8
2022-12-10 19:00:00,1549.5
2022-12-10 20:00:00,1504.9
2022-12-10 21:00:00,1531.4
2022-12-10 22:00:00,1464.4
2022-12-10 23:00:00,1462.3
2022-12-11 00:00:00,1471.8
2022-12-11 01:00:00,1439.5
2022-12-11 02:00:00,1484.4
2022-12-11 03:00:00,1512.5
2022-12-11 04:00:00,1490.5
2022-12-11 05:00:00,1582.5
2022-12-11 06:00:00,1613.9
2022-12-11 07:00:00,1659.4
2022-12-11 08:00:00,1694.1
2022-12-11 09:00:00,1733.1
2022-12-11 10:00:00,1790.4
2022-12-11 11:00:00,1730.9
2022-12-11 12:00:00,1762.0
2022-12-11 13:00:00,1788.0
2022-12-11 14:00:00,1768.1
2022-12-11 15:00:00,1744.2
2022-12-11 16:00:00,1782.4
2022-12-11 17:00:00,1682.4
2022-12-11 18:00:00,1659.3
2022-12-11 19:00:00,1577.5
2022-12-11 20:00:00,1520.7
2022-12-11 21:00:00,1509.9
2022-12-11 22:00:00,1516.7
2022-12-11 23:00:00,1492.2
2022-12-12 00:00:00,1486.6
2022-12-12 01:00:00,1472.6
2022-12-12 02:00:00,1482.2
2022-12-12 03:00:00,1511.1
2022-12-12 04:00:00,1568.4
2022-12-12 05:00:00,1607.1
2022-12-12 06:00:00,1589.5
2022-12-12 07:00:00,1680.2
2022-12-12 08:00:00,1672.7
2022-12-12 09:00:00,1736.0
2022-12-12 10:00:00,1738.6
2022-12-12 11:00:00,1804.8
2022-12-12 12:00:00,1748.7
2022-12-12 13:00:00,1759.8
2022-12-12 14:00:00,1755.8
2022-12-12 15:00:00,1685.7
2022-12-12 16:00:00,1676.7
2022-12-12 17:00:00,1632.7
2022-12-12 18:00:00,1584.3
2022-12-12 19:00:00,1545.5
2022-12-12 20:00:00,1553.6
2022-12-12 21:00:00,1468.9
2022-12-12 22:00:00,1477.7
2022-12-12 23:00:00,1452.7
2022-12-13 00:00:00,1393.7
2022-12-13 01:00:00,1453.8
2022-12-13 02:00:00,1408.2
2022-12-13 03:00:00,1490.7
2022-12-13 04:00:00,1485.1
2022-12-13 05:00:00,1534.0
2022-12-13 06:00:00,1531.0
2022-12-13 07:00:00,1609.6
2022-12-13 08:00:00,1667.2
2022-12-13 09:00:00,1643.4
2022-12-13 10:00:00,1670.5
2022-12-13 11:00:00,1714.5
2022-12-13 12:00:00,1717.6
2022-12-13 13:00:00,1622.2
2022-12-13 14:00:00,1737.9
2022-12-13 15:00:00,1666.7
2022-12-13 16:00:00,1637.9
2022-12-13 17:00:00,1573.8
2022-12-13 18:00:00,1480.8
2022-12-13 19:00:00,1515.2
2022-12-13 20:00:00,1439.1
2022-12-13 21:00:00,1438.7
2022-12-13 22:00:00,1389.3
2022-12-13 23:00:00,1385.5
2022-12-14 00:00:00,1347.5
2022-12-14 01:00:00,1399.3
2022-12-14 02:00:00,1350.2
2022-12-14 03:00:00,1474.7
2022-12-14 04:00:00,1503.2
2022-12-14 05:00:00,1519.0
2022-12-14 06:00:00,1544.9
2022-12-14 07:00:00,1540.8
2022-12-14 08:00:00,1612.5
2022-12-14 09:00:00,1603.7
2022-12-14 10:00:00,1581.9
2022-12-14 11:00:00,1686.8
2022-12-14 12:00:00,1679.0
2022-12-14 13:00:00,1637.4
2022-12-14 14:00:00,1585.1
2022-12-14 15:00:00,1579.0
2022-12-14 16:00:00,1509.5
2022-12-14 17:00:00,1555.0
2022-12-14 18:00:00,1438.6
2022-12-14 19:00:00,1455.4
2022-12-14 20:00:00,1384.4
2022-12-14 21:00:00,1335.0
2022-12-14 22:00:00,1360.3
2022-12-14 23:00:00,1327.5
2022-12-15 00:00:00,1357.1
2022-12-15 01:00:00,1298.6
2022-12-15 02:00:00,1328.5
2022-12-15 03:00:00,1303.3
2022-12-15 04:00:00,1340.3
2022-12-15 05:00:00,1496.0
2022-12-15 06:00:00,1543.5
2022-12-15 07:00:00,1522.9
2022-12-15 08:00:00,1531.9
2022-12-15 09:00:00,1579.2
2022-12-15 10:00:00,1638.8
2022-12-15 11:00:00,1612.8
2022-12-15 12:00:00,1641.3
2022-12-15 13:00:00,1629.6
2022-12-15 14:00:00,1598.9
2022-12-15 15:00:00,1577.5
2022-12-15 16:00:00,1572.2
2022-12-15 17:00:00,1499.3
2022-12-15 18:00:00,1504.8
2022-12-15 19:00:00,1439.8
2022-12-15 20:00:00,1423.2
2022-12-15 21:00:00,1431.6
2022-12-15 22:00:00,1363.0
2022-12-15 23:00:00,1382.6
2022-12-16 00:00:00,1298.1
2022-12-16 01:00:00,1345.0
2022-12-16 02:00:00,1377.1
2022-12-16 03:00:00,1460.0
2022-12-16 04:00:00,1376.9
2022-12-16 05:00:00,1471.5
2022-12-16 06:00:00,1559.4
2022-12-16 07:00:00,1533.5
2022-12-16 08:00:00,1589.5
2022-12-16 09:00:00,1639.6
2022-12-16 10:00:00,1661.7
2022-12-16 11:00:00,1721.0
2022-12-16 12:00:00,1695.4
2022-12-16 13:00:00,1719.6
2022-12-16 14:00:00,1656.9
2022-12-16 15:00:00,1624.7
2022-12-16 16:00:00,1612.1
2022-12-16 17:00:00,1551.0
2022-12-16 18:00:00,1564.5
2022-12-16 19:00:00,1502.7
2022-12-16 20:00:00,1461.1
2022-12-16 21:00:00,1468.3
2022-12-16 22:00:00,1398.4
2022-12-16 23:00:00,1444.0
2022-12-17 00:00:00,1404.6
2022-12-17 01:00:00,1462.0
2022-12-17 02:00:00,1433.6
2022-12-17 03:00:00,1491.3
2022-12-17 04:00:00,1512.0
2022-12-17 05:00:00,1568.2
2022-12-17 06:00:00,1591.2
2022-12-17 07:00:00,1579.9
2022-12-17 08:00:00,1699.3
2022-12-17 09:00:00,1700.5
2022-12-17 10:00:00,1753.6
2022-12-17 11:00:00,1768.6
2022-12-17 12:00:00,1732.7
2022-12-17 13:00:00,1726.2
2022-12-17 14:00:00,1761.1
2022-12-17 15:00:00,1711.3
2022-12-17 16:00:00,1720.1
2022-12-17 17:00:00,1653.1
2022-12-17 18:00:00,1652.9
2022-12-17 19:00:00,1598.6
2022-12-17 20:00:00,1560.8
2022-12-17 21:00:00,1512.2
2022-12-17 22:00:00,1508.8
2022-12-17 23:00:00,1524.8
2022-12-18 00:00:00,1484.4
2022-12-18 01:00:00,1509.1
2022-12-18 02:00:00,1511.4
2022-12-18 03:00:00,1539.4
2022-12-18 04:00:00,1620.2
2022-12-18 05:00:00,1642.4
2022-12-18 06:00:00,1649.1
2022-12-18 07:00:00,1693.4
2022-12-18 08:00:00,1703.4
2022-12-18 09:00:00,1751.6
2022-12-18 10:00:00,1791.0
2022-12-18 11:00:00,1823.2
2022-12-18 12:00:00,1826.2
2022-12-18 13:00:00,1766.1
2022-12-18 14:00:00,1814.4
2022-12-18 15:00:00,1759.2
2022-12-18 16:00:00,1701.7
2022-12-18 17:00:00,1735.5
2022-12-18 18:00:00,1700.8
2022-12-18 19:00:00,1626.1
2022-12-18 20:00:00,1603.3
2022-12-18 21:00:00,1573.9
2022-12-18 22:00:00,1568.7
2022-12-18 23:00:00,1533.4
2022-12-19 00:00:00,1466.2
2022-12-19 01:00:00,1570.9
2022-12-19 02:00:00,1556.9
2022-12-19 03:00:00,1532.7
2022-12-19 04:00:00,1547.4
2022-12-19 05:00:00,1628.6
2022-12-19 06:00:00,1642.9
2022-12-19 07:00:00,1698.8
2022-12-19 08:00:00,1746.1
2022-12-19 09:00:00,1736.5
2022-12-19 10:00:00,1742.4
2022-12-19 11:00:00,1800.9
2022-12-19 12:00:00,1776.8
2022-12-19 13:00:00,1790.4
2022-12-19 14:00:00,1728.9
2022-12-19 15:00:00,1735.9
2022-12-19 16:00:00,1731.9
2022-12-19 17:00:00,1690.4
2022-12-19 18:00:00,1607.7
2022-12-19 19:00:00,1555.3
2022-12-19 20:00:00,1552.4
2022-12-19 21:00:00,1535.3
2022-12-19 22:00:00,1504.4
2022-12-19 23:00:00,1459.5
2022-12-20 00:00:00,1476.2
2022-12-20 01:00:00,1514.9
2022-12-20 02:00:00,1488.4
2022-12-20 03:00:00,1454.5
2022-12-20 04:00:00,1538.0
2022-12-20 05:00:00,1626.7
2022-12-20 06:00:00,1562.9
2022-12-20 07:00:00,1638.5
2022-12-20 08:00:00,1664.2
2022-12-20 09:00:00,1702.2
2022-12-20 10:00:00,1726.2
2022-12-20 11:00:00,1766.8
2022-12-20 12:00:00,1737.4
2022-12-20 13:00:00,1765.3
2022-12-20 14:00:00,1705.6
2022-12-20 15:00:00,1672.0
2022-12-20 16:00:00,1628.6
2022-12-20 17:00:00,1555.3
2022-12-20 18:00:00,1576.5
2022-12-20 19:00:00,1588.3
2022-12-20 20:00:00,1501.6
2022-12-20 21:00:00,1474.7
2022-12-20 22:00:00,1415.3
2022-12-20 23:00:00,1402.8
2022-12-21 00:00:00,1432.0
2022-12-21 01:00:00,1465.3
2022-12-21 02:00:00,1462.3
2022-12-21 03:00:00,1463.3
2022-12-21 04:00:00,1468.9
2022-12-21 05:00:00,1508.1
2022-12-21 06:00:00,1515.8
2022-12-21 07:00:00,1531.7
2022-12-21 08:00:00,1575.5
2022-12-21 09:00:00,1639.9
2022-12-21 10:00:00,1651.6
2022-12-21 11:00:00,1629.4
2022-12-21 12:00:00,1675.8
2022-12-21 13:00:00,1660.6
2022-12-21 14:00:00,1618.4
2022-12-21 15:00:00,1617.2
2022-12-21 16:00:00,1586.3
2022-12-21 17:00:00,1540.0
2022-12-21 18:00:00,1546.3
2022-12-21 19:00:00,1421.6
2022-12-21 20:00:00,1381.9
2022-12-21 21:00:00,1409.7
2022-12-21 22:00:00,1387.9
2022-12-21 23:00:00,1381.5
2022-12-22 00:00:00,1347.6
2022-12-22 01:00:00,1340.9
2022-12-22 02:00:00,1382.9
2022-12-22 03:00:00,1393.5
2022-12-22 04:00:00,1484.3
2022-12-22 05:00:00,1464.2
2022-12-22 06:00:00,1511.3
2022-12-22 07:00:00,1626.2
2022-12-22 08:00:00,1582.7
2022-12-22 09:00:00,1636.7
2022-12-22 10:00:00,1663.8
2022-12-22 11:00:00,1682.1
2022-12-22 12:00:00,1674.7
2022-12-22 13:00:00,1667.7
2022-12-22 14:00:00,1650.9
2022-12-22 15:00:00,1607.9
2022-12-22 16:00:00,1605.1
2022-12-22 17:00:00,1621.4
2022-12-22 18:00:00,1559.4
2022-12-22 19:00:00,1494.9
2022-12-22 20:00:00,1477.0
2022-12-22 21:00:00,1395.9
2022-12-22 22:00:00,1392.1
2022-12-22 23:00:00,1415.3
2022-12-23 00:00:00,1428.4
2022-12-23 01:00:00,1367.9
2022-12-23 02:00:00,1393.7
2022-12-23 03:00:00,1499.7
2022-12-23 04:00:00,1470.6
2022-12-23 05:00:00,1561.0
2022-12-23 06:00:00,1553.8
2022-12-23 07:00:00,1596.4
2022-12-23 08:00:00,1618.6
2022-12-23 09:00:00,1689.8
2022-12-23 10:00:00,1728.9
2022-12-23 11:00:00,1674.9
2022-12-23 12:00:00,1703.4
2022-12-23 13:00:00,1739.2
2022-12-23 14:00:00,1695.8
2022-12-23 15:00:00,1664.1
2022-12-23 16:00:00,1681.1
2022-12-23 17:00:00,1650.8
2022-12-23 18:00:00,1568.5
2022-12-23 19:00:00,1552.7
2022-12-23 20:00:00,1477.0
2022-12-23 21:00:00,1458.5
2022-12-23 22:00:00,1468.4
2022-12-23 23:00:00,1453.8
2022-12-24 00:00:00,1421.9
2022-12-24 01:00:00,1437.8
2022-12-24 02:00:00,1445.5
2022-12-24 03:00:00,1518.1
2022-12-24 04:00:00,1479.6
2022-12-24 05:00:00,1547.6
2022-12-24 06:00:00,1564.0
2022-12-24 07:00:00,1674.4
2022-12-24 08:00:00,1647.0
2022-12-24 09:00:00,1736.1
2022-12-24 10:00:00,1811.2
2022-12-24 11:00:00,1830.1
2022-12-24 12:00:00,1733.8
2022-12-24 13:00:00,1794.7
2022-12-24 14:00:00,1743.9
2022-12-24 15:00:00,1716.7
2022-12-24 16:00:00,1720.7
2022-12-24 17:00:00,1727.4
2022-12-24 18:00:00,1672.3
2022-12-24 19:00:00,1596.5
2022-12-24 20:00:00,1605.4
2022-12-24 21:00:00,1488.2
2022-12-24 22:00:00,1511.3
2022-12-24 23:00:00,1496.4
2022-12-25 00:00:00,1520.5
2022-12-25 01:00:00,1519.1
2022-12-25 02:00:00,1537.9
2022-12-25 03:00:00,1562.6
2022-12-25 04:00:00,1601.3
2022-12-25 05:00:00,1654.6
2022-12-25 06:00:00,1683.3
2022-12-25 07:00:00,1710.5
2022-12-25 08:00:00,1768.6
2022-12-25 09:00:00,1813.7
2022-12-25 10:00:00,1797.2
2022-12-25 11:00:00,1828.1
2022-12-25 12:00:00,1870.7
2022-12-25 13:00:00,1798.5
2022-12-25 14:00:00,1871.4
2022-12-25 15:00:00,1753.8
2022-12-25 16:00:00,1753.1
2022-12-25 17:00:00,1699.1
2022-12-25 18:00:00,1754.7
2022-12-25 19:00:00,1635.2
2022-12-25 20:00:00,1599.2
2022-12-25 21:00:00,1571.9
2022-12-25 22:00:00,1561.9
2022-12-25 23:00:00,1533.9
2022-12-26 00:00:00,1534.2
2022-12-26 01:00:00,1436.9
2022-12-26 02:00:00,1558.8
2022-12-26 03:00:00,1580.7
2022-12-26 04:00:00,1641.6
2022-12-26 05:00:00,1684.9
2022-12-26 06:00:00,1677.8
2022-12-26 07:00:00,1745.6
2022-12-26 08:00:00,1723.0
2022-12-26 09:00:00,1808.7
2022-12-26 10:00:00,1790.9
2022-12-26 11:00:00,1786.0
2022-12-26 12:00:00,1819.5
2022-12-26 13:00:00,1860.2
2022-12-26 14:00:00,1806.9
2022-12-26 15:00:00,1820.6
2022-12-26 16:00:00,1720.2
2022-12-26 17:00:00,1735.9
2022-12-26 18:00:00,1644.0
2022-12-26 19:00:00,1629.3
2022-12-26 20:00:00,1590.6
2022-12-26 21:00:00,1570.6
2022-12-26 22:00:00,1532.0
2022-12-26 23:00:00,1484.9
2022-12-27 00:00:00,1525.9
2022-12-27 01:00:00,1554.1
2022-12-27 02:00:00,1497.0
2022-12-27 03:00:00,1480.7
2022-12-27 04:00:00,1579.1
2022-12-27 05:00:00,1587.7
2022-12-27 06:00:00,1629.8
2022-12-27 07:00:00,1686.5
2022-12-27 08:00:00,1689.6
2022-12-27 09:00:00,1723.5
2022-12-27 10:00:00,1749.6
2022-12-27 11:00:00,1808.9
2022-12-27 12:00:00,1768.0
2022-12-27 13:00:00,1722.1
2022-12-27 14:00:00,1705.6
2022-12-27 15:00:00,1719.0
2022-12-27 16:00:00,1647.1
2022-12-27 17:00:00,1595.2
2022-12-27 18:00:00,1619.5
2022-12-27 19:00:00,1579.5
2022-12-27 20:00:00,1509.0
2022-12-27 21:00:00,1495.2
2022-12-27 22:00:00,1465.6
2022-12-27 23:00:00,1460.4
2022-12-28 00:00:00,1452.9
2022-12-28 01:00:00,1359.2
2022-12-28 02:00:00,1442.7
2022-12-28 03:00:00,1486.9
2022-12-28 04:00:00,1487.8
2022-12-28 05:00:00,1535.2
2022-12-28 06:00:00,1593.2
2022-12-28 07:00:00,1609.9
2022-12-28 08:00:00,1686.8
2022-12-28 09:00:00,1704.5
2022-12-28 10:00:00,1689.1
2022-12-28 11:00:00,1699.9
2022-12-28 12:00:00,1623.7
2022-12-28 13:00:00,1692.7
2022-12-28 14:00:00,1645.4
2022-12-28 15:00:00,1667.3
2022-12-28 16:00:00,1632.8
2022-12-28 17:00:00,1611.7
2022-12-28 18:00:00,1592.7
2022-12-28 19:00:00,1510.2
2022-12-28 20:00:00,1542.2
2022-12-28 21:00:00,1448.9
2022-12-28 22:00:00,1378.0
2022-12-28 23:00:00,1384.9
2022-12-29 00:00:00,1384.9
2022-12-29 01:00:00,1418.5
2022-12-29 02:00:00,1387.0
2022-12-29 03:00:00,1430.2
2022-12-29 04:00:00,1465.2
2022-12-29 05:00:00,1492.8
2022-12-29 06:00:00,1569.6
2022-12-29 07:00:00,1603.5
2022-12-29 08:00:00,1655.8
2022-12-29 09:00:00,1642.5
2022-12-29 10:00:00,1712.9
2022-12-29 11:00:00,1651.6
2022-12-29 12:00:00,1656.7
2022-12-29 13:00:00,1657.8
2022-12-29 14:00:00,1680.5
2022-12-29 15:00:00,1693.6
2022-12-29 16:00:00,1609.6
2022-12-29 17:00:00,1578.6
2022-12-29 18:00:00,1549.0
2022-12-29 19:00:00,1535.4
2022-12-29 20:00:00,1469.3
2022-12-29 21:00:00,1438.3
2022-12-29 22:00:00,1392.0
2022-12-29 23:00:00,1402.1
2022-12-30 00:00:00,1451.5
2022-12-30 01:00:00,1426.1
2022-12-30 02:00:00,1418.4
2022-12-30 03:00:00,1503.7
2022-12-30 04:00:00,1482.5
2022-12-30 05:00:00,1581.3
2022-12-30 06:00:00,1622.1
2022-12-30 07:00:00,1623.1
2022-12-30 08:00:00,1615.2
2022-12-30 09:00:00,1762.6
2022-12-30 10:00:00,1732.2
2022-12-30 11:00:00,1728.6
2022-12-30 12:00:00,1775.0
2022-12-30 13:00:00,1765.2
2022-12-30 14:00:00,1771.4
2022-12-30 15:00:00,1691.4
2022-12-30 16:00:00,1692.8
2022-12-30 17:00:00,1614.5
2022-12-30 18:00:00,1634.4
2022-12-30 19:00:00,1578.0
2022-12-30 20:00:00,1554.1
2022-12-30 21:00:00,1513.4
2022-12-30 22:00:00,1489.6
2022-12-30 23:00:00,1459.2
2022-12-31 00:00:00,1507.1
2022-12-31 01:00:00,1536.3
2022-12-31 02:00:00,1493.1
2022-12-31 03:00:00,1553.4
2022-12-31 04:00:00,1584.0
2022-12-31 05:00:00,1610.6
2022-12-31 06:00:00,1606.5
2022-12-31 07:00:00,1655.2
2022-12-31 08:00:00,1710.1
2022-12-31 09:00:00,1703.4
2022-12-31 10:00:00,1836.7
2022-12-31 11:00:00,1823.4
2022-12-31 12:00:00,1819.5
2022-12-31 13:00:00,1752.4
2022-12-31 14:00:00,1751.3
2022-12-31 15:00:00,1784.8
2022-12-31 16:00:00,1815.6
2022-12-31 17:00:00,1702.0
2022-12-31 18:00:00,1712.6
2022-12-31 19:00:00,1636.0
2022-12-31 20:00:00,1618.3
2022-12-31 21:00:00,1624.4
2022-12-31 22:00:00,1556.0
2022-12-31 23:00:00,1532.9
2023-01-01 00:00:00,1593.1
2023-01-01 01:00:00,1559.0
2023-01-01 02:00:00,1607.3
2023-01-01 03:00:00,1579.7
2023-01-01 04:00:00,1675.3
2023-01-01 05:00:00,1679.1
2023-01-01 06:00:00,1724.3
2023-01-01 07:00:00,1755.5
2023-01-01 08:00:00,1773.9
2023-01-01 09:00:00,1821.3
2023-01-01 10:00:00,1833.0
2023-01-01 11:00:00,1891.1
2023-01-01 12:00:00,1862.2
2023-01-01 13:00:00,1819.1
2023-01-01 14:00:00,1799.3
2023-01-01 15:00:00,1774.7
2023-01-01 16:00:00,1814.4
2023-01-01 17:00:00,1725.5
2023-01-01 18:00:00,1730.5
2023-01-01 19:00:00,1686.9
2023-01-01 20:00:00,1644.7
2023-01-01 21:00:00,1628.6
2023-01-01 22:00:00,1596.2
2023-01-01 23:00:00,1494.9
2023-01-02 00:00:00,1560.9
2023-01-02 01:00:00,1588.0
2023-01-02 02:00:00,1638.8
2023-01-02 03:00:00,1663.3
2023-01-02 04:00:00,1602.0
2023-01-02 05:00:00,1667.6
2023-01-02 06:00:00,1668.9
2023-01-02 07:00:00,1799.1
2023-01-02 08:00:00,1818.9
2023-01-02 09:00:00,1828.7
2023-01-02 10:00:00,1845.6
2023-01-02 11:00:00,1895.4
2023-01-02 12:00:00,1893.8
2023-01-02 13:00:00,1885.4
2023-01-02 14:00:00,1847.6
2023-01-02 15:00:00,1797.7
2023-01-02 16:00:00,1798.2
2023-01-02 17:00:00,1761.4
2023-01-02 18:00:00,1690.3
2023-01-02 19:00:00,1644.5
2023-01-02 20:00:00,1650.6
2023-01-02 21:00:00,1633.1
2023-01-02 22:00:00,1534.5
2023-01-02 23:00:00,1531.7
2023-01-03 00:00:00,1542.5
2023-01-03 01:00:00,1549.2
2023-01-03 02:00:00,1531.3
2023-01-03 03:00:00,1624.7
2023-01-03 04:00:00,1609.3
2023-01-03 05:00:00,1646.1
2023-01-03 06:00:00,1719.0
2023-01-03 07:00:00,1688.9
2023-01-03 08:00:00,1733.1
2023-01-03 09:00:00,1726.4
2023-01-03 10:00:00,1779.9
2023-01-03 11:00:00,1752.6
2023-01-03 12:00:00,1822.0
2023-01-03 13:00:00,1804.3
2023-01-03 14:00:00,1765.6
2023-01-03 15:00:00,1744.3
2023-01-03 16:00:00,1736.3
2023-01-03 17:00:00,1640.4
2023-01-03 18:00:00,1639.1
2023-01-03 19:00:00,1612.4
2023-01-03 20:00:00,1499.1
2023-01-03 21:00:00,1539.4
2023-01-03 22:00:00,1442.2
2023-01-03 23:00:00,1471.3
2023-01-04 00:00:00,1432.3
2023-01-04 01:00:00,1512.8
2023-01-04 02:00:00,1447.7
2023-01-04 03:00:00,1454.4
2023-01-04 04:00:00,1536.6
2023-01-04 05:00:00,1554.2
2023-01-04 06:00:00,1558.1
2023-01-04 07:00:00,1655.7
2023-01-04 08:00:00,1614.3
2023-01-04 09:00:00,1672.1
2023-01-04 10:00:00,1707.9
2023-01-04 11:00:00,1762.4
2023-01-04 12:00:00,1780.6
2023-01-04 13:00:00,1768.0
2023-01-04 14:00:00,1713.8
2023-01-04 15:00:00,1620.3
2023-01-04 16:00:00,1672.5
2023-01-04 17:00:00,1667.4
2023-01-04 18:00:00,1620.3
2023-01-04 19:00:00,1557.3
2023-01-04 20:00:00,1470.6
2023-01-04 21:00:00,1458.6
2023-01-04 22:00:00,1507.8
2023-01-04 23:00:00,1391.7
2023-01-05 00:00:00,1394.1
2023-01-05 01:00:00,1461.5
2023-01-05 02:00:00,1435.0
2023-01-05 03:00:00,1436.1
2023-01-05 04:00:00,1548.4
2023-01-05 05:00:00,1552.6
2023-01-05 06:00:00,1566.3
2023-01-05 07:00:00,1582.4
2023-01-05 08:00:00,1714.8
2023-01-05 09:00:00,1684.1
2023-01-05 10:00:00,1751.2
2023-01-05 11:00:00,1751.8
2023-01-05 12:00:00,1715.3
2023-01-05 13:00:00,1711.3
2023-01-05 14:00:00,1756.1
2023-01-05 15:00:00,1733.9
2023-01-05 16:00:00,1603.9
2023-01-05 17:00:00,1641.8
2023-01-05 18:00:00,1584.3
2023-01-05 19:00:00,1519.7
2023-01-05 20:00:00,1524.0
2023-01-05 21:00:00,1446.3
2023-01-05 22:00:00,1450.8
2023-01-05 23:00:00,1427.8
2023-01-06 00:00:00,1433.7
2023-01-06 01:00:00,1453.7
2023-01-06 02:00:00,1442.6
2023-01-06 03:00:00,1546.3
2023-01-06 04:00:00,1547.3
2023-01-06 05:00:00,1625.0
2023-01-06 06:00:00,1607.7
2023-01-06 07:00:00,1637.4
2023-01-06 08:00:00,1745.4
2023-01-06 09:00:00,1709.1
2023-01-06 10:00:00,1747.7
2023-01-06 11:00:00,1792.4
2023-01-06 12:00:00,1741.7
2023-01-06 13:00:00,1797.9
2023-01-06 14:00:00,1782.1
2023-01-06 15:00:00,1781.8
2023-01-06 16:00:00,1742.4
2023-01-06 17:00:00,1721.6
2023-01-06 18:00:00,1643.5
2023-01-06 19:00:00,1585.3
2023-01-06 20:00:00,1641.4
2023-01-06 21:00:00,1504.4
2023-01-06 22:00:00,1486.8
2023-01-06 23:00:00,1534.7
2023-01-07 00:00:00,1564.6
2023-01-07 01:00:00,1529.8
2023-01-07 02:00:00,1572.3
2023-01-07 03:00:00,1509.4
2023-01-07 04:00:00,1588.5
2023-01-07 05:00:00,1586.6
2023-01-07 06:00:00,1708.2
2023-01-07 07:00:00,1680.3
2023-01-07 08:00:00,1727.6
2023-01-07 09:00:00,1815.5
2023-01-07 10:00:00,1858.7
2023-01-07 11:00:00,1840.1
2023-01-07 12:00:00,1869.9
2023-01-07 13:00:00,1866.7
2023-01-07 14:00:00,1832.0
2023-01-07 15:00:00,1784.5
2023-01-07 16:00:00,1805.9
2023-01-07 17:00:00,1773.8
2023-01-07 18:00:00,1746.0
2023-01-07 19:00:00,1692.2
2023-01-07 20:00:00,1614.0
2023-01-07 21:00:00,1641.1
2023-01-07 22:00:00,1598.8
2023-01-07 23:00:00,1571.5
2023-01-08 00:00:00,1574.1
2023-01-08 01:00:00,1569.4
2023-01-08 02:00:00,1633.7
2023-01-08 03:00:00,1590.1
2023-01-08 04:00:00,1635.7
2023-01-08 05:00:00,1693.4
2023-01-08 06:00:00,1792.1
2023-01-08 07:00:00,1815.6
2023-01-08 08:00:00,1772.2
2023-01-08 09:00:00,1894.3
2023-01-08 10:00:00,1919.2
2023-01-08 11:00:00,1859.5
2023-01-08 12:00:00,1825.1
2023-01-08 13:00:00,1894.3
2023-01-08 14:00:00,1915.8
2023-01-08 15:00:00,1906.6
2023-01-08 16:00:00,1802.2
2023-01-08 17:00:00,1845.0
2023-01-08 18:00:00,1687.1
2023-01-08 19:00:00,1704.2
2023-01-08 20:00:00,1666.5
2023-01-08 21:00:00,1682.5
2023-01-08 22:00:00,1662.8
2023-01-08 23:00:00,1637.2
2023-01-09 00:00:00,1562.5
2023-01-09 01:00:00,1633.5
2023-01-09 02:00:00,1637.3
2023-01-09 03:00:00,1594.9
2023-01-09 04:00:00,1613.3
2023-01-09 05:00:00,1741.7
2023-01-09 06:00:00,1742.9
2023-01-09 07:00:00,1747.4
2023-01-09 08:00:00,1814.6
2023-01-09 09:00:00,1861.5
2023-01-09 10:00:00,1870.5
2023-01-09 11:00:00,1839.9
2023-01-09 12:00:00,1946.5
2023-01-09 13:00:00,1913.2
2023-01-09 14:00:00,1856.2
2023-01-09 15:00:00,1831.7
2023-01-09 16:00:00,1818.3
2023-01-09 17:00:00,1735.4
2023-01-09 18:00:00,1738.1
2023-01-09 19:00:00,1647.5
2023-01-09 20:00:00,1646.8
2023-01-09 21:00:00,1580.5
2023-01-09 22:00:00,1555.8
2023-01-09 23:00:00,1621.3
2023-01-10 00:00:00,1566.1
2023-01-10 01:00:00,1573.2
2023-01-10 02:00:00,1519.0
2023-01-10 03:00:00,1582.7
2023-01-10 04:00:00,1642.8
2023-01-10 05:00:00,1668.3
2023-01-10 06:00:00,1634.0
2023-01-10 07:00:00,1740.9
2023-01-10 08:00:00,1779.1
2023-01-10 09:00:00,1834.9
2023-01-10 10:00:00,1797.8
2023-01-10 11:00:00,1762.4
2023-01-10 12:00:00,1802.1
2023-01-10 13:00:00,1791.1
2023-01-10 14:00:00,1828.4
2023-01-10 15:00:00,1698.1
2023-01-10 16:00:00,1732.4
2023-01-10 17:00:00,1749.6
2023-01-10 18:00:00,1665.5
2023-01-10 19:00:00,1650.7
2023-01-10 20:00:00,1535.7
2023-01-10 21:00:00,1503.1
2023-01-10 22:00:00,1567.9
2023-01-10 23:00:00,1510.2
2023-01-11 00:00:00,1502.6
2023-01-11 01:00:00,1468.6
2023-01-11 02:00:00,1517.8
2023-01-11 03:00:00,1501.8
2023-01-11 04:00:00,1600.6
2023-01-11 05:00:00,1680.7
2023-01-11 06:00:00,1650.0
2023-01-11 07:00:00,1653.2
2023-01-11 08:00:00,1630.4
2023-01-11 09:00:00,1684.9
2023-01-11 10:00:00,1804.1
2023-01-11 11:00:00,1739.7
2023-01-11 12:00:00,1762.9
2023-01-11 13:00:00,1786.9
2023-01-11 14:00:00,1795.2
2023-01-11 15:00:00,1719.5
2023-01-11 16:00:00,1680.9
2023-01-11 17:00:00,1657.8
2023-01-11 18:00:00,1596.8
2023-01-11 19:00:00,1558.5
2023-01-11 20:00:00,1551.0
2023-01-11 21:00:00,1512.3
2023-01-11 22:00:00,1546.1
2023-01-11 23:00:00,1479.7
2023-01-12 00:00:00,1495.4
2023-01-12 01:00:00,1433.4
2023-01-12 02:00:00,1496.0
2023-01-12 03:00:00,1482.2
2023-01-12 04:00:00,1546.7
2023-01-12 05:00:00,1591.7
2023-01-12 06:00:00,1611.5
2023-01-12 07:00:00,1721.3
2023-01-12 08:00:00,1728.4
2023-01-12 09:00:00,1752.4
2023-01-12 10:00:00,1764.5
2023-01-12 11:00:00,1810.1
2023-01-12 12:00:00,1720.0
2023-01-12 13:00:00,1800.0
2023-01-12 14:00:00,1715.2
2023-01-12 15:00:00,1705.3
2023-01-12 16:00:00,1709.3
2023-01-12 17:00:00,1694.6
2023-01-12 18:00:00,1585.6
2023-01-12 19:00:00,1567.5
2023-01-12 20:00:00,1551.3
2023-01-12 21:00:00,1513.5
2023-01-12 22:00:00,1522.7
2023-01-12 23:00:00,1587.1
2023-01-13 00:00:00,1493.5
2023-01-13 01:00:00,1466.0
2023-01-13 02:00:00,1466.4
2023-01-13 03:00:00,1521.6
2023-01-13 04:00:00,1536.6
2023-01-13 05:00:00,1617.4
2023-01-13 06:00:00,1658.2
2023-01-13 07:00:00,1672.2
2023-01-13 08:00:00,1784.4
2023-01-13 09:00:00,1736.6
2023-01-13 10:00:00,1781.6
2023-01-13 11:00:00,1822.2
2023-01-13 12:00:00,1837.8
2023-01-13 13:00:00,1847.1
2023-01-13 14:00:00,1809.6
2023-01-13 15:00:00,1807.4
2023-01-13 16:00:00,1727.9
2023-01-13 17:00:00,1742.3
2023-01-13 18:00:00,1706.2
2023-01-13 19:00:00,1688.7
2023-01-13 20:00:00,1560.2
2023-01-13 21:00:00,1555.2
2023-01-13 22:00:00,1586.4
2023-01-13 23:00:00,1470.4
2023-01-14 00:00:00,1562.7
2023-01-14 01:00:00,1588.1
2023-01-14 02:00:00,1557.1
2023-01-14 03:00:00,1588.5
2023-01-14 04:00:00,1603.4
2023-01-14 05:00:00,1659.3
2023-01-14 06:00:00,1702.1
2023-01-14 07:00:00,1738.4
2023-01-14 08:00:00,1776.0
2023-01-14 09:00:00,1824.1
2023-01-14 10:00:00,1850.5
2023-01-14 11:00:00,1933.2
2023-01-14 12:00:00,1873.1
2023-01-14 13:00:00,1893.0
2023-01-14 14:00:00,1853.2
2023-01-14 15:00:00,1831.8
2023-01-14 16:00:00,1770.0
2023-01-14 17:00:00,1740.4
2023-01-14 18:00:00,1715.1
2023-01-14 19:00:00,1720.5
2023-01-14 20:00:00,1713.5
2023-01-14 21:00:00,1598.9
2023-01-14 22:00:00,1614.4
2023-01-14 23:00:00,1577.1
2023-01-15 00:00:00,1607.2
2023-01-15 01:00:00,1654.5
2023-01-15 02:00:00,1625.7
2023-01-15 03:00:00,1663.3
2023-01-15 04:00:00,1741.2
2023-01-15 05:00:00,1749.1
2023-01-15 06:00:00,1752.9
2023-01-15 07:00:00,1820.8
2023-01-15 08:00:00,1828.7
2023-01-15 09:00:00,1898.4
2023-01-15 10:00:00,1926.2
2023-01-15 11:00:00,1885.8
2023-01-15 12:00:00,1938.1
2023-01-15 13:00:00,1925.0
2023-01-15 14:00:00,1930.5
2023-01-15 15:00:00,1915.9
2023-01-15 16:00:00,1874.7
2023-01-15 17:00:00,1815.4
2023-01-15 18:00:00,1813.9
2023-01-15 19:00:00,1721.1
2023-01-15 20:00:00,1671.5
2023-01-15 21:00:00,1584.1
2023-01-15 22:00:00,1653.8
2023-01-15 23:00:00,1616.0
2023-01-16 00:00:00,1647.0
2023-01-16 01:00:00,1580.5
2023-01-16 02:00:00,1634.6
2023-01-16 03:00:00,1691.2
2023-01-16 04:00:00,1676.4
2023-01-16 05:00:00,1754.8
2023-01-16 06:00:00,1763.6
2023-01-16 07:00:00,1817.0
2023-01-16 08:00:00,1870.7
2023-01-16 09:00:00,1911.2
2023-01-16 10:00:00,1907.7
2023-01-16 11:00:00,1894.0
2023-01-16 12:00:00,1908.1
2023-01-16 13:00:00,1934.2
2023-01-16 14:00:00,1867.6
2023-01-16 15:00:00,1867.2
2023-01-16 16:00:00,1827.9
2023-01-16 17:00:00,1798.2
2023-01-16 18:00:00,1730.1
2023-01-16 19:00:00,1663.8
2023-01-16 20:00:00,1696.5
2023-01-16 21:00:00,1676.4
2023-01-16 22:00:00,1567.5
2023-01-16 23:00:00,1615.0
2023-01-17 00:00:00,1628.8
2023-01-17 01:00:00,1616.8
2023-01-17 02:00:00,1598.8
2023-01-17 03:00:00,1604.2
2023-01-17 04:00:00,1663.4
2023-01-17 05:00:00,1701.8
2023-01-17 06:00:00,1733.4
2023-01-17 07:00:00,1761.2
2023-01-17 08:00:00,1767.5
2023-01-17 09:00:00,1841.0
2023-01-17 10:00:00,1863.5
2023-01-17 11:00:00,1867.6
2023-01-17 12:00:00,1867.2
2023-01-17 13:00:00,1906.3
2023-01-17 14:00:00,1819.4
2023-01-17 15:00:00,1850.0
2023-01-17 16:00:00,1755.7
2023-01-17 17:00:00,1772.0
2023-01-17 18:00:00,1734.2
2023-01-17 19:00:00,1646.8
2023-01-17 20:00:00,1666.6
2023-01-17 21:00:00,1597.1
2023-01-17 22:00:00,1530.3
2023-01-17 23:00:00,1527.8
2023-01-18 00:00:00,1565.4
2023-01-18 01:00:00,1561.7
2023-01-18 02:00:00,1514.8
2023-01-18 03:00:00,1563.9
2023-01-18 04:00:00,1602.9
2023-01-18 05:00:00,1615.5
2023-01-18 06:00:00,1738.1
2023-01-18 07:00:00,1711.1
2023-01-18 08:00:00,1736.3
2023-01-18 09:00:00,1803.0
2023-01-18 10:00:00,1778.3
2023-01-18 11:00:00,1832.6
2023-01-18 12:00:00,1755.8
2023-01-18 13:00:00,1785.4
2023-01-18 14:00:00,1814.0
2023-01-18 15:00:00,1804.3
2023-01-18 16:00:00,1701.6
2023-01-18 17:00:00,1660.7
2023-01-18 18:00:00,1664.4
2023-01-18 19:00:00,1588.8
2023-01-18 20:00:00,1562.3
2023-01-18 21:00:00,1564.7
2023-01-18 22:00:00,1497.5
2023-01-18 23:00:00,1439.3
2023-01-19 00:00:00,1453.6
2023-01-19 01:00:00,1497.6
2023-01-19 02:00:00,1456.0
2023-01-19 03:00:00,1526.7
2023-01-19 04:00:00,1524.8
2023-01-19 05:00:00,1651.9
2023-01-19 06:00:00,1706.7
2023-01-19 07:00:00,1649.0
2023-01-19 08:00:00,1725.0
2023-01-19 09:00:00,1720.0
2023-01-19 10:00:00,1764.0
2023-01-19 11:00:00,1843.0
2023-01-19 12:00:00,1780.8
2023-01-19 13:00:00,1782.0
2023-01-19 14:00:00,1748.4
2023-01-19 15:00:00,1788.3
2023-01-19 16:00:00,1626.2
2023-01-19 17:00:00,1676.0
2023-01-19 18:00:00,1650.5
2023-01-19 19:00:00,1594.7
2023-01-19 20:00:00,1605.9
2023-01-19 21:00:00,1586.8
2023-01-19 22:00:00,1486.3
2023-01-19 23:00:00,1578.4
2023-01-20 00:00:00,1469.8
2023-01-20 01:00:00,1558.4
2023-01-20 02:00:00,1541.4
2023-01-20 03:00:00,1547.9
2023-01-20 04:00:00,1584.1
2023-01-20 05:00:00,1634.0
2023-01-20 06:00:00,1682.5
2023-01-20 07:00:00,1690.1
2023-01-20 08:00:00,1749.5
2023-01-20 09:00:00,1767.1
2023-01-20 10:00:00,1780.4
2023-01-20 11:00:00,1810.1
2023-01-20 12:00:00,1808.1
2023-01-20 13:00:00,1827.8
2023-01-20 14:00:00,1841.3
2023-01-20 15:00:00,1811.1
2023-01-20 16:00:00,1838.7
2023-01-20 17:00:00,1680.0
2023-01-20 18:00:00,1724.7
2023-01-20 19:00:00,1675.1
2023-01-20 20:00:00,1666.3
2023-01-20 21:00:00,1635.4
2023-01-20 22:00:00,1588.3
2023-01-20 23:00:00,1586.6
2023-01-21 00:00:00,1557.2
2023-01-21 01:00:00,1606.2
2023-01-21 02:00:00,1549.6
2023-01-21 03:00:00,1656.3
2023-01-21 04:00:00,1666.5
2023-01-21 05:00:00,1691.9
2023-01-21 06:00:00,1741.4
2023-01-21 07:00:00,1785.6
2023-01-21 08:00:00,1868.5
2023-01-21 09:00:00,1960.7
2023-01-21 10:00:00,1927.1
2023-01-21 11:00:00,1891.5
2023-01-21 12:00:00,1935.3
2023-01-21 13:00:00,1934.4
2023-01-21 14:00:00,1874.2
2023-01-21 15:00:00,1843.1
2023-01-21 16:00:00,1850.6
2023-01-21 17:00:00,1843.2
2023-01-21 18:00:00,1734.4
2023-01-21 19:00:00,1724.7
2023-01-21 20:00:00,1729.8
2023-01-21 21:00:00,1685.1
2023-01-21 22:00:00,1704.8
2023-01-21 23:00:00,1607.2
2023-01-22 00:00:00,1717.0
2023-01-22 01:00:00,1607.5
2023-01-22 02:00:00,1609.6
2023-01-22 03:00:00,1694.4
2023-01-22 04:00:00,1694.9
2023-01-22 05:00:00,1765.6
2023-01-22 06:00:00,1804.9
2023-01-22 07:00:00,1841.5
2023-01-22 08:00:00,1859.6
2023-01-22 09:00:00,1930.1
2023-01-22 10:00:00,1932.6
2023-01-22 11:00:00,1991.2
2023-01-22 12:00:00,1958.7
2023-01-22 13:00:00,1930.9
2023-01-22 14:00:00,1894.9
2023-01-22 15:00:00,1917.1
2023-01-22 16:00:00,1853.6
2023-01-22 17:00:00,1815.3
2023-01-22 18:00:00,1833.1
2023-01-22 19:00:00,1725.2
2023-01-22 20:00:00,1784.8
2023-01-22 21:00:00,1716.0
2023-01-22 22:00:00,1685.9
2023-01-22 23:00:00,1640.8
2023-01-23 00:00:00,1689.3
2023-01-23 01:00:00,1670.8
2023-01-23 02:00:00,1664.7
2023-01-23 03:00:00,1714.3
2023-01-23 04:00:00,1688.1
2023-01-23 05:00:00,1724.7
2023-01-23 06:00:00,1777.9
2023-01-23 07:00:00,1859.7
2023-01-23 08:00:00,1884.0
2023-01-23 09:00:00,1945.3
2023-01-23 10:00:00,1908.6
2023-01-23 11:00:00,1966.9
2023-01-23 12:00:00,1949.7
2023-01-23 13:00:00,1918.0
2023-01-23 14:00:00,1941.0
2023-01-23 15:00:00,1901.7
2023-01-23 16:00:00,1851.8
2023-01-23 17:00:00,1833.7
2023-01-23 18:00:00,1787.6
2023-01-23 19:00:00,1745.9
2023-01-23 20:00:00,1699.7
2023-01-23 21:00:00,1639.5
2023-01-23 22:00:00,1654.7
2023-01-23 23:00:00,1611.0
2023-01-24 00:00:00,1596.8
2023-01-24 01:00:00,1622.8
2023-01-24 02:00:00,1664.4
2023-01-24 03:00:00,1669.2
2023-01-24 04:00:00,1676.1
2023-01-24 05:00:00,1708.4
2023-01-24 06:00:00,1780.7
2023-01-24 07:00:00,1725.8
2023-01-24 08:00:00,1855.0
2023-01-24 09:00:00,1803.2
2023-01-24 10:00:00,1838.0
2023-01-24 11:00:00,1877.2
2023-01-24 12:00:00,1960.0
2023-01-24 13:00:00,1937.3
2023-01-24 14:00:00,1890.4
2023-01-24 15:00:00,1853.3
2023-01-24 16:00:00,1752.9
2023-01-24 17:00:00,1774.5
2023-01-24 18:00:00,1711.7
2023-01-24 19:00:00,1662.2
2023-01-24 20:00:00,1652.4
2023-01-24 21:00:00,1599.9
2023-01-24 22:00:00,1613.7
2023-01-24 23:00:00,1512.0
2023-01-25 00:00:00,1564.6
2023-01-25 01:00:00,1538.6
2023-01-25 02:00:00,1565.3
2023-01-25 03:00:00,1608.2
2023-01-25 04:00:00,1594.2
2023-01-25 05:00:00,1666.6
2023-01-25 06:00:00,1691.9
2023-01-25 07:00:00,1715.2
2023-01-25 08:00:00,1755.0
2023-01-25 09:00:00,1793.6
2023-01-25 10:00:00,1797.1
2023-01-25 11:00:00,1833.6
2023-01-25 12:00:00,1828.4
2023-01-25 13:00:00,1811.6
2023-01-25 14:00:00,1861.1
2023-01-25 15:00:00,1800.6
2023-01-25 16:00:00,1744.2
2023-01-25 17:00:00,1722.6
2023-01-25 18:00:00,1647.5
2023-01-25 19:00:00,1625.3
2023-01-25 20:00:00,1591.6
2023-01-25 21:00:00,1531.9
2023-01-25 22:00:00,1556.3
2023-01-25 23:00:00,1513.9
2023-01-26 00:00:00,1512.8
2023-01-26 01:00:00,1511.1
2023-01-26 02:00:00,1631.6
2023-01-26 03:00:00,1546.5
2023-01-26 04:00:00,1535.3
2023-01-26 05:00:00,1585.6
2023-01-26 06:00:00,1695.3
2023-01-26 07:00:00,1751.7
2023-01-26 08:00:00,1727.7
2023-01-26 09:00:00,1818.0
2023-01-26 10:00:00,1826.3
2023-01-26 11:00:00,1814.0
2023-01-26 12:00:00,1817.8
2023-01-26 13:00:00,1826.8
2023-01-26 14:00:00,1833.7
2023-01-26 15:00:00,1796.6
2023-01-26 16:00:00,1734.5
2023-01-26 17:00:00,1714.8
2023-01-26 18:00:00,1742.0
2023-01-26 19:00:00,1652.8
2023-01-26 20:00:00,1636.8
2023-01-26 21:00:00,1597.6
2023-01-26 22:00:00,1567.6
2023-01-26 23:00:00,1549.6
2023-01-27 00:00:00,1570.1
2023-01-27 01:00:00,1572.0
2023-01-27 02:00:00,1575.5
2023-01-27 03:00:00,1572.8
2023-01-27 04:00:00,1638.6
2023-01-27 05:00:00,1663.6
2023-01-27 06:00:00,1697.7
2023-01-27 07:00:00,1828.7
2023-01-27 08:00:00,1741.0
2023-01-27 09:00:00,1849.6
2023-01-27 10:00:00,1821.6
2023-01-27 11:00:00,1869.2
2023-01-27 12:00:00,1950.3
2023-01-27 13:00:00,1842.1
2023-01-27 14:00:00,1837.2
2023-01-27 15:00:00,1837.6
2023-01-27 16:00:00,1784.6
2023-01-27 17:00:00,1803.4
2023-01-27 18:00:00,1725.1
2023-01-27 19:00:00,1725.1
2023-01-27 20:00:00,1632.5
2023-01-27 21:00:00,1590.3
2023-01-27 22:00:00,1616.9
2023-01-27 23:00:00,1564.9
2023-01-28 00:00:00,1655.6
2023-01-28 01:00:00,1572.4
2023-01-28 02:00:00,1605.3
2023-01-28 03:00:00,1675.9
2023-01-28 04:00:00,1680.1
2023-01-28 05:00:00,1691.4
2023-01-28 06:00:00,1840.1
2023-01-28 07:00:00,1790.8
2023-01-28 08:00:00,1854.2
2023-01-28 09:00:00,1887.9
2023-01-28 10:00:00,1942.3
2023-01-28 11:00:00,1952.8
2023-01-28 12:00:00,1922.1
2023-01-28 13:00:00,1934.9
2023-01-28 14:00:00,1925.6
2023-01-28 15:00:00,1933.8
2023-01-28 16:00:00,1847.9
2023-01-28 17:00:00,1909.9
2023-01-28 18:00:00,1790.4
2023-01-28 19:00:00,1776.5
2023-01-28 20:00:00,1708.2
2023-01-28 21:00:00,1675.3
2023-01-28 22:00:00,1666.5
2023-01-28 23:00:00,1650.8
2023-01-29 00:00:00,1664.4
2023-01-29 01:00:00,1654.6
2023-01-29 02:00:00,1721.7
2023-01-29 03:00:00,1703.0
2023-01-29 04:00:00,1732.5
2023-01-29 05:00:00,1785.3
2023-01-29 06:00:00,1867.2
2023-01-29 07:00:00,1884.1
2023-01-29 08:00:00,1912.2
2023-01-29 09:00:00,1904.5
2023-01-29 10:00:00,1938.1
2023-01-29 11:00:00,1950.1
2023-01-29 12:00:00,2033.6
2023-01-29 13:00:00,2006.0
2023-01-29 14:00:00,1949.9
2023-01-29 15:00:00,1935.6
2023-01-29 16:00:00,1897.2
2023-01-29 17:00:00,1859.5
2023-01-29 18:00:00,1861.3
2023-01-29 19:00:00,1800.2
2023-01-29 20:00:00,1835.1
2023-01-29 21:00:00,1779.0
2023-01-29 22:00:00,1756.7
2023-01-29 23:00:00,1722.2
2023-01-30 00:00:00,1683.9
2023-01-30 01:00:00,1719.0
2023-01-30 02:00:00,1705.0
2023-01-30 03:00:00,1787.4
2023-01-30 04:00:00,1780.8
2023-01-30 05:00:00,1811.8
2023-01-30 06:00:00,1845.5
2023-01-30 07:00:00,1931.5
2023-01-30 08:00:00,1871.2
2023-01-30 09:00:00,1999.1
2023-01-30 10:00:00,1960.7
2023-01-30 11:00:00,1937.6
2023-01-30 12:00:00,1960.6
2023-01-30 13:00:00,1926.8
2023-01-30 14:00:00,1979.2
2023-01-30 15:00:00,1902.7
2023-01-30 16:00:00,1905.8
2023-01-30 17:00:00,1896.6
2023-01-30 18:00:00,1801.4
2023-01-30 19:00:00,1772.5
2023-01-30 20:00:00,1703.0
2023-01-30 21:00:00,1697.1
2023-01-30 22:00:00,1759.7
2023-01-30 23:00:00,1688.4
2023-01-31 00:00:00,1649.5
2023-01-31 01:00:00,1641.7
2023-01-31 02:00:00,1671.1
2023-01-31 03:00:00,1697.5
2023-01-31 04:00:00,1709.5
2023-01-31 05:00:00,1771.4
2023-01-31 06:00:00,1763.0
2023-01-31 07:00:00,1798.9
2023-01-31 08:00:00,1872.2
2023-01-31 09:00:00,1854.3
2023-01-31 10:00:00,1932.3
2023-01-31 11:00:00,1922.1
2023-01-31 12:00:00,1870.0
2023-01-31 13:00:00,1920.2
2023-01-31 14:00:00,1848.6
2023-01-31 15:00:00,1893.3
2023-01-31 16:00:00,1831.2
2023-01-31 17:00:00,1855.2
2023-01-31 18:00:00,1790.2
2023-01-31 19:00:00,1684.7
2023-01-31 20:00:00,1617.0
2023-01-31 21:00:00,1621.3
2023-01-31 22:00:00,1580.8
2023-01-31 23:00:00,1654.7
2023-02-01 00:00:00,1591.9
2023-02-01 01:00:00,1622.8
2023-02-01 02:00:00,1598.8
2023-02-01 03:00:00,1623.4
2023-02-01 04:00:00,1656.6
2023-02-01 05:00:00,1724.7
2023-02-01 06:00:00,1737.4
2023-02-01 07:00:00,1733.1
2023-02-01 08:00:00,1847.6
2023-02-01 09:00:00,1819.2
2023-02-01 10:00:00,1836.3
2023-02-01 11:00:00,1778.2
2023-02-01 12:00:00,1885.5
2023-02-01 13:00:00,1862.7
2023-02-01 14:00:00,1846.2
2023-02-01 15:00:00,1805.8
2023-02-01 16:00:00,1768.2
2023-02-01 17:00:00,1736.9
2023-02-01 18:00:00,1721.9
2023-02-01 19:00:00,1687.2
2023-02-01 20:00:00,1624.0
2023-02-01 21:00:00,1627.5
2023-02-01 22:00:00,1572.0
2023-02-01 23:00:00,1543.6
2023-02-02 00:00:00,1559.0
2023-02-02 01:00:00,1517.0
2023-02-02 02:00:00,1579.4
2023-02-02 03:00:00,1549.8
2023-02-02 04:00:00,1596.2
2023-02-02 05:00:00,1602.6
2023-02-02 06:00:00,1696.9
2023-02-02 07:00:00,1789.5
2023-02-02 08:00:00,1774.2
2023-02-02 09:00:00,1828.5
2023-02-02 10:00:00,1904.2
2023-02-02 11:00:00,1861.4
2023-02-02 12:00:00,1832.2
2023-02-02 13:00:00,1832.1
2023-02-02 14:00:00,1837.0
2023-02-02 15:00:00,1795.2
2023-02-02 16:00:00,1767.6
2023-02-02 17:00:00,1779.1
2023-02-02 18:00:00,1742.9
2023-02-02 19:00:00,1625.4
2023-02-02 20:00:00,1615.7
2023-02-02 21:00:00,1597.0
2023-02-02 22:00:00,1606.8
2023-02-02 23:00:00,1610.1
2023-02-03 00:00:00,1653.7
2023-02-03 01:00:00,1565.9
2023-02-03 02:00:00,1584.5
2023-02-03 03:00:00,1640.7
2023-02-03 04:00:00,1636.0
2023-02-03 05:00:00,1690.8
2023-02-03 06:00:00,1723.9
2023-02-03 07:00:00,1699.1
2023-02-03 08:00:00,1820.2
2023-02-03 09:00:00,1844.8
2023-02-03 10:00:00,1914.9
2023-02-03 11:00:00,1894.7
2023-02-03 12:00:00,1864.9
2023-02-03 13:00:00,1892.6
2023-02-03 14:00:00,1825.5
2023-02-03 15:00:00,1831.1
2023-02-03 16:00:00,1858.4
2023-02-03 17:00:00,1798.8
2023-02-03 18:00:00,1798.1
2023-02-03 19:00:00,1675.7
2023-02-03 20:00:00,1694.4
2023-02-03 21:00:00,1659.5
2023-02-03 22:00:00,1681.7
2023-02-03 23:00:00,1661.4
2023-02-04 00:00:00,1658.6
2023-02-04 01:00:00,1693.8
2023-02-04 02:00:00,1654.7
2023-02-04 03:00:00,1732.7
2023-02-04 04:00:00,1695.6
2023-02-04 05:00:00,1733.8
2023-02-04 06:00:00,1830.7
2023-02-04 07:00:00,1804.9
2023-02-04 08:00:00,1906.4
2023-02-04 09:00:00,1926.3
2023-02-04 10:00:00,1982.3
2023-02-04 11:00:00,1966.2
2023-02-04 12:00:00,1977.7
2023-02-04 13:00:00,1989.0
2023-02-04 14:00:00,1941.7
2023-02-04 15:00:00,1919.3
2023-02-04 16:00:00,1926.3
2023-02-04 17:00:00,1877.6
2023-02-04 18:00:00,1830.0
2023-02-04 19:00:00,1803.4
2023-02-04 20:00:00,1819.9
2023-02-04 21:00:00,1730.0
2023-02-04 22:00:00,1707.6
2023-02-04 23:00:00,1657.7
2023-02-05 00:00:00,1704.6
2023-02-05 01:00:00,1732.7
2023-02-05 02:00:00,1755.0
2023-02-05 03:00:00,1758.8
2023-02-05 04:00:00,1817.0
2023-02-05 05:00:00,1848.0
2023-02-05 06:00:00,1899.8
2023-02-05 07:00:00,1936.2
2023-02-05 08:00:00,1991.3
2023-02-05 09:00:00,1971.3
2023-02-05 10:00:00,1961.6
2023-02-05 11:00:00,2037.3
2023-02-05 12:00:00,2046.8
2023-02-05 13:00:00,2066.1
2023-02-05 14:00:00,2043.1
2023-02-05 15:00:00,2039.8
2023-02-05 16:00:00,1969.4
2023-02-05 17:00:00,1921.8
2023-02-05 18:00:00,1834.8
2023-02-05 19:00:00,1846.9
2023-02-05 20:00:00,1784.9
2023-02-05 21:00:00,1776.6
2023-02-05 22:00:00,1747.9
2023-02-05 23:00:00,1745.1
2023-02-06 00:00:00,1722.4
2023-02-06 01:00:00,1758.0
2023-02-06 02:00:00,1662.5
2023-02-06 03:00:00,1773.0
2023-02-06 04:00:00,1833.6
2023-02-06 05:00:00,1888.8
2023-02-06 06:00:00,1892.4
2023-02-06 07:00:00,1958.6
2023-02-06 08:00:00,1948.0
2023-02-06 09:00:00,1972.7
2023-02-06 10:00:00,2010.9
2023-02-06 11:00:00,2008.4
2023-02-06 12:00:00,1988.4
2023-02-06 13:00:00,1989.6
2023-02-06 14:00:00,1954.9
2023-02-06 15:00:00,1978.3
2023-02-06 16:00:00,1929.8
2023-02-06 17:00:00,1880.4
2023-02-06 18:00:00,1833.2
2023-02-06 19:00:00,1824.4
2023-02-06 20:00:00,1794.2
2023-02-06 21:00:00,1703.4
2023-02-06 22:00:00,1672.5
2023-02-06 23:00:00,1722.3
2023-02-07 00:00:00,1644.8
2023-02-07 01:00:00,1705.0
2023-02-07 02:00:00,1749.5
2023-02-07 03:00:00,1770.8
2023-02-07 04:00:00,1772.7
2023-02-07 05:00:00,1805.3
2023-02-07 06:00:00,1887.7
2023-02-07 07:00:00,1786.2
2023-02-07 08:00:00,1875.7
2023-02-07 09:00:00,1943.3
2023-02-07 10:00:00,1928.8
2023-02-07 11:00:00,1988.2
2023-02-07 12:00:00,1952.1
2023-02-07 13:00:00,1949.3
2023-02-07 14:00:00,1919.3
2023-02-07 15:00:00,1885.3
2023-02-07 16:00:00,1850.6
2023-02-07 17:00:00,1836.2
2023-02-07 18:00:00,1763.3
2023-02-07 19:00:00,1773.5
2023-02-07 20:00:00,1725.7
2023-02-07 21:00:00,1705.3
2023-02-07 22:00:00,1612.0
2023-02-07 23:00:00,1577.3
2023-02-08 00:00:00,1620.5
2023-02-08 01:00:00,1710.2
2023-02-08 02:00:00,1673.7
2023-02-08 03:00:00,1640.5
2023-02-08 04:00:00,1698.6
2023-02-08 05:00:00,1741.6
2023-02-08 06:00:00,1715.3
2023-02-08 07:00:00,1834.2
2023-02-08 08:00:00,1822.2
2023-02-08 09:00:00,1853.5
2023-02-08 10:00:00,1878.9
2023-02-08 11:00:00,1925.7
2023-02-08 12:00:00,1872.1
2023-02-08 13:00:00,1836.7
2023-02-08 14:00:00,1881.1
2023-02-08 15:00:00,1784.8
2023-02-08 16:00:00,1804.6
2023-02-08 17:00:00,1811.8
2023-02-08 18:00:00,1753.5
2023-02-08 19:00:00,1727.5
2023-02-08 20:00:00,1677.7
2023-02-08 21:00:00,1699.5
2023-02-08 22:00:00,1584.9
2023-02-08 23:00:00,1598.8
2023-02-09 00:00:00,1568.1
2023-02-09 01:00:00,1614.6
2023-02-09 02:00:00,1598.7
2023-02-09 03:00:00,1675.7
2023-02-09 04:00:00,1639.2
2023-02-09 05:00:00,1733.5
2023-02-09 06:00:00,1748.0
2023-02-09 07:00:00,1768.2
2023-02-09 08:00:00,1822.0
2023-02-09 09:00:00,1845.1
2023-02-09 10:00:00,1872.3
2023-02-09 11:00:00,1871.1
2023-02-09 12:00:00,1862.1
2023-02-09 13:00:00,1868.9
2023-02-09 14:00:00,1814.4
2023-02-09 15:00:00,1867.5
2023-02-09 16:00:00,1775.3
2023-02-09 17:00:00,1770.9
2023-02-09 18:00:00,1759.5
2023-02-09 19:00:00,1727.9
2023-02-09 20:00:00,1614.9
2023-02-09 21:00:00,1636.0
2023-02-09 22:00:00,1630.6
2023-02-09 23:00:00,1605.2
2023-02-10 00:00:00,1640.9
2023-02-10 01:00:00,1583.1
2023-02-10 02:00:00,1563.4
2023-02-10 03:00:00,1675.2
2023-02-10 04:00:00,1668.2
2023-02-10 05:00:00,1670.1
2023-02-10 06:00:00,1759.4
2023-02-10 07:00:00,1842.4
2023-02-10 08:00:00,1806.4
2023-02-10 09:00:00,1948.1
2023-02-10 10:00:00,1879.5
2023-02-10 11:00:00,1925.0
2023-02-10 12:00:00,1893.7
2023-02-10 13:00:00,1929.3
2023-02-10 14:00:00,1912.0
2023-02-10 15:00:00,1850.4
2023-02-10 16:00:00,1951.8
2023-02-10 17:00:00,1819.1
2023-02-10 18:00:00,1783.3
2023-02-10 19:00:00,1791.5
2023-02-10 20:00:00,1783.8
2023-02-10 21:00:00,1735.2
2023-02-10 22:00:00,1644.7
2023-02-10 23:00:00,1675.3
2023-02-11 00:00:00,1610.5
2023-02-11 01:00:00,1702.2
2023-02-11 02:00:00,1644.3
2023-02-11 03:00:00,1696.2
2023-02-11 04:00:00,1754.4
2023-02-11 05:00:00,1807.1
2023-02-11 06:00:00,1827.9
2023-02-11 07:00:00,1923.1
2023-02-11 08:00:00,1938.5
2023-02-11 09:00:00,1970.2
2023-02-11 10:00:00,1940.8
2023-02-11 11:00:00,2046.5
2023-02-11 12:00:00,1979.5
2023-02-11 13:00:00,2053.4
2023-02-11 14:00:00,2049.7
2023-02-11 15:00:00,1983.3
2023-02-11 16:00:00,1970.5
2023-02-11 17:00:00,1813.5
2023-02-11 18:00:00,1863.8
2023-02-11 19:00:00,1866.4
2023-02-11 20:00:00,1827.2
2023-02-11 21:00:00,1734.2
2023-02-11 22:00:00,1740.3
2023-02-11 23:00:00,1660.2
2023-02-12 00:00:00,1745.7
2023-02-12 01:00:00,1683.9
2023-02-12 02:00:00,1791.2
2023-02-12 03:00:00,1818.4
2023-02-12 04:00:00,1801.4
2023-02-12 05:00:00,1869.1
2023-02-12 06:00:00,1887.2
2023-02-12 07:00:00,1941.2
2023-02-12 08:00:00,1937.0
2023-02-12 09:00:00,2022.4
2023-02-12 10:00:00,1979.4
2023-02-12 11:00:00,1989.7
2023-02-12 12:00:00,2046.9
2023-02-12 13:00:00,2039.9
2023-02-12 14:00:00,2040.1
2023-02-12 15:00:00,1989.2
2023-02-12 16:00:00,2034.6
2023-02-12 17:00:00,1947.0
2023-02-12 18:00:00,1910.5
2023-02-12 19:00:00,1870.7
2023-02-12 20:00:00,1858.7
2023-02-12 21:00:00,1814.7
2023-02-12 22:00:00,1786.6
2023-02-12 23:00:00,1780.1
2023-02-13 00:00:00,1697.7
2023-02-13 01:00:00,1703.4
2023-02-13 02:00:00,1769.1
2023-02-13 03:00:00,1788.5
2023-02-13 04:00:00,1842.0
2023-02-13 05:00:00,1860.4
2023-02-13 06:00:00,1915.0
2023-02-13 07:00:00,1897.8
2023-02-13 08:00:00,1969.7
2023-02-13 09:00:00,1959.5
2023-02-13 10:00:00,2033.7
2023-02-13 11:00:00,1979.1
2023-02-13 12:00:00,2049.4
2023-02-13 13:00:00,1988.0
2023-02-13 14:00:00,2003.7
2023-02-13 15:00:00,2016.3
2023-02-13 16:00:00,1963.2
2023-02-13 17:00:00,1868.8
2023-02-13 18:00:00,1857.0
2023-02-13 19:00:00,1791.1
2023-02-13 20:00:00,1746.8
2023-02-13 21:00:00,1767.8
2023-02-13 22:00:00,1754.8
2023-02-13 23:00:00,1733.8
2023-02-14 00:00:00,1731.0
2023-02-14 01:00:00,1715.1
2023-02-14 02:00:00,1719.6
2023-02-14 03:00:00,1716.8
2023-02-14 04:00:00,1764.2
2023-02-14 05:00:00,1771.2
2023-02-14 06:00:00,1821.6
2023-02-14 07:00:00,1885.7
2023-02-14 08:00:00,1912.8
2023-02-14 09:00:00,2036.6
2023-02-14 10:00:00,1925.3
2023-02-14 11:00:00,1974.0
2023-02-14 12:00:00,1937.3
2023-02-14 13:00:00,1960.5
2023-02-14 14:00:00,1943.9
2023-02-14 15:00:00,1953.0
2023-02-14 16:00:00,1880.3
2023-02-14 17:00:00,1849.0
2023-02-14 18:00:00,1800.3
2023-02-14 19:00:00,1729.6
2023-02-14 20:00:00,1713.1
2023-02-14 21:00:00,1687.5
2023-02-14 22:00:00,1674.7
2023-02-14 23:00:00,1671.6
2023-02-15 00:00:00,1640.1
2023-02-15 01:00:00,1642.2
2023-02-15 02:00:00,1610.7
2023-02-15 03:00:00,1699.9
2023-02-15 04:00:00,1691.6
2023-02-15 05:00:00,1768.7
2023-02-15 06:00:00,1822.4
2023-02-15 07:00:00,1814.0
2023-02-15 08:00:00,1823.0
2023-02-15 09:00:00,1882.3
2023-02-15 10:00:00,1915.1
2023-02-15 11:00:00,1908.4
2023-02-15 12:00:00,1904.2
2023-02-15 13:00:00,1931.3
2023-02-15 14:00:00,1912.8
2023-02-15 15:00:00,1862.1
2023-02-15 16:00:00,1790.4
2023-02-15 17:00:00,1816.3
2023-02-15 18:00:00,1739.5
2023-02-15 19:00:00,1729.1
2023-02-15 20:00:00,1690.0
2023-02-15 21:00:00,1596.8
2023-02-15 22:00:00,1631.3
2023-02-15 23:00:00,1628.7
2023-02-16 00:00:00,1626.7
2023-02-16 01:00:00,1615.7
2023-02-16 02:00:00,1567.5
2023-02-16 03:00:00,1688.7
2023-02-16 04:00:00,1693.7
2023-02-16 05:00:00,1681.4
2023-02-16 06:00:00,1732.8
2023-02-16 07:00:00,1802.4
2023-02-16 08:00:00,1852.4
2023-02-16 09:00:00,1848.8
2023-02-16 10:00:00,1912.6
2023-02-16 11:00:00,1849.7
2023-02-16 12:00:00,1878.1
2023-02-16 13:00:00,1843.2
2023-02-16 14:00:00,1864.2
2023-02-16 15:00:00,1913.6
2023-02-16 16:00:00,1900.2
2023-02-16 17:00:00,1810.6
2023-02-16 18:00:00,1747.0
2023-02-16 19:00:00,1722.2
2023-02-16 20:00:00,1708.5
2023-02-16 21:00:00,1618.0
2023-02-16 22:00:00,1625.7
2023-02-16 23:00:00,1672.8
2023-02-17 00:00:00,1595.2
2023-02-17 01:00:00,1611.3
2023-02-17 02:00:00,1651.3
2023-02-17 03:00:00,1685.4
2023-02-17 04:00:00,1691.6
2023-02-17 05:00:00,1751.2
2023-02-17 06:00:00,1808.4
2023-02-17 07:00:00,1890.3
2023-02-17 08:00:00,1866.5
2023-02-17 09:00:00,1902.7
2023-02-17 10:00:00,1976.3
2023-02-17 11:00:00,1931.8
2023-02-17 12:00:00,1916.5
2023-02-17 13:00:00,1961.5
2023-02-17 14:00:00,1974.2
2023-02-17 15:00:00,1931.8
2023-02-17 16:00:00,1890.0
2023-02-17 17:00:00,1816.3
2023-02-17 18:00:00,1822.2
2023-02-17 19:00:00,1825.2
2023-02-17 20:00:00,1718.1
2023-02-17 21:00:00,1719.9
2023-02-17 22:00:00,1694.9
2023-02-17 23:00:00,1673.7
2023-02-18 00:00:00,1700.1
2023-02-18 01:00:00,1714.2
2023-02-18 02:00:00,1732.0
2023-02-18 03:00:00,1716.7
2023-02-18 04:00:00,1730.8
2023-02-18 05:00:00,1827.3
2023-02-18 06:00:00,1846.2
2023-02-18 07:00:00,1958.4
2023-02-18 08:00:00,1999.0
2023-02-18 09:00:00,2036.2
2023-02-18 10:00:00,1975.1
2023-02-18 11:00:00,2038.3
2023-02-18 12:00:00,2055.3
2023-02-18 13:00:00,2049.6
2023-02-18 14:00:00,2004.0
2023-02-18 15:00:00,2031.9
2023-02-18 16:00:00,1965.1
2023-02-18 17:00:00,1935.3
2023-02-18 18:00:00,1849.1
2023-02-18 19:00:00,1878.2
2023-02-18 20:00:00,1817.2
2023-02-18 21:00:00,1810.2
2023-02-18 22:00:00,1781.7
2023-02-18 23:00:00,1767.2
2023-02-19 00:00:00,1757.4
2023-02-19 01:00:00,1789.4
2023-02-19 02:00:00,1776.7
2023-02-19 03:00:00,1764.6
2023-02-19 04:00:00,1858.1
2023-02-19 05:00:00,1854.6
2023-02-19 06:00:00,1879.4
2023-02-19 07:00:00,1928.7
2023-02-19 08:00:00,2005.3
2023-02-19 09:00:00,2026.2
2023-02-19 10:00:00,1990.0
2023-02-19 11:00:00,2058.4
2023-02-19 12:00:00,2111.0
2023-02-19 13:00:00,2058.0
2023-02-19 14:00:00,2052.3
2023-02-19 15:00:00,2065.2
2023-02-19 16:00:00,2027.2
2023-02-19 17:00:00,1998.1
2023-02-19 18:00:00,1845.6
2023-02-19 19:00:00,1942.1
2023-02-19 20:00:00,1873.0
2023-02-19 21:00:00,1896.5
2023-02-19 22:00:00,1775.1
2023-02-19 23:00:00,1730.3
2023-02-20 00:00:00,1777.9
2023-02-20 01:00:00,1773.9
2023-02-20 02:00:00,1816.1
2023-02-20 03:00:00,1851.8
2023-02-20 04:00:00,1847.1
2023-02-20 05:00:00,1877.7
2023-02-20 06:00:00,1938.3
2023-02-20 07:00:00,1952.5
2023-02-20 08:00:00,1984.9
2023-02-20 09:00:00,2055.9
2023-02-20 10:00:00,2084.9
2023-02-20 11:00:00,2093.0
2023-02-20 12:00:00,2058.9
2023-02-20 13:00:00,1992.9
2023-02-20 14:00:00,2035.8
2023-02-20 15:00:00,1991.7
2023-02-20 16:00:00,1977.5
2023-02-20 17:00:00,1923.0
2023-02-20 18:00:00,1901.5
2023-02-20 19:00:00,1829.9
2023-02-20 20:00:00,1784.2
2023-02-20 21:00:00,1825.8
2023-02-20 22:00:00,1733.8
2023-02-20 23:00:00,1745.4
2023-02-21 00:00:00,1766.4
2023-02-21 01:00:00,1767.8
2023-02-21 02:00:00,1776.5
2023-02-21 03:00:00,1782.9
2023-02-21 04:00:00,1823.9
2023-02-21 05:00:00,1876.9
2023-02-21 06:00:00,1884.5
2023-02-21 07:00:00,1852.7
2023-02-21 08:00:00,1925.3
2023-02-21 09:00:00,1990.3
2023-02-21 10:00:00,1971.6
2023-02-21 11:00:00,2051.1
2023-02-21 12:00:00,2002.9
2023-02-21 13:00:00,1999.4
2023-02-21 14:00:00,2012.7
2023-02-21 15:00:00,1946.8
2023-02-21 16:00:00,1923.7
2023-02-21 17:00:00,1906.4
2023-02-21 18:00:00,1793.6
2023-02-21 19:00:00,1787.7
2023-02-21 20:00:00,1782.2
2023-02-21 21:00:00,1725.5
2023-02-21 22:00:00,1741.1
2023-02-21 23:00:00,1632.2
2023-02-22 00:00:00,1621.0
2023-02-22 01:00:00,1697.4
2023-02-22 02:00:00,1712.8
2023-02-22 03:00:00,1702.5
2023-02-22 04:00:00,1749.0
2023-02-22 05:00:00,1793.2
2023-02-22 06:00:00,1783.0
2023-02-22 07:00:00,1822.9
2023-02-22 08:00:00,1883.9
2023-02-22 09:00:00,1934.3
2023-02-22 10:00:00,1894.1
2023-02-22 11:00:00,1936.3
2023-02-22 12:00:00,1938.3
2023-02-22 13:00:00,1951.3
2023-02-22 14:00:00,1922.0
2023-02-22 15:00:00,1880.5
2023-02-22 16:00:00,1901.9
2023-02-22 17:00:00,1810.7
2023-02-22 18:00:00,1778.1
2023-02-22 19:00:00,1699.2
2023-02-22 20:00:00,1688.4
2023-02-22 21:00:00,1693.3
2023-02-22 22:00:00,1662.8
2023-02-22 23:00:00,1655.5
2023-02-23 00:00:00,1648.3
2023-02-23 01:00:00,1699.1
2023-02-23 02:00:00,1628.6
2023-02-23 03:00:00,1626.1
2023-02-23 04:00:00,1674.0
2023-02-23 05:00:00,1720.6
2023-02-23 06:00:00,1751.4
2023-02-23 07:00:00,1822.4
2023-02-23 08:00:00,1893.7
2023-02-23 09:00:00,1933.8
2023-02-23 10:00:00,1927.1
2023-02-23 11:00:00,1991.8
2023-02-23 12:00:00,1922.8
2023-02-23 13:00:00,1880.2
2023-02-23 14:00:00,1946.8
2023-02-23 15:00:00,1837.2
2023-02-23 16:00:00,1839.9
2023-02-23 17:00:00,1843.2
2023-02-23 18:00:00,1787.1
2023-02-23 19:00:00,1747.1
2023-02-23 20:00:00,1682.8
2023-02-23 21:00:00,1688.5
2023-02-23 22:00:00,1696.9
2023-02-23 23:00:00,1654.3
2023-02-24 00:00:00,1625.6
2023-02-24 01:00:00,1620.3
2023-02-24 02:00:00,1650.5
2023-02-24 03:00:00,1712.6
2023-02-24 04:00:00,1744.5
2023-02-24 05:00:00,1748.7
2023-02-24 06:00:00,1747.7
2023-02-24 07:00:00,1867.9
2023-02-24 08:00:00,1867.2
2023-02-24 09:00:00,1948.5
2023-02-24 10:00:00,1931.6
2023-02-24 11:00:00,1942.4
2023-02-24 12:00:00,1984.6
2023-02-24 13:00:00,2048.5
2023-02-24 14:00:00,1988.1
2023-02-24 15:00:00,1948.8
2023-02-24 16:00:00,1927.4
2023-02-24 17:00:00,1831.0
2023-02-24 18:00:00,1814.0
2023-02-24 19:00:00,1736.6
2023-02-24 20:00:00,1830.7
2023-02-24 21:00:00,1796.7
2023-02-24 22:00:00,1741.9
2023-02-24 23:00:00,1722.3
2023-02-25 00:00:00,1669.8
2023-02-25 01:00:00,1718.0
2023-02-25 02:00:00,1796.4
2023-02-25 03:00:00,1773.5
2023-02-25 04:00:00,1786.8
2023-02-25 05:00:00,1790.3
2023-02-25 06:00:00,1926.3
2023-02-25 07:00:00,1924.7
2023-02-25 08:00:00,1913.3
2023-02-25 09:00:00,1972.3
2023-02-25 10:00:00,1988.4
2023-02-25 11:00:00,2040.7
2023-02-25 12:00:00,2058.8
2023-02-25 13:00:00,2035.2
2023-02-25 14:00:00,2061.4
2023-02-25 15:00:00,2019.3
2023-02-25 16:00:00,2020.4
2023-02-25 17:00:00,1944.2
2023-02-25 18:00:00,2009.9
2023-02-25 19:00:00,1865.3
2023-02-25 20:00:00,1821.3
2023-02-25 21:00:00,1788.8
2023-02-25 22:00:00,1791.6
2023-02-25 23:00:00,1733.5
2023-02-26 00:00:00,1790.9
2023-02-26 01:00:00,1731.9
2023-02-26 02:00:00,1810.8
2023-02-26 03:00:00,1791.0
2023-02-26 04:00:00,1852.9
2023-02-26 05:00:00,1920.2
2023-02-26 06:00:00,2011.5
2023-02-26 07:00:00,1950.2
2023-02-26 08:00:00,2015.5
2023-02-26 09:00:00,2030.5
2023-02-26 10:00:00,2051.1
2023-02-26 11:00:00,2071.7
2023-02-26 12:00:00,2123.8
2023-02-26 13:00:00,2080.1
2023-02-26 14:00:00,2147.8
2023-02-26 15:00:00,2069.5
2023-02-26 16:00:00,1996.1
2023-02-26 17:00:00,1979.5
2023-02-26 18:00:00,1927.8
2023-02-26 19:00:00,1937.1
2023-02-26 20:00:00,1827.7
2023-02-26 21:00:00,1805.4
2023-02-26 22:00:00,1803.8
2023-02-26 23:00:00,1826.7
2023-02-27 00:00:00,1837.6
2023-02-27 01:00:00,1846.6
2023-02-27 02:00:00,1835.3
2023-02-27 03:00:00,1840.0
2023-02-27 04:00:00,1896.5
2023-02-27 05:00:00,1873.4
2023-02-27 06:00:00,1890.1
2023-02-27 07:00:00,1996.2
2023-02-27 08:00:00,1987.8
2023-02-27 09:00:00,2045.6
2023-02-27 10:00:00,2073.5
2023-02-27 11:00:00,2090.8
2023-02-27 12:00:00,2114.9
2023-02-27 13:00:00,2104.8
2023-02-27 14:00:00,2068.8
2023-02-27 15:00:00,2023.9
2023-02-27 16:00:00,2007.3
2023-02-27 17:00:00,1947.9
2023-02-27 18:00:00,1918.9
2023-02-27 19:00:00,1962.3
2023-02-27 20:00:00,1850.7
2023-02-27 21:00:00,1825.3
2023-02-27 22:00:00,1764.4
2023-02-27 23:00:00,1798.7
2023-02-28 00:00:00,1783.2
2023-02-28 01:00:00,1786.0
2023-02-28 02:00:00,1781.7
2023-02-28 03:00:00,1827.5
2023-02-28 04:00:00,1863.0
2023-02-28 05:00:00,1866.7
2023-02-28 06:00:00,1890.9
2023-02-28 07:00:00,1957.1
2023-02-28 08:00:00,1936.5
2023-02-28 09:00:00,1970.4
2023-02-28 10:00:00,2011.3
2023-02-28 11:00:00,1972.8
2023-02-28 12:00:00,2052.1
2023-02-28 13:00:00,1990.4
2023-02-28 14:00:00,1987.3
2023-02-28 15:00:00,1968.3
2023-02-28 16:00:00,1942.0
2023-02-28 17:00:00,1891.5
2023-02-28 18:00:00,1858.2
2023-02-28 19:00:00,1816.8
2023-02-28 20:00:00,1766.3
2023-02-28 21:00:00,1722.7
2023-02-28 22:00:00,1751.8
2023-02-28 23:00:00,1638.6
2023-03-01 00:00:00,1687.9
2023-03-01 01:00:00,1682.6
2023-03-01 02:00:00,1721.7
2023-03-01 03:00:00,1686.9
2023-03-01 04:00:00,1744.2
2023-03-01 05:00:00,1790.0
2023-03-01 06:00:00,1861.7
2023-03-01 07:00:00,1876.2
2023-03-01 08:00:00,1864.8
2023-03-01 09:00:00,1914.8
2023-03-01 10:00:00,1977.9
2023-03-01 11:00:00,1928.4
2023-03-01 12:00:00,1965.4
2023-03-01 13:00:00,1960.6
2023-03-01 14:00:00,1932.7
2023-03-01 15:00:00,1999.8
2023-03-01 16:00:00,1874.1
2023-03-01 17:00:00,1862.5
2023-03-01 18:00:00,1785.9
2023-03-01 19:00:00,1784.8
2023-03-01 20:00:00,1757.9
2023-03-01 21:00:00,1682.2
2023-03-01 22:00:00,1673.5
2023-03-01 23:00:00,1632.6
2023-03-02 00:00:00,1619.4
2023-03-02 01:00:00,1689.5
2023-03-02 02:00:00,1656.4
2023-03-02 03:00:00,1624.2
2023-03-02 04:00:00,1780.4
2023-03-02 05:00:00,1739.5
2023-03-02 06:00:00,1795.1
2023-03-02 07:00:00,1890.7
2023-03-02 08:00:00,1873.7
2023-03-02 09:00:00,1904.5
2023-03-02 10:00:00,1896.9
2023-03-02 11:00:00,1900.3
2023-03-02 12:00:00,1950.2
2023-03-02 13:00:00,1961.8
2023-03-02 14:00:00,1946.1
2023-03-02 15:00:00,1899.7
2023-03-02 16:00:00,1884.9
2023-03-02 17:00:00,1794.2
2023-03-02 18:00:00,1825.7
2023-03-02 19:00:00,1779.4
2023-03-02 20:00:00,1799.1
2023-03-02 21:00:00,1710.7
2023-03-02 22:00:00,1660.2
2023-03-02 23:00:00,1673.8
2023-03-03 00:00:00,1662.3
2023-03-03 01:00:00,1692.3
2023-03-03 02:00:00,1697.2
2023-03-03 03:00:00,1684.6
2023-03-03 04:00:00,1706.7
2023-03-03 05:00:00,1802.2
2023-03-03 06:00:00,1877.0
2023-03-03 07:00:00,1879.2
2023-03-03 08:00:00,1940.0
2023-03-03 09:00:00,1979.7
2023-03-03 10:00:00,1983.8
2023-03-03 11:00:00,1969.1
2023-03-03 12:00:00,2007.3
2023-03-03 13:00:00,2035.4
2023-03-03 14:00:00,2003.0
2023-03-03 15:00:00,1988.6
2023-03-03 16:00:00,1924.2
2023-03-03 17:00:00,1898.8
2023-03-03 18:00:00,1865.5
2023-03-03 19:00:00,1831.7
2023-03-03 20:00:00,1835.2
2023-03-03 21:00:00,1701.8
2023-03-03 22:00:00,1752.4
2023-03-03 23:00:00,1737.2
2023-03-04 00:00:00,1696.4
2023-03-04 01:00:00,1766.0
2023-03-04 02:00:00,1742.2
2023-03-04 03:00:00,1780.1
2023-03-04 04:00:00,1880.4
2023-03-04 05:00:00,1894.5
2023-03-04 06:00:00,1923.3
2023-03-04 07:00:00,1959.4
2023-03-04 08:00:00,1982.2
2023-03-04 09:00:00,2081.1
2023-03-04 10:00:00,2072.0
2023-03-04 11:00:00,2043.3
2023-03-04 12:00:00,2031.7
2023-03-04 13:00:00,2088.4
2023-03-04 14:00:00,2057.5
2023-03-04 15:00:00,1995.1
2023-03-04 16:00:00,2022.4
2023-03-04 17:00:00,1967.8
2023-03-04 18:00:00,1955.5
2023-03-04 19:00:00,1916.4
2023-03-04 20:00:00,1851.1
2023-03-04 21:00:00,1859.5
2023-03-04 22:00:00,1804.0
2023-03-04 23:00:00,1793.1
2023-03-05 00:00:00,1787.0
2023-03-05 01:00:00,1843.9
2023-03-05 02:00:00,1818.4
2023-03-05 03:00:00,1893.6
2023-03-05 04:00:00,1938.7
2023-03-05 05:00:00,1900.7
2023-03-05 06:00:00,1875.6
2023-03-05 07:00:00,2034.7
2023-03-05 08:00:00,2030.6
2023-03-05 09:00:00,2047.1
2023-03-05 10:00:00,2080.3
2023-03-05 11:00:00,2101.4
2023-03-05 12:00:00,2158.7
2023-03-05 13:00:00,2120.2
2023-03-05 14:00:00,2139.6
2023-03-05 15:00:00,2092.5
2023-03-05 16:00:00,2037.8
2023-03-05 17:00:00,1999.4
2023-03-05 18:00:00,1989.4
2023-03-05 19:00:00,1958.4
2023-03-05 20:00:00,1927.4
2023-03-05 21:00:00,1858.4
2023-03-05 22:00:00,1847.4
2023-03-05 23:00:00,1844.3
2023-03-06 00:00:00,1809.7
2023-03-06 01:00:00,1791.6
2023-03-06 02:00:00,1815.8
2023-03-06 03:00:00,1855.8
2023-03-06 04:00:00,1913.0
2023-03-06 05:00:00,1966.0
2023-03-06 06:00:00,1925.3
2023-03-06 07:00:00,1985.6
2023-03-06 08:00:00,2027.7
2023-03-06 09:00:00,2091.9
2023-03-06 10:00:00,2074.5
2023-03-06 11:00:00,2090.8
2023-03-06 12:00:00,2064.8
2023-03-06 13:00:00,2114.7
2023-03-06 14:00:00,2078.5
2023-03-06 15:00:00,2037.9
2023-03-06 16:00:00,2016.7
2023-03-06 17:00:00,2020.0
2023-03-06 18:00:00,1915.0
2023-03-06 19:00:00,1878.8
2023-03-06 20:00:00,1903.1
2023-03-06 21:00:00,1834.4
2023-03-06 22:00:00,1825.9
2023-03-06 23:00:00,1800.4
2023-03-07 00:00:00,1779.6
2023-03-07 01:00:00,1772.7
2023-03-07 02:00:00,1820.4
2023-03-07 03:00:00,1851.5
2023-03-07 04:00:00,1877.5
2023-03-07 05:00:00,1842.8
2023-03-07 06:00:00,1953.5
2023-03-07 07:00:00,1939.7
2023-03-07 08:00:00,1961.1
2023-03-07 09:00:00,2006.9
2023-03-07 10:00:00,2057.9
2023-03-07 11:00:00,2061.3
2023-03-07 12:00:00,2039.6
2023-03-07 13:00:00,2064.4
2023-03-07 14:00:00,2025.6
2023-03-07 15:00:00,1977.5
2023-03-07 16:00:00,1939.6
2023-03-07 17:00:00,1934.1
2023-03-07 18:00:00,1877.7
2023-03-07 19:00:00,1797.3
2023-03-07 20:00:00,1825.0
2023-03-07 21:00:00,1751.4
2023-03-07 22:00:00,1787.0
2023-03-07 23:00:00,1679.5
2023-03-08 00:00:00,1708.5
2023-03-08 01:00:00,1695.4
2023-03-08 02:00:00,1699.7
2023-03-08 03:00:00,1735.7
2023-03-08 04:00:00,1832.1
2023-03-08 05:00:00,1817.1
2023-03-08 06:00:00,1825.6
2023-03-08 07:00:00,1831.2
2023-03-08 08:00:00,1868.4
2023-03-08 09:00:00,1933.0
2023-03-08 10:00:00,1952.0
2023-03-08 11:00:00,1977.3
2023-03-08 12:00:00,1919.2
2023-03-08 13:00:00,1977.8
2023-03-08 14:00:00,1994.8
2023-03-08 15:00:00,1987.3
2023-03-08 16:00:00,1849.2
2023-03-08 17:00:00,1844.5
2023-03-08 18:00:00,1802.9
2023-03-08 19:00:00,1792.9
2023-03-08 20:00:00,1714.7
2023-03-08 21:00:00,1769.8
2023-03-08 22:00:00,1696.0
2023-03-08 23:00:00,1675.3
2023-03-09 00:00:00,1721.0
2023-03-09 01:00:00,1677.4
2023-03-09 02:00:00,1704.4
2023-03-09 03:00:00,1693.5
2023-03-09 04:00:00,1705.8
2023-03-09 05:00:00,1764.7
2023-03-09 06:00:00,1887.5
2023-03-09 07:00:00,1879.8
2023-03-09 08:00:00,1905.5
2023-03-09 09:00:00,1899.5
2023-03-09 10:00:00,1980.4
2023-03-09 11:00:00,1928.0
2023-03-09 12:00:00,1927.5
2023-03-09 13:00:00,1953.5
2023-03-09 14:00:00,2014.8
2023-03-09 15:00:00,1990.3
2023-03-09 16:00:00,1889.9
2023-03-09 17:00:00,1848.3
2023-03-09 18:00:00,1781.9
2023-03-09 19:00:00,1796.1
2023-03-09 20:00:00,1763.9
2023-03-09 21:00:00,1753.4
2023-03-09 22:00:00,1734.9
2023-03-09 23:00:00,1688.5
2023-03-10 00:00:00,1707.9
2023-03-10 01:00:00,1677.4
2023-03-10 02:00:00,1731.6
2023-03-10 03:00:00,1726.3
2023-03-10 04:00:00,1788.6
2023-03-10 05:00:00,1824.7
2023-03-10 06:00:00,1856.6
2023-03-10 07:00:00,1919.7
2023-03-10 08:00:00,1887.5
2023-03-10 09:00:00,1936.3
2023-03-10 10:00:00,1986.7
2023-03-10 11:00:00,1969.2
2023-03-10 12:00:00,2008.1
2023-03-10 13:00:00,2006.8
2023-03-10 14:00:00,2045.2
2023-03-10 15:00:00,1989.3
2023-03-10 16:00:00,1987.8
2023-03-10 17:00:00,1932.7
2023-03-10 18:00:00,1871.8
2023-03-10 19:00:00,1856.1
2023-03-10 20:00:00,1840.9
2023-03-10 21:00:00,1826.8
2023-03-10 22:00:00,1766.2
2023-03-10 23:00:00,1708.9
2023-03-11 00:00:00,1704.8
2023-03-11 01:00:00,1754.7
2023-03-11 02:00:00,1712.5
2023-03-11 03:00:00,1863.4
2023-03-11 04:00:00,1861.6
2023-03-11 05:00:00,1863.8
2023-03-11 06:00:00,1891.4
2023-03-11 07:00:00,1997.4
2023-03-11 08:00:00,1972.3
2023-03-11 09:00:00,2009.2
2023-03-11 10:00:00,2043.5
2023-03-11 11:00:00,2087.7
2023-03-11 12:00:00,2110.9
2023-03-11 13:00:00,2125.7
2023-03-11 14:00:00,2109.0
2023-03-11 15:00:00,2056.5
2023-03-11 16:00:00,2058.6
2023-03-11 17:00:00,1974.3
2023-03-11 18:00:00,1903.4
2023-03-11 19:00:00,1901.5
2023-03-11 20:00:00,1863.6
2023-03-11 21:00:00,1840.0
2023-03-11 22:00:00,1808.5
2023-03-11 23:00:00,1810.6
2023-03-12 00:00:00,1839.9
2023-03-12 01:00:00,1879.8
2023-03-12 02:00:00,1793.4
2023-03-12 03:00:00,1832.1
2023-03-12 04:00:00,1879.7
2023-03-12 05:00:00,1964.2
2023-03-12 06:00:00,1975.3
2023-03-12 07:00:00,1999.9
2023-03-12 08:00:00,2080.5
2023-03-12 09:00:00,2119.9
2023-03-12 10:00:00,2115.6
2023-03-12 11:00:00,2107.6
2023-03-12 12:00:00,2146.1
2023-03-12 13:00:00,2126.6
2023-03-12 14:00:00,2112.0
2023-03-12 15:00:00,2080.5
2023-03-12 16:00:00,2092.9
2023-03-12 17:00:00,2036.7
2023-03-12 18:00:00,2021.6
2023-03-12 19:00:00,1991.9
2023-03-12 20:00:00,1929.3
2023-03-12 21:00:00,1869.1
2023-03-12 22:00:00,1891.4
2023-03-12 23:00:00,1858.8
2023-03-13 00:00:00,1917.3
2023-03-13 01:00:00,1853.0
2023-03-13 02:00:00,1878.8
2023-03-13 03:00:00,1889.6
2023-03-13 04:00:00,1908.1
2023-03-13 05:00:00,1938.4
2023-03-13 06:00:00,1992.7
2023-03-13 07:00:00,2037.0
2023-03-13 08:00:00,2090.9
2023-03-13 09:00:00,2095.1
2023-03-13 10:00:00,2094.3
2023-03-13 11:00:00,2111.7
2023-03-13 12:00:00,2085.2
2023-03-13 13:00:00,2167.8
2023-03-13 14:00:00,2084.9
2023-03-13 15:00:00,2104.3
2023-03-13 16:00:00,2050.5
2023-03-13 17:00:00,2013.0
2023-03-13 18:00:00,1959.3
2023-03-13 19:00:00,1898.1
2023-03-13 20:00:00,1854.1
2023-03-13 21:00:00,1901.6
2023-03-13 22:00:00,1826.8
2023-03-13 23:00:00,1839.7
2023-03-14 00:00:00,1839.8
2023-03-14 01:00:00,1788.4
2023-03-14 02:00:00,1825.7
2023-03-14 03:00:00,1835.5
2023-03-14 04:00:00,1827.8
2023-03-14 05:00:00,1890.3
2023-03-14 06:00:00,1949.5
2023-03-14 07:00:00,1952.9
2023-03-14 08:00:00,1991.5
2023-03-14 09:00:00,2024.2
2023-03-14 10:00:00,2113.7
2023-03-14 11:00:00,2007.4
2023-03-14 12:00:00,2079.7
2023-03-14 13:00:00,2049.1
2023-03-14 14:00:00,2019.6
2023-03-14 15:00:00,2003.7
2023-03-14 16:00:00,1998.2
2023-03-14 17:00:00,1960.8
2023-03-14 18:00:00,1903.0
2023-03-14 19:00:00,1888.6
2023-03-14 20:00:00,1854.9
2023-03-14 21:00:00,1807.5
2023-03-14 22:00:00,1740.1
2023-03-14 23:00:00,1753.7
2023-03-15 00:00:00,1746.1
2023-03-15 01:00:00,1709.2
2023-03-15 02:00:00,1699.0
2023-03-15 03:00:00,1706.8
2023-03-15 04:00:00,1798.2
2023-03-15 05:00:00,1838.9
2023-03-15 06:00:00,1831.0
2023-03-15 07:00:00,1934.5
2023-03-15 08:00:00,1941.7
2023-03-15 09:00:00,2006.6
2023-03-15 10:00:00,1999.1
2023-03-15 11:00:00,1969.1
2023-03-15 12:00:00,2018.1
2023-03-15 13:00:00,2017.7
2023-03-15 14:00:00,1964.5
2023-03-15 15:00:00,1912.3
2023-03-15 16:00:00,1926.0
2023-03-15 17:00:00,1855.5
2023-03-15 18:00:00,1879.0
2023-03-15 19:00:00,1793.2
2023-03-15 20:00:00,1819.9
2023-03-15 21:00:00,1672.5
2023-03-15 22:00:00,1715.6
2023-03-15 23:00:00,1738.7
2023-03-16 00:00:00,1663.3
2023-03-16 01:00:00,1689.9
2023-03-16 02:00:00,1697.1
2023-03-16 03:00:00,1712.2
2023-03-16 04:00:00,1771.0
2023-03-16 05:00:00,1760.9
2023-03-16 06:00:00,1835.3
2023-03-16 07:00:00,1893.0
2023-03-16 08:00:00,1907.6
2023-03-16 09:00:00,1915.4
2023-03-16 10:00:00,2000.7
2023-03-16 11:00:00,2007.2
2023-03-16 12:00:00,1959.9
2023-03-16 13:00:00,1948.0
2023-03-16 14:00:00,1944.2
2023-03-16 15:00:00,1966.3
2023-03-16 16:00:00,1928.3
2023-03-16 17:00:00,1908.8
2023-03-16 18:00:00,1837.8
2023-03-16 19:00:00,1782.5
2023-03-16 20:00:00,1803.2
2023-03-16 21:00:00,1729.5
2023-03-16 22:00:00,1729.6
2023-03-16 23:00:00,1664.4
2023-03-17 00:00:00,1690.6
2023-03-17 01:00:00,1745.1
2023-03-17 02:00:00,1710.4
2023-03-17 03:00:00,1782.3
2023-03-17 04:00:00,1721.2
2023-03-17 05:00:00,1812.9
2023-03-17 06:00:00,1865.7
2023-03-17 07:00:00,1964.4
2023-03-17 08:00:00,1915.8
2023-03-17 09:00:00,2004.7
2023-03-17 10:00:00,2042.7
2023-03-17 11:00:00,2007.1
2023-03-17 12:00:00,2025.4
2023-03-17 13:00:00,2038.5
2023-03-17 14:00:00,1977.7
2023-03-17 15:00:00,1987.5
2023-03-17 16:00:00,2011.3
2023-03-17 17:00:00,1955.5
2023-03-17 18:00:00,1899.3
2023-03-17 19:00:00,1871.6
2023-03-17 20:00:00,1852.5
2023-03-17 21:00:00,1830.2
2023-03-17 22:00:00,1769.6
2023-03-17 23:00:00,1820.4
2023-03-18 00:00:00,1811.8
2023-03-18 01:00:00,1800.9
2023-03-18 02:00:00,1773.3
2023-03-18 03:00:00,1794.9
2023-03-18 04:00:00,1849.8
2023-03-18 05:00:00,1900.7
2023-03-18 06:00:00,1887.6
2023-03-18 07:00:00,1997.3
2023-03-18 08:00:00,2060.2
2023-03-18 09:00:00,2072.9
2023-03-18 10:00:00,2062.1
2023-03-18 11:00:00,2076.3
2023-03-18 12:00:00,2117.1
2023-03-18 13:00:00,2101.1
2023-03-18 14:00:00,2106.8
2023-03-18 15:00:00,2090.3
2023-03-18 16:00:00,2076.6
2023-03-18 17:00:00,1976.2
2023-03-18 18:00:00,1980.4
2023-03-18 19:00:00,1926.4
2023-03-18 20:00:00,1900.5
2023-03-18 21:00:00,1900.6
2023-03-18 22:00:00,1882.2
2023-03-18 23:00:00,1882.0
2023-03-19 00:00:00,1849.7
2023-03-19 01:00:00,1840.7
2023-03-19 02:00:00,1853.2
2023-03-19 03:00:00,1834.3
2023-03-19 04:00:00,1959.2
2023-03-19 05:00:00,1947.1
2023-03-19 06:00:00,2012.2
2023-03-19 07:00:00,2057.5
2023-03-19 08:00:00,2037.2
2023-03-19 09:00:00,2079.0
2023-03-19 10:00:00,2178.0
2023-03-19 11:00:00,2156.2
2023-03-19 12:00:00,2136.0
2023-03-19 13:00:00,2145.2
2023-03-19 14:00:00,2167.2
2023-03-19 15:00:00,2139.3
2023-03-19 16:00:00,2036.6
2023-03-19 17:00:00,2093.6
2023-03-19 18:00:00,2034.9
2023-03-19 19:00:00,1962.6
2023-03-19 20:00:00,1895.1
2023-03-19 21:00:00,1931.2
2023-03-19 22:00:00,1889.8
2023-03-19 23:00:00,1816.3
2023-03-20 00:00:00,1847.5
2023-03-20 01:00:00,1952.7
2023-03-20 02:00:00,1873.6
2023-03-20 03:00:00,1873.9
2023-03-20 04:00:00,1896.0
2023-03-20 05:00:00,2014.5
2023-03-20 06:00:00,2024.4
2023-03-20 07:00:00,2078.8
2023-03-20 08:00:00,2078.8
2023-03-20 09:00:00,2138.6
2023-03-20 10:00:00,2097.8
2023-03-20 11:00:00,2141.5
2023-03-20 12:00:00,2148.6
2023-03-20 13:00:00,2174.5
2023-03-20 14:00:00,2125.7
2023-03-20 15:00:00,2071.5
2023-03-20 16:00:00,2059.1
2023-03-20 17:00:00,1968.5
2023-03-20 18:00:00,1908.1
2023-03-20 19:00:00,1961.6
2023-03-20 20:00:00,1886.9
2023-03-20 21:00:00,1856.8
2023-03-20 22:00:00,1863.2
2023-03-20 23:00:00,1862.7
2023-03-21 00:00:00,1829.1
2023-03-21 01:00:00,1873.4
2023-03-21 02:00:00,1842.9
2023-03-21 03:00:00,1858.0
2023-03-21 04:00:00,1884.5
2023-03-21 05:00:00,1872.1
2023-03-21 06:00:00,1975.3
2023-03-21 07:00:00,1909.3
2023-03-21 08:00:00,1998.3
2023-03-21 09:00:00,2044.8
2023-03-21 10:00:00,2041.4
2023-03-21 11:00:00,2063.6
2023-03-21 12:00:00,2134.5
2023-03-21 13:00:00,2104.4
2023-03-21 14:00:00,2032.8
2023-03-21 15:00:00,2012.6
2023-03-21 16:00:00,1954.4
2023-03-21 17:00:00,1974.8
2023-03-21 18:00:00,1904.5
2023-03-21 19:00:00,1811.3
2023-03-21 20:00:00,1834.4
2023-03-21 21:00:00,1810.7
2023-03-21 22:00:00,1799.9
2023-03-21 23:00:00,1751.1
2023-03-22 00:00:00,1734.4
2023-03-22 01:00:00,1807.7
2023-03-22 02:00:00,1760.7
2023-03-22 03:00:00,1803.5
2023-03-22 04:00:00,1794.3
2023-03-22 05:00:00,1865.0
2023-03-22 06:00:00,1837.2
2023-03-22 07:00:00,1903.6
2023-03-22 08:00:00,1915.2
2023-03-22 09:00:00,1962.3
2023-03-22 10:00:00,2039.8
2023-03-22 11:00:00,1997.0
2023-03-22 12:00:00,2040.2
2023-03-22 13:00:00,2057.3
2023-03-22 14:00:00,1994.3
2023-03-22 15:00:00,1999.6
2023-03-22 16:00:00,1953.1
2023-03-22 17:00:00,1903.2
2023-03-22 18:00:00,1882.1
2023-03-22 19:00:00,1874.8
2023-03-22 20:00:00,1763.2
2023-03-22 21:00:00,1721.5
2023-03-22 22:00:00,1695.1
2023-03-22 23:00:00,1739.7
2023-03-23 00:00:00,1738.0
2023-03-23 01:00:00,1692.6
2023-03-23 02:00:00,1659.2
2023-03-23 03:00:00,1726.5
2023-03-23 04:00:00,1794.1
2023-03-23 05:00:00,1811.7
2023-03-23 06:00:00,1858.0
2023-03-23 07:00:00,1875.8
2023-03-23 08:00:00,1958.3
2023-03-23 09:00:00,1969.6
2023-03-23 10:00:00,2001.2
2023-03-23 11:00:00,2004.0
2023-03-23 12:00:00,2020.7
2023-03-23 13:00:00,2014.4
2023-03-23 14:00:00,1958.8
2023-03-23 15:00:00,1975.0
2023-03-23 16:00:00,1957.6
2023-03-23 17:00:00,1933.5
2023-03-23 18:00:00,1873.8
2023-03-23 19:00:00,1795.0
2023-03-23 20:00:00,1765.0
2023-03-23 21:00:00,1746.8
2023-03-23 22:00:00,1743.4
2023-03-23 23:00:00,1720.9
2023-03-24 00:00:00,1687.6
2023-03-24 01:00:00,1694.5
2023-03-24 02:00:00,1682.5
2023-03-24 03:00:00,1677.9
2023-03-24 04:00:00,1800.8
2023-03-24 05:00:00,1912.8
2023-03-24 06:00:00,1938.3
2023-03-24 07:00:00,1896.3
2023-03-24 08:00:00,1968.9
2023-03-24 09:00:00,1954.1
2023-03-24 10:00:00,1985.1
2023-03-24 11:00:00,2006.2
2023-03-24 12:00:00,2043.3
2023-03-24 13:00:00,2042.2
2023-03-24 14:00:00,2043.1
2023-03-24 15:00:00,2034.5
2023-03-24 16:00:00,1976.3
2023-03-24 17:00:00,1954.3
2023-03-24 18:00:00,1884.5
2023-03-24 19:00:00,1841.2
2023-03-24 20:00:00,1803.4
2023-03-24 21:00:00,1839.8
2023-03-24 22:00:00,1789.4
2023-03-24 23:00:00,1731.5
2023-03-25 00:00:00,1783.7
2023-03-25 01:00:00,1756.3
2023-03-25 02:00:00,1861.6
2023-03-25 03:00:00,1821.3
2023-03-25 04:00:00,1893.2
2023-03-25 05:00:00,1944.7
2023-03-25 06:00:00,1925.2
2023-03-25 07:00:00,1997.9
2023-03-25 08:00:00,2051.3
2023-03-25 09:00:00,2072.2
2023-03-25 10:00:00,2106.2
2023-03-25 11:00:00,2073.3
2023-03-25 12:00:00,2137.8
2023-03-25 13:00:00,2104.2
2023-03-25 14:00:00,2116.9
2023-03-25 15:00:00,2112.9
2023-03-25 16:00:00,2076.8
2023-03-25 17:00:00,2033.6
2023-03-25 18:00:00,2006.0
2023-03-25 19:00:00,1970.9
2023-03-25 20:00:00,1961.3
2023-03-25 21:00:00,1886.5
2023-03-25 22:00:00,1870.8
2023-03-25 23:00:00,1880.9
2023-03-26 00:00:00,1835.1
2023-03-26 01:00:00,1816.7
2023-03-26 02:00:00,1888.4
2023-03-26 03:00:00,1892.9
2023-03-26 04:00:00,1895.6
2023-03-26 05:00:00,1984.5
2023-03-26 06:00:00,2052.7
2023-03-26 07:00:00,2001.0
2023-03-26 08:00:00,2117.9
2023-03-26 09:00:00,2043.3
2023-03-26 10:00:00,2132.3
2023-03-26 11:00:00,2200.0
2023-03-26 12:00:00,2156.2
2023-03-26 13:00:00,2164.3
2023-03-26 14:00:00,2170.1
2023-03-26 15:00:00,2072.3
2023-03-26 16:00:00,2095.3
2023-03-26 17:00:00,2059.1
2023-03-26 18:00:00,2074.3
2023-03-26 19:00:00,1942.6
2023-03-26 20:00:00,1931.9
2023-03-26 21:00:00,1884.2
2023-03-26 22:00:00,1856.9
2023-03-26 23:00:00,1906.3
2023-03-27 00:00:00,1867.6
2023-03-27 01:00:00,1854.6
2023-03-27 02:00:00,1870.0
2023-03-27 03:00:00,1891.6
2023-03-27 04:00:00,1924.4
2023-03-27 05:00:00,1935.7
2023-03-27 06:00:00,2003.5
2023-03-27 07:00:00,2038.1
2023-03-27 08:00:00,2060.9
2023-03-27 09:00:00,2117.9
2023-03-27 10:00:00,2142.7
2023-03-27 11:00:00,2132.1
2023-03-27 12:00:00,2147.8
2023-03-27 13:00:00,2200.0
2023-03-27 14:00:00,2191.9
2023-03-27 15:00:00,2070.8
2023-03-27 16:00:00,2041.9
2023-03-27 17:00:00,1999.2
2023-03-27 18:00:00,2021.6
2023-03-27 19:00:00,1936.8
2023-03-27 20:00:00,1917.4
2023-03-27 21:00:00,1936.6
2023-03-27 22:00:00,1850.0
2023-03-27 23:00:00,1854.0
2023-03-28 00:00:00,1840.7
2023-03-28 01:00:00,1809.9
2023-03-28 02:00:00,1871.6
2023-03-28 03:00:00,1835.4
2023-03-28 04:00:00,1929.4
2023-03-28 05:00:00,1905.0
2023-03-28 06:00:00,1944.2
2023-03-28 07:00:00,1961.9
2023-03-28 08:00:00,2000.1
2023-03-28 09:00:00,2043.2
2023-03-28 10:00:00,2003.9
2023-03-28 11:00:00,2082.0
2023-03-28 12:00:00,2075.9
2023-03-28 13:00:00,2106.8
2023-03-28 14:00:00,2077.9
2023-03-28 15:00:00,2017.2
2023-03-28 16:00:00,1990.7
2023-03-28 17:00:00,1958.4
2023-03-28 18:00:00,1968.3
2023-03-28 19:00:00,1857.4
2023-03-28 20:00:00,1821.4
2023-03-28 21:00:00,1775.3
2023-03-28 22:00:00,1738.2
2023-03-28 23:00:00,1774.1
2023-03-29 00:00:00,1763.2
2023-03-29 01:00:00,1798.1
2023-03-29 02:00:00,1803.3
2023-03-29 03:00:00,1865.3
2023-03-29 04:00:00,1819.8
2023-03-29 05:00:00,1848.0
2023-03-29 06:00:00,1853.3
2023-03-29 07:00:00,1949.8
2023-03-29 08:00:00,1966.5
2023-03-29 09:00:00,2011.4
2023-03-29 10:00:00,1979.6
2023-03-29 11:00:00,2037.3
2023-03-29 12:00:00,2036.2
2023-03-29 13:00:00,2027.3
2023-03-29 14:00:00,1986.0
2023-03-29 15:00:00,2016.8
2023-03-29 16:00:00,2010.0
2023-03-29 17:00:00,1877.7
2023-03-29 18:00:00,1892.5
2023-03-29 19:00:00,1744.5
2023-03-29 20:00:00,1813.6
2023-03-29 21:00:00,1705.4
2023-03-29 22:00:00,1721.1
2023-03-29 23:00:00,1681.7
2023-03-30 00:00:00,1708.8
2023-03-30 01:00:00,1745.0
2023-03-30 02:00:00,1678.7
2023-03-30 03:00:00,1747.1
2023-03-30 04:00:00,1773.3
2023-03-30 05:00:00,1872.2
2023-03-30 06:00:00,1876.6
2023-03-30 07:00:00,1867.3
2023-03-30 08:00:00,1924.8
2023-03-30 09:00:00,2017.1
2023-03-30 10:00:00,2016.1
2023-03-30 11:00:00,1982.7
2023-03-30 12:00:00,2008.0
2023-03-30 13:00:00,2004.6
2023-03-30 14:00:00,1981.4
2023-03-30 15:00:00,1923.4
2023-03-30 16:00:00,1924.4
2023-03-30 17:00:00,1951.4
2023-03-30 18:00:00,1860.8
2023-03-30 19:00:00,1831.7
2023-03-30 20:00:00,1804.4
2023-03-30 21:00:00,1837.2
2023-03-30 22:00:00,1748.8
2023-03-30 23:00:00,1768.2
2023-03-31 00:00:00,1714.2
2023-03-31 01:00:00,1731.4
2023-03-31 02:00:00,1756.6
2023-03-31 03:00:00,1759.0
2023-03-31 04:00:00,1809.3
2023-03-31 05:00:00,1880.6
2023-03-31 06:00:00,1871.1
2023-03-31 07:00:00,1936.4
2023-03-31 08:00:00,1996.3
2023-03-31 09:00:00,1983.9
2023-03-31 10:00:00,2068.0
2023-03-31 11:00:00,2054.9
2023-03-31 12:00:00,2055.6
2023-03-31 13:00:00,1998.0
2023-03-31 14:00:00,2034.9
2023-03-31 15:00:00,2036.3
2023-03-31 16:00:00,2049.3
2023-03-31 17:00:00,1980.7
2023-03-31 18:00:00,1961.6
2023-03-31 19:00:00,1855.7
2023-03-31 20:00:00,1855.0
2023-03-31 21:00:00,1867.4
2023-03-31 22:00:00,1783.3
2023-03-31 23:00:00,1827.0
2023-04-01 00:00:00,1818.0
2023-04-01 01:00:00,1812.4
2023-04-01 02:00:00,1812.3
2023-04-01 03:00:00,1819.4
2023-04-01 04:00:00,1936.3
2023-04-01 05:00:00,1941.2
2023-04-01 06:00:00,1974.3
2023-04-01 07:00:00,1993.5
2023-04-01 08:00:00,2046.1
2023-04-01 09:00:00,2083.9
2023-04-01 10:00:00,2117.6
2023-04-01 11:00:00,2145.4
2023-04-01 12:00:00,2107.8
2023-04-01 13:00:00,2084.9
2023-04-01 14:00:00,2119.1
2023-04-01 15:00:00,2043.0
2023-04-01 16:00:00,2057.1
2023-04-01 17:00:00,2017.9
2023-04-01 18:00:00,2011.5
2023-04-01 19:00:00,2019.8
2023-04-01 20:00:00,1868.1
2023-04-01 21:00:00,1965.8
2023-04-01 22:00:00,1868.8
2023-04-01 23:00:00,1873.3
2023-04-02 00:00:00,1817.3
2023-04-02 01:00:00,1896.6
2023-04-02 02:00:00,1884.7
2023-04-02 03:00:00,1907.2
2023-04-02 04:00:00,1883.6
2023-04-02 05:00:00,1981.6
2023-04-02 06:00:00,2045.0
2023-04-02 07:00:00,2052.6
2023-04-02 08:00:00,2132.3
2023-04-02 09:00:00,2163.2
2023-04-02 10:00:00,2134.8
2023-04-02 11:00:00,2200.0
2023-04-02 12:00:00,2177.2
2023-04-02 13:00:00,2172.8
2023-04-02 14:00:00,2159.9
2023-04-02 15:00:00,2135.6
2023-04-02 16:00:00,2023.9
2023-04-02 17:00:00,2061.2
2023-04-02 18:00:00,1987.2
2023-04-02 19:00:00,2038.1
2023-04-02 20:00:00,2000.5
2023-04-02 21:00:00,1947.2
2023-04-02 22:00:00,1890.3
2023-04-02 23:00:00,1851.8
2023-04-03 00:00:00,1856.7
2023-04-03 01:00:00,1939.1
2023-04-03 02:00:00,1874.3
2023-04-03 03:00:00,1847.3
2023-04-03 04:00:00,1978.9
2023-04-03 05:00:00,2028.1
2023-04-03 06:00:00,2070.5
2023-04-03 07:00:00,2089.4
2023-04-03 08:00:00,2129.1
2023-04-03 09:00:00,2124.2
2023-04-03 10:00:00,2082.6
2023-04-03 11:00:00,2159.0
2023-04-03 12:00:00,2180.1
2023-04-03 13:00:00,2150.5
2023-04-03 14:00:00,2132.2
2023-04-03 15:00:00,2082.8
2023-04-03 16:00:00,2048.5
2023-04-03 17:00:00,2095.3
2023-04-03 18:00:00,2055.3
2023-04-03 19:00:00,1957.9
2023-04-03 20:00:00,1927.8
2023-04-03 21:00:00,1856.4
2023-04-03 22:00:00,1878.8
2023-04-03 23:00:00,1894.7
2023-04-04 00:00:00,1788.3
2023-04-04 01:00:00,1850.6
2023-04-04 02:00:00,1865.1
2023-04-04 03:00:00,1885.8
2023-04-04 04:00:00,1947.6
2023-04-04 05:00:00,1992.7
2023-04-04 06:00:00,1960.6
2023-04-04 07:00:00,2023.7
2023-04-04 08:00:00,2039.3
2023-04-04 09:00:00,2046.0
2023-04-04 10:00:00,2094.0
2023-04-04 11:00:00,2118.0
2023-04-04 12:00:00,2106.6
2023-04-04 13:00:00,2065.6
2023-04-04 14:00:00,2060.2
2023-04-04 15:00:00,2033.6
2023-04-04 16:00:00,1988.0
2023-04-04 17:00:00,1983.6
2023-04-04 18:00:00,1945.1
2023-04-04 19:00:00,1920.2
2023-04-04 20:00:00,1826.1
2023-04-04 21:00:00,1800.6
2023-04-04 22:00:00,1838.0
2023-04-04 23:00:00,1768.7
2023-04-05 00:00:00,1766.8
2023-04-05 01:00:00,1763.1
2023-04-05 02:00:00,1814.7
2023-04-05 03:00:00,1837.2
2023-04-05 04:00:00,1864.1
2023-04-05 05:00:00,1865.3
2023-04-05 06:00:00,1874.8
2023-04-05 07:00:00,1995.3
2023-04-05 08:00:00,1997.2
2023-04-05 09:00:00,1986.8
2023-04-05 10:00:00,2065.0
2023-04-05 11:00:00,2019.2
2023-04-05 12:00:00,2080.9
2023-04-05 13:00:00,2076.0
2023-04-05 14:00:00,1987.3
2023-04-05 15:00:00,2007.0
2023-04-05 16:00:00,1980.4
2023-04-05 17:00:00,1997.8
2023-04-05 18:00:00,1857.0
2023-04-05 19:00:00,1882.2
2023-04-05 20:00:00,1802.5
2023-04-05 21:00:00,1732.6
2023-04-05 22:00:00,1741.6
2023-04-05 23:00:00,1729.5
2023-04-06 00:00:00,1691.8
2023-04-06 01:00:00,1737.5
2023-04-06 02:00:00,1771.4
2023-04-06 03:00:00,1773.3
2023-04-06 04:00:00,1780.7
2023-04-06 05:00:00,1828.6
2023-04-06 06:00:00,1871.7
2023-04-06 07:00:00,1917.3
2023-04-06 08:00:00,1980.4
2023-04-06 09:00:00,1986.7
2023-04-06 10:00:00,1960.7
2023-04-06 11:00:00,2001.4
2023-04-06 12:00:00,2029.1
2023-04-06 13:00:00,2053.4
2023-04-06 14:00:00,2044.5
2023-04-06 15:00:00,2036.0
2023-04-06 16:00:00,1956.7
2023-04-06 17:00:00,1940.7
2023-04-06 18:00:00,1836.6
2023-04-06 19:00:00,1855.7
2023-04-06 20:00:00,1775.8
2023-04-06 21:00:00,1776.7
2023-04-06 22:00:00,1847.3
2023-04-06 23:00:00,1752.3
2023-04-07 00:00:00,1714.1
2023-04-07 01:00:00,1759.3
2023-04-07 02:00:00,1748.5
2023-04-07 03:00:00,1761.2
2023-04-07 04:00:00,1886.4
2023-04-07 05:00:00,1893.7
2023-04-07 06:00:00,1913.2
2023-04-07 07:00:00,1932.4
2023-04-07 08:00:00,1973.4
2023-04-07 09:00:00,2062.7
2023-04-07 10:00:00,2052.0
2023-04-07 11:00:00,1968.0
2023-04-07 12:00:00,2140.9
2023-04-07 13:00:00,2071.4
2023-04-07 14:00:00,2064.0
2023-04-07 15:00:00,2065.3
2023-04-07 16:00:00,2018.5
2023-04-07 17:00:00,1993.7
2023-04-07 18:00:00,1922.7
2023-04-07 19:00:00,1862.7
2023-04-07 20:00:00,1874.8
2023-04-07 21:00:00,1881.2
2023-04-07 22:00:00,1798.0
2023-04-07 23:00:00,1783.7
2023-04-08 00:00:00,1840.1
2023-04-08 01:00:00,1797.8
2023-04-08 02:00:00,1817.3
2023-04-08 03:00:00,1845.2
2023-04-08 04:00:00,1888.5
2023-04-08 05:00:00,1882.4
2023-04-08 06:00:00,1955.3
2023-04-08 07:00:00,2020.1
2023-04-08 08:00:00,2059.0
2023-04-08 09:00:00,2121.0
2023-04-08 10:00:00,2168.1
2023-04-08 11:00:00,2176.1
2023-04-08 12:00:00,2166.0
2023-04-08 13:00:00,2131.7
2023-04-08 14:00:00,2105.1
2023-04-08 15:00:00,2103.1
2023-04-08 16:00:00,2091.6
2023-04-08 17:00:00,2065.0
2023-04-08 18:00:00,2022.6
2023-04-08 19:00:00,1963.8
2023-04-08 20:00:00,1957.1
2023-04-08 21:00:00,1942.5
2023-04-08 22:00:00,1909.3
2023-04-08 23:00:00,1869.0
2023-04-09 00:00:00,1841.8
2023-04-09 01:00:00,1848.0
2023-04-09 02:00:00,1870.1
2023-04-09 03:00:00,1923.7
2023-04-09 04:00:00,1964.3
2023-04-09 05:00:00,1943.9
2023-04-09 06:00:00,2011.4
2023-04-09 07:00:00,2073.9
2023-04-09 08:00:00,2077.0
2023-04-09 09:00:00,2149.1
2023-04-09 10:00:00,2151.7
2023-04-09 11:00:00,2155.1
2023-04-09 12:00:00,2184.2
2023-04-09 13:00:00,2189.9
2023-04-09 14:00:00,2138.3
2023-04-09 15:00:00,2133.0
2023-04-09 16:00:00,2123.6
2023-04-09 17:00:00,2050.7
2023-04-09 18:00:00,1985.1
2023-04-09 19:00:00,1949.9
2023-04-09 20:00:00,1947.1
2023-04-09 21:00:00,1888.8
2023-04-09 22:00:00,1893.7
2023-04-09 23:00:00,1938.7
2023-04-10 00:00:00,1841.7
2023-04-10 01:00:00,1879.0
2023-04-10 02:00:00,1965.6
2023-04-10 03:00:00,1936.8
2023-04-10 04:00:00,1943.6
2023-04-10 05:00:00,1985.0
2023-04-10 06:00:00,2040.2
2023-04-10 07:00:00,2115.7
2023-04-10 08:00:00,2083.6
2023-04-10 09:00:00,2106.4
2023-04-10 10:00:00,2110.0
2023-04-10 11:00:00,2167.7
2023-04-10 12:00:00,2125.8
2023-04-10 13:00:00,2147.0
2023-04-10 14:00:00,2116.7
2023-04-10 15:00:00,2150.3
2023-04-10 16:00:00,2069.7
2023-04-10 17:00:00,2058.4
2023-04-10 18:00:00,1957.3
2023-04-10 19:00:00,1968.2
2023-04-10 20:00:00,1889.6
2023-04-10 21:00:00,1879.4
2023-04-10 22:00:00,1932.1
2023-04-10 23:00:00,1876.2
2023-04-11 00:00:00,1836.6
2023-04-11 01:00:00,1938.8
2023-04-11 02:00:00,1827.7
2023-04-11 03:00:00,1911.1
2023-04-11 04:00:00,1858.4
2023-04-11 05:00:00,1930.4
2023-04-11 06:00:00,1933.3
2023-04-11 07:00:00,2017.3
2023-04-11 08:00:00,2044.6
2023-04-11 09:00:00,2061.8
2023-04-11 10:00:00,2124.7
2023-04-11 11:00:00,2086.9
2023-04-11 12:00:00,2115.9
2023-04-11 13:00:00,2122.6
2023-04-11 14:00:00,2035.6
2023-04-11 15:00:00,2030.8
2023-04-11 16:00:00,2020.9
2023-04-11 17:00:00,1999.1
2023-04-11 18:00:00,1981.1
2023-04-11 19:00:00,1890.3
2023-04-11 20:00:00,1848.2
2023-04-11 21:00:00,1797.6
2023-04-11 22:00:00,1807.1
2023-04-11 23:00:00,1770.6
2023-04-12 00:00:00,1763.5
2023-04-12 01:00:00,1771.3
2023-04-12 02:00:00,1803.1
2023-04-12 03:00:00,1790.9
2023-04-12 04:00:00,1813.3
2023-04-12 05:00:00,1883.1
2023-04-12 06:00:00,1815.9
2023-04-12 07:00:00,1925.1
2023-04-12 08:00:00,1942.6
2023-04-12 09:00:00,2042.2
2023-04-12 10:00:00,2014.7
2023-04-12 11:00:00,2024.1
2023-04-12 12:00:00,2042.7
2023-04-12 13:00:00,2019.4
2023-04-12 14:00:00,2008.5
2023-04-12 15:00:00,1998.0
2023-04-12 16:00:00,1949.8
2023-04-12 17:00:00,1912.0
2023-04-12 18:00:00,1854.5
2023-04-12 19:00:00,1810.1
2023-04-12 20:00:00,1809.2
2023-04-12 21:00:00,1784.5
2023-04-12 22:00:00,1707.7
2023-04-12 23:00:00,1757.6
2023-04-13 00:00:00,1751.9
2023-04-13 01:00:00,1762.8
2023-04-13 02:00:00,1757.0
2023-04-13 03:00:00,1790.6
2023-04-13 04:00:00,1867.9
2023-04-13 05:00:00,1829.3
2023-04-13 06:00:00,1845.8
2023-04-13 07:00:00,1870.0
2023-04-13 08:00:00,2005.1
2023-04-13 09:00:00,2036.8
2023-04-13 10:00:00,1980.3
2023-04-13 11:00:00,2001.7
2023-04-13 12:00:00,2019.5
2023-04-13 13:00:00,2061.6
2023-04-13 14:00:00,1972.1
2023-04-13 15:00:00,1928.9
2023-04-13 16:00:00,2022.9
2023-04-13 17:00:00,1932.2
2023-04-13 18:00:00,1898.9
2023-04-13 19:00:00,1841.7
2023-04-13 20:00:00,1827.1
2023-04-13 21:00:00,1738.2
2023-04-13 22:00:00,1736.2
2023-04-13 23:00:00,1751.4
2023-04-14 00:00:00,1676.8
2023-04-14 01:00:00,1742.9
2023-04-14 02:00:00,1758.1
2023-04-14 03:00:00,1785.9
2023-04-14 04:00:00,1811.7
2023-04-14 05:00:00,1836.7
2023-04-14 06:00:00,1853.1
2023-04-14 07:00:00,1953.3
2023-04-14 08:00:00,1978.6
2023-04-14 09:00:00,1980.0
2023-04-14 10:00:00,2049.5
2023-04-14 11:00:00,2056.4
2023-04-14 12:00:00,2059.2
2023-04-14 13:00:00,2006.0
2023-04-14 14:00:00,2079.0
2023-04-14 15:00:00,2000.5
2023-04-14 16:00:00,2011.2
2023-04-14 17:00:00,1951.7
2023-04-14 18:00:00,1928.4
2023-04-14 19:00:00,1938.8
2023-04-14 20:00:00,1887.0
2023-04-14 21:00:00,1876.8
2023-04-14 22:00:00,1832.0
2023-04-14 23:00:00,1822.0
2023-04-15 00:00:00,1754.6
2023-04-15 01:00:00,1806.6
2023-04-15 02:00:00,1827.4
2023-04-15 03:00:00,1897.7
2023-04-15 04:00:00,1879.8
2023-04-15 05:00:00,1942.1
2023-04-15 06:00:00,1982.7
2023-04-15 07:00:00,2052.4
2023-04-15 08:00:00,2052.7
2023-04-15 09:00:00,2115.5
2023-04-15 10:00:00,2066.2
2023-04-15 11:00:00,2086.7
2023-04-15 12:00:00,2074.4
2023-04-15 13:00:00,2164.1
2023-04-15 14:00:00,2148.4
2023-04-15 15:00:00,2133.8
2023-04-15 16:00:00,2058.0
2023-04-15 17:00:00,2027.7
2023-04-15 18:00:00,2004.6
2023-04-15 19:00:00,2015.0
2023-04-15 20:00:00,1988.6
2023-04-15 21:00:00,1932.7
2023-04-15 22:00:00,1897.1
2023-04-15 23:00:00,1914.2
2023-04-16 00:00:00,1863.3
2023-04-16 01:00:00,1866.2
2023-04-16 02:00:00,1890.8
2023-04-16 03:00:00,1890.8
2023-04-16 04:00:00,1947.5
2023-04-16 05:00:00,1956.9
2023-04-16 06:00:00,2061.3
2023-04-16 07:00:00,2087.0
2023-04-16 08:00:00,2150.9
2023-04-16 09:00:00,2091.3
2023-04-16 10:00:00,2200.0
2023-04-16 11:00:00,2133.6
2023-04-16 12:00:00,2150.7
2023-04-16 13:00:00,2163.5
2023-04-16 14:00:00,2200.0
2023-04-16 15:00:00,2151.0
2023-04-16 16:00:00,2106.1
2023-04-16 17:00:00,2053.7
2023-04-16 18:00:00,1997.4
2023-04-16 19:00:00,2033.8
2023-04-16 20:00:00,1987.5
2023-04-16 21:00:00,1972.7
2023-04-16 22:00:00,1919.9
2023-04-16 23:00:00,1813.2
2023-04-17 00:00:00,1849.4
2023-04-17 01:00:00,1905.1
2023-04-17 02:00:00,1894.3
2023-04-17 03:00:00,1911.5
2023-04-17 04:00:00,1925.2
2023-04-17 05:00:00,2021.8
2023-04-17 06:00:00,2044.6
2023-04-17 07:00:00,2083.5
2023-04-17 08:00:00,2084.2
2023-04-17 09:00:00,2138.0
2023-04-17 10:00:00,2114.8
2023-04-17 11:00:00,2164.3
2023-04-17 12:00:00,2095.7
2023-04-17 13:00:00,2117.4
2023-04-17 14:00:00,2137.9
2023-04-17 15:00:00,2192.9
2023-04-17 16:00:00,2034.4
2023-04-17 17:00:00,2012.7
2023-04-17 18:00:00,2015.4
2023-04-17 19:00:00,2020.8
2023-04-17 20:00:00,1935.2
2023-04-17 21:00:00,1916.6
2023-04-17 22:00:00,1859.0
2023-04-17 23:00:00,1836.3
2023-04-18 00:00:00,1846.3
2023-04-18 01:00:00,1826.5
2023-04-18 02:00:00,1880.2
2023-04-18 03:00:00,1831.3
2023-04-18 04:00:00,1934.4
2023-04-18 05:00:00,1942.2
2023-04-18 06:00:00,1970.5
2023-04-18 07:00:00,1963.6
2023-04-18 08:00:00,2016.7
2023-04-18 09:00:00,2110.2
2023-04-18 10:00:00,2088.8
2023-04-18 11:00:00,2115.4
2023-04-18 12:00:00,2082.8
2023-04-18 13:00:00,2100.3
2023-04-18 14:00:00,2042.0
2023-04-18 15:00:00,2059.4
2023-04-18 16:00:00,2033.5
2023-04-18 17:00:00,1992.8
2023-04-18 18:00:00,1914.4
2023-04-18 19:00:00,1889.5
2023-04-18 20:00:00,1876.8
2023-04-18 21:00:00,1820.5
2023-04-18 22:00:00,1791.6
2023-04-18 23:00:00,1839.6
2023-04-19 00:00:00,1746.1
2023-04-19 01:00:00,1809.5
2023-04-19 02:00:00,1754.8
2023-04-19 03:00:00,1830.4
2023-04-19 04:00:00,1860.6
2023-04-19 05:00:00,1857.7
2023-04-19 06:00:00,1873.0
2023-04-19 07:00:00,1886.9
2023-04-19 08:00:00,1961.5
2023-04-19 09:00:00,2024.7
2023-04-19 10:00:00,1998.4
2023-04-19 11:00:00,2046.6
2023-04-19 12:00:00,2002.6
2023-04-19 13:00:00,2033.0
2023-04-19 14:00:00,1988.9
2023-04-19 15:00:00,1995.5
2023-04-19 16:00:00,1950.2
2023-04-19 17:00:00,1891.9
2023-04-19 18:00:00,1867.6
2023-04-19 19:00:00,1819.3
2023-04-19 20:00:00,1770.6
2023-04-19 21:00:00,1810.4
2023-04-19 22:00:00,1742.4
2023-04-19 23:00:00,1671.3
2023-04-20 00:00:00,1712.8
2023-04-20 01:00:00,1763.5
2023-04-20 02:00:00,1727.7
2023-04-20 03:00:00,1818.9
2023-04-20 04:00:00,1779.1
2023-04-20 05:00:00,1855.9
2023-04-20 06:00:00,1910.7
2023-04-20 07:00:00,1932.0
2023-04-20 08:00:00,1913.6
2023-04-20 09:00:00,1957.9
2023-04-20 10:00:00,2045.5
2023-04-20 11:00:00,2001.8
2023-04-20 12:00:00,2060.9
2023-04-20 13:00:00,2014.3
2023-04-20 14:00:00,2017.3
2023-04-20 15:00:00,1948.6
2023-04-20 16:00:00,1941.9
2023-04-20 17:00:00,1898.9
2023-04-20 18:00:00,1894.3
2023-04-20 19:00:00,1852.9
2023-04-20 20:00:00,1829.3
2023-04-20 21:00:00,1771.1
2023-04-20 22:00:00,1735.8
2023-04-20 23:00:00,1755.9
2023-04-21 00:00:00,1716.2
2023-04-21 01:00:00,1786.5
2023-04-21 02:00:00,1767.7
2023-04-21 03:00:00,1787.3
2023-04-21 04:00:00,1844.1
2023-04-21 05:00:00,1866.4
2023-04-21 06:00:00,1860.1
2023-04-21 07:00:00,1919.2
2023-04-21 08:00:00,2021.4
2023-04-21 09:00:00,2025.7
2023-04-21 10:00:00,1999.2
2023-04-21 11:00:00,2077.8
2023-04-21 12:00:00,2058.2
2023-04-21 13:00:00,2046.4
2023-04-21 14:00:00,2026.1
2023-04-21 15:00:00,2069.4
2023-04-21 16:00:00,1952.2
2023-04-21 17:00:00,1952.7
2023-04-21 18:00:00,1945.5
2023-04-21 19:00:00,1953.4
2023-04-21 20:00:00,1889.4
2023-04-21 21:00:00,1819.3
2023-04-21 22:00:00,1869.7
2023-04-21 23:00:00,1771.2
2023-04-22 00:00:00,1817.7
2023-04-22 01:00:00,1832.5
2023-04-22 02:00:00,1809.4
2023-04-22 03:00:00,1883.6
2023-04-22 04:00:00,1881.3
2023-04-22 05:00:00,1956.7
2023-04-22 06:00:00,1922.4
2023-04-22 07:00:00,2029.3
2023-04-22 08:00:00,2046.0
2023-04-22 09:00:00,2126.7
2023-04-22 10:00:00,2117.6
2023-04-22 11:00:00,2174.1
2023-04-22 12:00:00,2159.7
2023-04-22 13:00:00,2138.2
2023-04-22 14:00:00,2153.3
2023-04-22 15:00:00,2132.2
2023-04-22 16:00:00,2094.0
2023-04-22 17:00:00,1977.3
2023-04-22 18:00:00,1980.2
2023-04-22 19:00:00,2014.7
2023-04-22 20:00:00,1901.5
2023-04-22 21:00:00,1936.8
2023-04-22 22:00:00,1909.7
2023-04-22 23:00:00,1853.8
2023-04-23 00:00:00,1812.5
2023-04-23 01:00:00,1862.2
2023-04-23 02:00:00,1958.3
2023-04-23 03:00:00,1895.5
2023-04-23 04:00:00,1930.2
2023-04-23 05:00:00,1961.8
2023-04-23 06:00:00,2068.3
2023-04-23 07:00:00,2064.6
2023-04-23 08:00:00,2090.5
2023-04-23 09:00:00,2183.8
2023-04-23 10:00:00,2183.5
2023-04-23 11:00:00,2154.4
2023-04-23 12:00:00,2151.1
2023-04-23 13:00:00,2200.0
2023-04-23 14:00:00,2169.3
2023-04-23 15:00:00,2098.9
2023-04-23 16:00:00,2061.0
2023-04-23 17:00:00,2045.0
2023-04-23 18:00:00,2002.6
2023-04-23 19:00:00,1939.5
2023-04-23 20:00:00,1931.5
2023-04-23 21:00:00,1905.6
2023-04-23 22:00:00,1895.1
2023-04-23 23:00:00,1944.3
2023-04-24 00:00:00,1879.7
2023-04-24 01:00:00,1887.1
2023-04-24 02:00:00,1921.6
2023-04-24 03:00:00,1922.1
2023-04-24 04:00:00,1971.2
2023-04-24 05:00:00,2002.7
2023-04-24 06:00:00,2035.5
2023-04-24 07:00:00,2152.3
2023-04-24 08:00:00,2131.3
2023-04-24 09:00:00,2101.1
2023-04-24 10:00:00,2166.8
2023-04-24 11:00:00,2145.2
2023-04-24 12:00:00,2185.6
2023-04-24 13:00:00,2124.0
2023-04-24 14:00:00,2115.0
2023-04-24 15:00:00,2132.6
2023-04-24 16:00:00,2119.0
2023-04-24 17:00:00,2065.8
2023-04-24 18:00:00,2035.2
2023-04-24 19:00:00,1979.6
2023-04-24 20:00:00,1934.9
2023-04-24 21:00:00,1881.1
2023-04-24 22:00:00,1894.2
2023-04-24 23:00:00,1882.9
2023-04-25 00:00:00,1842.5
2023-04-25 01:00:00,1843.2
2023-04-25 02:00:00,1906.7
2023-04-25 03:00:00,1879.4
2023-04-25 04:00:00,1910.5
2023-04-25 05:00:00,1956.0
2023-04-25 06:00:00,1974.5
2023-04-25 07:00:00,1988.7
2023-04-25 08:00:00,2057.9
2023-04-25 09:00:00,2073.5
2023-04-25 10:00:00,2150.8
2023-04-25 11:00:00,2131.1
2023-04-25 12:00:00,2091.7
2023-04-25 13:00:00,2123.4
2023-04-25 14:00:00,2092.7
2023-04-25 15:00:00,2096.0
2023-04-25 16:00:00,2006.9
2023-04-25 17:00:00,1989.2
2023-04-25 18:00:00,1938.8
2023-04-25 19:00:00,1901.8
2023-04-25 20:00:00,1834.4
2023-04-25 21:00:00,1844.3
2023-04-25 22:00:00,1812.9
2023-04-25 23:00:00,1821.2
2023-04-26 00:00:00,1774.5
2023-04-26 01:00:00,1764.9
2023-04-26 02:00:00,1813.3
2023-04-26 03:00:00,1787.0
2023-04-26 04:00:00,1872.0
2023-04-26 05:00:00,1905.6
2023-04-26 06:00:00,1947.3
2023-04-26 07:00:00,1957.4
2023-04-26 08:00:00,1965.4
2023-04-26 09:00:00,2012.2
2023-04-26 10:00:00,2042.1
2023-04-26 11:00:00,2026.9
2023-04-26 12:00:00,2086.9
2023-04-26 13:00:00,2057.3
2023-04-26 14:00:00,1996.4
2023-04-26 15:00:00,2054.2
2023-04-26 16:00:00,1968.0
2023-04-26 17:00:00,1894.7
2023-04-26 18:00:00,1862.4
2023-04-26 19:00:00,1891.9
2023-04-26 20:00:00,1864.6
2023-04-26 21:00:00,1808.1
2023-04-26 22:00:00,1792.6
2023-04-26 23:00:00,1773.7
2023-04-27 00:00:00,1748.0
2023-04-27 01:00:00,1745.7
2023-04-27 02:00:00,1766.5
2023-04-27 03:00:00,1795.8
2023-04-27 04:00:00,1782.3
2023-04-27 05:00:00,1862.5
2023-04-27 06:00:00,1923.0
2023-04-27 07:00:00,1911.9
2023-04-27 08:00:00,1945.1
2023-04-27 09:00:00,2000.1
2023-04-27 10:00:00,1990.5
2023-04-27 11:00:00,1986.0
2023-04-27 12:00:00,2065.6
2023-04-27 13:00:00,2013.3
2023-04-27 14:00:00,2013.2
2023-04-27 15:00:00,1971.4
2023-04-27 16:00:00,1998.0
2023-04-27 17:00:00,1950.2
2023-04-27 18:00:00,1879.8
2023-04-27 19:00:00,1814.2
2023-04-27 20:00:00,1804.4
2023-04-27 21:00:00,1802.4
2023-04-27 22:00:00,1768.8
2023-04-27 23:00:00,1753.1
2023-04-28 00:00:00,1752.9
2023-04-28 01:00:00,1776.3
2023-04-28 02:00:00,1769.2
2023-04-28 03:00:00,1809.9
2023-04-28 04:00:00,1800.0
2023-04-28 05:00:00,1944.6
2023-04-28 06:00:00,1900.6
2023-04-28 07:00:00,1956.4
2023-04-28 08:00:00,2005.9
2023-04-28 09:00:00,2010.1
2023-04-28 10:00:00,2049.1
2023-04-28 11:00:00,2066.3
2023-04-28 12:00:00,2046.8
2023-04-28 13:00:00,2085.0
2023-04-28 14:00:00,2010.1
2023-04-28 15:00:00,2091.1
2023-04-28 16:00:00,2034.1
2023-04-28 17:00:00,1996.2
2023-04-28 18:00:00,1888.9
2023-04-28 19:00:00,1881.4
2023-04-28 20:00:00,1913.6
2023-04-28 21:00:00,1968.3
2023-04-28 22:00:00,1858.8
2023-04-28 23:00:00,1842.0
2023-04-29 00:00:00,1824.5
2023-04-29 01:00:00,1791.4
2023-04-29 02:00:00,1864.7
2023-04-29 03:00:00,1828.6
2023-04-29 04:00:00,1859.3
2023-04-29 05:00:00,1896.5
2023-04-29 06:00:00,2005.8
2023-04-29 07:00:00,2016.5
2023-04-29 08:00:00,2060.3
2023-04-29 09:00:00,2090.7
2023-04-29 10:00:00,2084.0
2023-04-29 11:00:00,2115.4
2023-04-29 12:00:00,2124.7
2023-04-29 13:00:00,2098.7
2023-04-29 14:00:00,2113.3
2023-04-29 15:00:00,2074.7
2023-04-29 16:00:00,2095.9
2023-04-29 17:00:00,2064.7
2023-04-29 18:00:00,1969.6
2023-04-29 19:00:00,1963.0
2023-04-29 20:00:00,1993.6
2023-04-29 21:00:00,1879.5
2023-04-29 22:00:00,1900.0
2023-04-29 23:00:00,1877.3
2023-04-30 00:00:00,1903.7
2023-04-30 01:00:00,1886.7
2023-04-30 02:00:00,1881.6
2023-04-30 03:00:00,1922.0
2023-04-30 04:00:00,1955.1
2023-04-30 05:00:00,1987.5
2023-04-30 06:00:00,1990.8
2023-04-30 07:00:00,2107.7
2023-04-30 08:00:00,2139.7
2023-04-30 09:00:00,2108.5
2023-04-30 10:00:00,2155.6
2023-04-30 11:00:00,2173.6
2023-04-30 12:00:00,2151.5
2023-04-30 13:00:00,2125.7
2023-04-30 14:00:00,2147.1
2023-04-30 15:00:00,2133.0
2023-04-30 16:00:00,2069.7
2023-04-30 17:00:00,2082.2
2023-04-30 18:00:00,2073.0
2023-04-30 19:00:00,2024.5
2023-04-30 20:00:00,1959.0
2023-04-30 21:00:00,1876.3
2023-04-30 22:00:00,1928.7
2023-04-30 23:00:00,1896.1
2023-05-01 00:00:00,1898.7
2023-05-01 01:00:00,1948.5
2023-05-01 02:00:00,1879.8
2023-05-01 03:00:00,1841.1
2023-05-01 04:00:00,1925.8
2023-05-01 05:00:00,2007.0
2023-05-01 06:00:00,2030.8
2023-05-01 07:00:00,2031.0
2023-05-01 08:00:00,2059.5
2023-05-01 09:00:00,2121.0
2023-05-01 10:00:00,2116.4
2023-05-01 11:00:00,2182.7
2023-05-01 12:00:00,2158.0
2023-05-01 13:00:00,2144.5
2023-05-01 14:00:00,2123.5
2023-05-01 15:00:00,2128.2
2023-05-01 16:00:00,2088.4
2023-05-01 17:00:00,2054.7
2023-05-01 18:00:00,2012.9
2023-05-01 19:00:00,1964.2
2023-05-01 20:00:00,1896.7
2023-05-01 21:00:00,1872.2
2023-05-01 22:00:00,1855.8
2023-05-01 23:00:00,1912.0
2023-05-02 00:00:00,1801.8
2023-05-02 01:00:00,1832.1
2023-05-02 02:00:00,1859.8
2023-05-02 03:00:00,1868.7
2023-05-02 04:00:00,1938.3
2023-05-02 05:00:00,1930.1
2023-05-02 06:00:00,1968.2
2023-05-02 07:00:00,2035.5
2023-05-02 08:00:00,2098.6
2023-05-02 09:00:00,2114.6
2023-05-02 10:00:00,2089.1
2023-05-02 11:00:00,2103.7
2023-05-02 12:00:00,2108.7
2023-05-02 13:00:00,2103.6
2023-05-02 14:00:00,2055.8
2023-05-02 15:00:00,2082.4
2023-05-02 16:00:00,2026.5
2023-05-02 17:00:00,1979.8
2023-05-02 18:00:00,1901.2
2023-05-02 19:00:00,1899.5
2023-05-02 20:00:00,1801.7
2023-05-02 21:00:00,1807.2
2023-05-02 22:00:00,1781.0
2023-05-02 23:00:00,1788.8
2023-05-03 00:00:00,1828.7
2023-05-03 01:00:00,1791.9
2023-05-03 02:00:00,1830.5
2023-05-03 03:00:00,1827.7
2023-05-03 04:00:00,1870.6
2023-05-03 05:00:00,1926.3
2023-05-03 06:00:00,1885.1
2023-05-03 07:00:00,1919.6
2023-05-03 08:00:00,1997.5
2023-05-03 09:00:00,2006.2
2023-05-03 10:00:00,2034.7
2023-05-03 11:00:00,2033.6
2023-05-03 12:00:00,2026.3
2023-05-03 13:00:00,2085.9
2023-05-03 14:00:00,1987.5
2023-05-03 15:00:00,2015.6
2023-05-03 16:00:00,1978.1
2023-05-03 17:00:00,1877.4
2023-05-03 18:00:00,1859.6
2023-05-03 19:00:00,1824.6
2023-05-03 20:00:00,1824.0
2023-05-03 21:00:00,1763.9
2023-05-03 22:00:00,1747.6
2023-05-03 23:00:00,1690.6
2023-05-04 00:00:00,1798.2
2023-05-04 01:00:00,1735.1
2023-05-04 02:00:00,1762.4
2023-05-04 03:00:00,1754.6
2023-05-04 04:00:00,1782.0
2023-05-04 05:00:00,1895.0
2023-05-04 06:00:00,1818.8
2023-05-04 07:00:00,1923.5
2023-05-04 08:00:00,1915.1
2023-05-04 09:00:00,1970.7
2023-05-04 10:00:00,1987.9
2023-05-04 11:00:00,1992.9
2023-05-04 12:00:00,2029.2
2023-05-04 13:00:00,1946.7
2023-05-04 14:00:00,2000.1
2023-05-04 15:00:00,1983.9
2023-05-04 16:00:00,1915.8
2023-05-04 17:00:00,1966.9
2023-05-04 18:00:00,1866.1
2023-05-04 19:00:00,1839.3
2023-05-04 20:00:00,1793.9
2023-05-04 21:00:00,1779.7
2023-05-04 22:00:00,1799.1
2023-05-04 23:00:00,1820.8
2023-05-05 00:00:00,1765.7
2023-05-05 01:00:00,1782.9
2023-05-05 02:00:00,1818.7
2023-05-05 03:00:00,1800.6
2023-05-05 04:00:00,1873.4
2023-05-05 05:00:00,1888.5
2023-05-05 06:00:00,1910.1
2023-05-05 07:00:00,1957.5
2023-05-05 08:00:00,1930.9
2023-05-05 09:00:00,2027.9
2023-05-05 10:00:00,1999.2
2023-05-05 11:00:00,2014.3
2023-05-05 12:00:00,2076.6
2023-05-05 13:00:00,2035.0
2023-05-05 14:00:00,2055.9
2023-05-05 15:00:00,2039.2
2023-05-05 16:00:00,2012.3
2023-05-05 17:00:00,1946.4
2023-05-05 18:00:00,1964.5
2023-05-05 19:00:00,1899.0
2023-05-05 20:00:00,1881.6
2023-05-05 21:00:00,1804.4
2023-05-05 22:00:00,1814.0
2023-05-05 23:00:00,1840.3
2023-05-06 00:00:00,1834.3
2023-05-06 01:00:00,1789.3
2023-05-06 02:00:00,1814.8
2023-05-06 03:00:00,1828.3
2023-05-06 04:00:00,1872.3
2023-05-06 05:00:00,1889.1
2023-05-06 06:00:00,1968.7
2023-05-06 07:00:00,2033.5
2023-05-06 08:00:00,2030.0
2023-05-06 09:00:00,2084.7
2023-05-06 10:00:00,2107.4
2023-05-06 11:00:00,2163.4
2023-05-06 12:00:00,2121.2
2023-05-06 13:00:00,2119.8
2023-05-06 14:00:00,2099.3
2023-05-06 15:00:00,2069.2
2023-05-06 16:00:00,2090.7
2023-05-06 17:00:00,2037.0
2023-05-06 18:00:00,2006.2
2023-05-06 19:00:00,2006.2
2023-05-06 20:00:00,1974.0
2023-05-06 21:00:00,1855.7
2023-05-06 22:00:00,1902.7
2023-05-06 23:00:00,1877.0
2023-05-07 00:00:00,1853.2
2023-05-07 01:00:00,1883.7
2023-05-07 02:00:00,1838.8
2023-05-07 03:00:00,1959.9
2023-05-07 04:00:00,1964.1
2023-05-07 05:00:00,1960.3
2023-05-07 06:00:00,2008.8
2023-05-07 07:00:00,2015.3
2023-05-07 08:00:00,2094.3
2023-05-07 09:00:00,2121.3
2023-05-07 10:00:00,2120.8
2023-05-07 11:00:00,2199.6
2023-05-07 12:00:00,2200.0
2023-05-07 13:00:00,2176.7
2023-05-07 14:00:00,2153.9
2023-05-07 15:00:00,2152.6
2023-05-07 16:00:00,2108.2
2023-05-07 17:00:00,2040.2
2023-05-07 18:00:00,2014.3
2023-05-07 19:00:00,1986.1
2023-05-07 20:00:00,1966.1
2023-05-07 21:00:00,1927.5
2023-05-07 22:00:00,1909.3
2023-05-07 23:00:00,1841.7
2023-05-08 00:00:00,1901.7
2023-05-08 01:00:00,1886.2
2023-05-08 02:00:00,1976.8
2023-05-08 03:00:00,1911.4
2023-05-08 04:00:00,1962.7
2023-05-08 05:00:00,2072.9
2023-05-08 06:00:00,2031.4
2023-05-08 07:00:00,2061.0
2023-05-08 08:00:00,2068.1
2023-05-08 09:00:00,2173.1
2023-05-08 10:00:00,2114.6
2023-05-08 11:00:00,2175.4
2023-05-08 12:00:00,2151.6
2023-05-08 13:00:00,2153.1
2023-05-08 14:00:00,2099.1
2023-05-08 15:00:00,2156.1
2023-05-08 16:00:00,2074.3
2023-05-08 17:00:00,2007.7
2023-05-08 18:00:00,2040.6
2023-05-08 19:00:00,1946.6
2023-05-08 20:00:00,1933.1
2023-05-08 21:00:00,1914.7
2023-05-08 22:00:00,1877.3
2023-05-08 23:00:00,1779.5
2023-05-09 00:00:00,1858.5
2023-05-09 01:00:00,1836.9
2023-05-09 02:00:00,1842.3
2023-05-09 03:00:00,1869.9
2023-05-09 04:00:00,1853.0
2023-05-09 05:00:00,1940.4
2023-05-09 06:00:00,1929.6
2023-05-09 07:00:00,1997.8
2023-05-09 08:00:00,2044.2
2023-05-09 09:00:00,2099.8
2023-05-09 10:00:00,2063.8
2023-05-09 11:00:00,2143.9
2023-05-09 12:00:00,2130.9
2023-05-09 13:00:00,2081.5
2023-05-09 14:00:00,2043.1
2023-05-09 15:00:00,2006.2
2023-05-09 16:00:00,2023.6
2023-05-09 17:00:00,1954.1
2023-05-09 18:00:00,1970.4
2023-05-09 19:00:00,1872.3
2023-05-09 20:00:00,1826.6
2023-05-09 21:00:00,1826.7
2023-05-09 22:00:00,1772.4
2023-05-09 23:00:00,1775.4
2023-05-10 00:00:00,1796.9
2023-05-10 01:00:00,1773.2
2023-05-10 02:00:00,1785.7
2023-05-10 03:00:00,1809.5
2023-05-10 04:00:00,1781.0
2023-05-10 05:00:00,1877.3
2023-05-10 06:00:00,1906.7
2023-05-10 07:00:00,1965.2
2023-05-10 08:00:00,1990.5
2023-05-10 09:00:00,1995.1
2023-05-10 10:00:00,2053.9
2023-05-10 11:00:00,2027.1
2023-05-10 12:00:00,2046.5
2023-05-10 13:00:00,2022.7
2023-05-10 14:00:00,2029.2
2023-05-10 15:00:00,1978.5
2023-05-10 16:00:00,2006.6
2023-05-10 17:00:00,1980.0
2023-05-10 18:00:00,1905.5
2023-05-10 19:00:00,1885.4
2023-05-10 20:00:00,1755.6
2023-05-10 21:00:00,1727.0
2023-05-10 22:00:00,1735.2
2023-05-10 23:00:00,1730.2
2023-05-11 00:00:00,1717.2
2023-05-11 01:00:00,1678.3
2023-05-11 02:00:00,1776.6
2023-05-11 03:00:00,1830.1
2023-05-11 04:00:00,1834.6
2023-05-11 05:00:00,1864.7
2023-05-11 06:00:00,1877.7
2023-05-11 07:00:00,1884.4
2023-05-11 08:00:00,1948.2
2023-05-11 09:00:00,2040.5
2023-05-11 10:00:00,1991.0
2023-05-11 11:00:00,2003.3
2023-05-11 12:00:00,2055.9
2023-05-11 13:00:00,2053.4
2023-05-11 14:00:00,1978.6
2023-05-11 15:00:00,1973.3
2023-05-11 16:00:00,1936.0
2023-05-11 17:00:00,1918.0
2023-05-11 18:00:00,1911.5
2023-05-11 19:00:00,1816.7
2023-05-11 20:00:00,1838.7
2023-05-11 21:00:00,1779.5
2023-05-11 22:00:00,1824.0
2023-05-11 23:00:00,1750.5
2023-05-12 00:00:00,1734.7
2023-05-12 01:00:00,1761.9
2023-05-12 02:00:00,1751.4
2023-05-12 03:00:00,1733.6
2023-05-12 04:00:00,1813.4
2023-05-12 05:00:00,1851.3
2023-05-12 06:00:00,1852.3
2023-05-12 07:00:00,1939.0
2023-05-12 08:00:00,1917.8
2023-05-12 09:00:00,2002.9
2023-05-12 10:00:00,2047.0
2023-05-12 11:00:00,2060.1
2023-05-12 12:00:00,2052.6
2023-05-12 13:00:00,2060.0
2023-05-12 14:00:00,2026.8
2023-05-12 15:00:00,2029.5
2023-05-12 16:00:00,2002.7
2023-05-12 17:00:00,1940.6
2023-05-12 18:00:00,1939.7
2023-05-12 19:00:00,1903.5
2023-05-12 20:00:00,1857.4
2023-05-12 21:00:00,1906.9
2023-05-12 22:00:00,1809.2
2023-05-12 23:00:00,1793.0
2023-05-13 00:00:00,1786.5
2023-05-13 01:00:00,1778.1
2023-05-13 02:00:00,1845.7
2023-05-13 03:00:00,1831.4
2023-05-13 04:00:00,1868.9
2023-05-13 05:00:00,1908.9
2023-05-13 06:00:00,1937.2
2023-05-13 07:00:00,1955.9
2023-05-13 08:00:00,2033.5
2023-05-13 09:00:00,2107.5
2023-05-13 10:00:00,2113.8
2023-05-13 11:00:00,2172.4
2023-05-13 12:00:00,2155.9
2023-05-13 13:00:00,2146.6
2023-05-13 14:00:00,2175.0
2023-05-13 15:00:00,2094.2
2023-05-13 16:00:00,2070.4
2023-05-13 17:00:00,2034.4
2023-05-13 18:00:00,2044.6
2023-05-13 19:00:00,1961.8
2023-05-13 20:00:00,1908.3
2023-05-13 21:00:00,1916.4
2023-05-13 22:00:00,1852.5
2023-05-13 23:00:00,1879.9
2023-05-14 00:00:00,1873.1
2023-05-14 01:00:00,1861.9
2023-05-14 02:00:00,1901.2
2023-05-14 03:00:00,1865.0
2023-05-14 04:00:00,1947.1
2023-05-14 05:00:00,1965.9
2023-05-14 06:00:00,2105.8
2023-05-14 07:00:00,2064.6
2023-05-14 08:00:00,2079.4
2023-05-14 09:00:00,2088.0
2023-05-14 10:00:00,2193.2
2023-05-14 11:00:00,2159.3
2023-05-14 12:00:00,2151.8
2023-05-14 13:00:00,2181.1
2023-05-14 14:00:00,2176.0
2023-05-14 15:00:00,2152.0
2023-05-14 16:00:00,2102.8
2023-05-14 17:00:00,2070.9
2023-05-14 18:00:00,2034.3
2023-05-14 19:00:00,1998.5
2023-05-14 20:00:00,1964.8
2023-05-14 21:00:00,1953.4
2023-05-14 22:00:00,1898.0
2023-05-14 23:00:00,1856.3
2023-05-15 00:00:00,1870.7
2023-05-15 01:00:00,1902.0
2023-05-15 02:00:00,1839.9
2023-05-15 03:00:00,1862.9
2023-05-15 04:00:00,1973.9
2023-05-15 05:00:00,2026.9
2023-05-15 06:00:00,1980.9
2023-05-15 07:00:00,2059.3
2023-05-15 08:00:00,2079.0
2023-05-15 09:00:00,2112.6
2023-05-15 10:00:00,2151.7
2023-05-15 11:00:00,2117.0
2023-05-15 12:00:00,2125.8
2023-05-15 13:00:00,2142.9
2023-05-15 14:00:00,2130.6
2023-05-15 15:00:00,2075.2
2023-05-15 16:00:00,2099.4
2023-05-15 17:00:00,2024.7
2023-05-15 18:00:00,1983.4
2023-05-15 19:00:00,1963.3
2023-05-15 20:00:00,1912.3
2023-05-15 21:00:00,1907.7
2023-05-15 22:00:00,1828.1
2023-05-15 23:00:00,1796.5
2023-05-16 00:00:00,1821.3
2023-05-16 01:00:00,1834.8
2023-05-16 02:00:00,1807.9
2023-05-16 03:00:00,1824.5
2023-05-16 04:00:00,1899.8
2023-05-16 05:00:00,1904.8
2023-05-16 06:00:00,1919.8
2023-05-16 07:00:00,2028.2
2023-05-16 08:00:00,2013.5
2023-05-16 09:00:00,2095.0
2023-05-16 10:00:00,2082.2
2023-05-16 11:00:00,2102.1
2023-05-16 12:00:00,2089.0
2023-05-16 13:00:00,2007.5
2023-05-16 14:00:00,2035.1
2023-05-16 15:00:00,2038.5
2023-05-16 16:00:00,2019.2
2023-05-16 17:00:00,1915.3
2023-05-16 18:00:00,1925.6
2023-05-16 19:00:00,1851.8
2023-05-16 20:00:00,1853.4
2023-05-16 21:00:00,1811.8
2023-05-16 22:00:00,1808.0
2023-05-16 23:00:00,1799.9
2023-05-17 00:00:00,1773.8
2023-05-17 01:00:00,1788.2
2023-05-17 02:00:00,1764.2
2023-05-17 03:00:00,1880.7
2023-05-17 04:00:00,1787.9
2023-05-17 05:00:00,1842.3
2023-05-17 06:00:00,1921.6
2023-05-17 07:00:00,1953.6
2023-05-17 08:00:00,1979.5
2023-05-17 09:00:00,2014.0
2023-05-17 10:00:00,1953.0
2023-05-17 11:00:00,2076.1
2023-05-17 12:00:00,2025.5
2023-05-17 13:00:00,2062.0
2023-05-17 14:00:00,1946.8
2023-05-17 15:00:00,1990.0
2023-05-17 16:00:00,1932.7
2023-05-17 17:00:00,1929.1
2023-05-17 18:00:00,1881.3
2023-05-17 19:00:00,1842.6
2023-05-17 20:00:00,1762.5
2023-05-17 21:00:00,1760.4
2023-05-17 22:00:00,1731.9
2023-05-17 23:00:00,1736.3
2023-05-18 00:00:00,1745.2
2023-05-18 01:00:00,1724.5
2023-05-18 02:00:00,1696.1
2023-05-18 03:00:00,1761.0
2023-05-18 04:00:00,1866.9
2023-05-18 05:00:00,1873.9
2023-05-18 06:00:00,1774.0
2023-05-18 07:00:00,1903.9
2023-05-18 08:00:00,1966.3
2023-05-18 09:00:00,1964.1
2023-05-18 10:00:00,1980.0
2023-05-18 11:00:00,2001.2
2023-05-18 12:00:00,2031.5
2023-05-18 13:00:00,1976.0
2023-05-18 14:00:00,2031.9
2023-05-18 15:00:00,1971.6
2023-05-18 16:00:00,1915.2
2023-05-18 17:00:00,1941.9
2023-05-18 18:00:00,1824.1
2023-05-18 19:00:00,1816.3
2023-05-18 20:00:00,1781.0
2023-05-18 21:00:00,1832.9
2023-05-18 22:00:00,1725.8
2023-05-18 23:00:00,1668.4
2023-05-19 00:00:00,1712.3
2023-05-19 01:00:00,1750.3
2023-05-19 02:00:00,1777.1
2023-05-19 03:00:00,1847.8
2023-05-19 04:00:00,1854.8
2023-05-19 05:00:00,1856.6
2023-05-19 06:00:00,1865.3
2023-05-19 07:00:00,1981.9
2023-05-19 08:00:00,1960.7
2023-05-19 09:00:00,1985.5
2023-05-19 10:00:00,2019.1
2023-05-19 11:00:00,2011.6
2023-05-19 12:00:00,2042.9
2023-05-19 13:00:00,2047.5
2023-05-19 14:00:00,2064.1
2023-05-19 15:00:00,2009.4
2023-05-19 16:00:00,1954.8
2023-05-19 17:00:00,1911.3
2023-05-19 18:00:00,1929.8
2023-05-19 19:00:00,1889.7
2023-05-19 20:00:00,1837.6
2023-05-19 21:00:00,1812.1
2023-05-19 22:00:00,1816.8
2023-05-19 23:00:00,1834.8
2023-05-20 00:00:00,1767.6
2023-05-20 01:00:00,1801.7
2023-05-20 02:00:00,1845.7
2023-05-20 03:00:00,1820.4
2023-05-20 04:00:00,1877.2
2023-05-20 05:00:00,1915.6
2023-05-20 06:00:00,1919.1
2023-05-20 07:00:00,2005.2
2023-05-20 08:00:00,2040.0
2023-05-20 09:00:00,2089.6
2023-05-20 10:00:00,2063.9
2023-05-20 11:00:00,2117.5
2023-05-20 12:00:00,2166.5
2023-05-20 13:00:00,2184.8
2023-05-20 14:00:00,2148.5
2023-05-20 15:00:00,2053.4
2023-05-20 16:00:00,2073.7
2023-05-20 17:00:00,2011.8
2023-05-20 18:00:00,1998.3
2023-05-20 19:00:00,1930.1
2023-05-20 20:00:00,1867.8
2023-05-20 21:00:00,1879.9
2023-05-20 22:00:00,1890.1
2023-05-20 23:00:00,1864.1
2023-05-21 00:00:00,1864.2
2023-05-21 01:00:00,1865.5
2023-05-21 02:00:00,1887.8
2023-05-21 03:00:00,1917.0
2023-05-21 04:00:00,1925.4
2023-05-21 05:00:00,1973.7
2023-05-21 06:00:00,2063.6
2023-05-21 07:00:00,2055.6
2023-05-21 08:00:00,2089.9
2023-05-21 09:00:00,2123.8
2023-05-21 10:00:00,2138.9
2023-05-21 11:00:00,2148.1
2023-05-21 12:00:00,2173.2
2023-05-21 13:00:00,2147.2
2023-05-21 14:00:00,2143.5
2023-05-21 15:00:00,2100.6
2023-05-21 16:00:00,2096.7
2023-05-21 17:00:00,2074.9
2023-05-21 18:00:00,2012.2
2023-05-21 19:00:00,1919.4
2023-05-21 20:00:00,1961.0
2023-05-21 21:00:00,1915.4
2023-05-21 22:00:00,1857.8
2023-05-21 23:00:00,1895.2
2023-05-22 00:00:00,1824.3
2023-05-22 01:00:00,1901.9
2023-05-22 02:00:00,1882.9
2023-05-22 03:00:00,1839.4
2023-05-22 04:00:00,1942.8
2023-05-22 05:00:00,1960.3
2023-05-22 06:00:00,1993.3
2023-05-22 07:00:00,2025.2
2023-05-22 08:00:00,2078.2
2023-05-22 09:00:00,2097.0
2023-05-22 10:00:00,2077.9
2023-05-22 11:00:00,2185.0
2023-05-22 12:00:00,2142.7
2023-05-22 13:00:00,2121.0
2023-05-22 14:00:00,2092.1
2023-05-22 15:00:00,2123.1
2023-05-22 16:00:00,2027.7
2023-05-22 17:00:00,2032.3
2023-05-22 18:00:00,1969.5
2023-05-22 19:00:00,1930.0
2023-05-22 20:00:00,1874.0
2023-05-22 21:00:00,1854.9
2023-05-22 22:00:00,1847.3
2023-05-22 23:00:00,1836.4
2023-05-23 00:00:00,1798.0
2023-05-23 01:00:00,1821.1
2023-05-23 02:00:00,1862.7
2023-05-23 03:00:00,1807.1
2023-05-23 04:00:00,1885.0
2023-05-23 05:00:00,1889.9
2023-05-23 06:00:00,1922.7
2023-05-23 07:00:00,1997.9
2023-05-23 08:00:00,2006.9
2023-05-23 09:00:00,2014.8
2023-05-23 10:00:00,2111.8
2023-05-23 11:00:00,2111.6
2023-05-23 12:00:00,2028.1
2023-05-23 13:00:00,2033.7
2023-05-23 14:00:00,2077.7
2023-05-23 15:00:00,2024.5
2023-05-23 16:00:00,2043.9
2023-05-23 17:00:00,1978.2
2023-05-23 18:00:00,1926.9
2023-05-23 19:00:00,1845.5
2023-05-23 20:00:00,1851.8
2023-05-23 21:00:00,1764.8
2023-05-23 22:00:00,1815.5
2023-05-23 23:00:00,1771.2
2023-05-24 00:00:00,1725.9
2023-05-24 01:00:00,1777.2
2023-05-24 02:00:00,1832.6
2023-05-24 03:00:00,1780.0
2023-05-24 04:00:00,1831.6
2023-05-24 05:00:00,1835.8
2023-05-24 06:00:00,1887.7
2023-05-24 07:00:00,1876.3
2023-05-24 08:00:00,1955.4
2023-05-24 09:00:00,1985.6
2023-05-24 10:00:00,2060.0
2023-05-24 11:00:00,1965.1
2023-05-24 12:00:00,2013.6
2023-05-24 13:00:00,2053.7
2023-05-24 14:00:00,1991.0
2023-05-24 15:00:00,1967.6
2023-05-24 16:00:00,1915.1
2023-05-24 17:00:00,1874.4
2023-05-24 18:00:00,1807.4
2023-05-24 19:00:00,1803.1
2023-05-24 20:00:00,1755.0
2023-05-24 21:00:00,1756.0
2023-05-24 22:00:00,1704.0
2023-05-24 23:00:00,1697.4
2023-05-25 00:00:00,1692.3
2023-05-25 01:00:00,1708.9
2023-05-25 02:00:00,1708.9
2023-05-25 03:00:00,1716.3
2023-05-25 04:00:00,1781.4
2023-05-25 05:00:00,1846.8
2023-05-25 06:00:00,1857.3
2023-05-25 07:00:00,1874.0
2023-05-25 08:00:00,1924.9
2023-05-25 09:00:00,1898.3
2023-05-25 10:00:00,1979.8
2023-05-25 11:00:00,1987.4
2023-05-25 12:00:00,1977.1
2023-05-25 13:00:00,1978.1
2023-05-25 14:00:00,1974.1
2023-05-25 15:00:00,1993.2
2023-05-25 16:00:00,1966.1
2023-05-25 17:00:00,1870.4
2023-05-25 18:00:00,1845.1
2023-05-25 19:00:00,1808.3
2023-05-25 20:00:00,1812.6
2023-05-25 21:00:00,1763.1
2023-05-25 22:00:00,1739.2
2023-05-25 23:00:00,1739.2
2023-05-26 00:00:00,1701.9
2023-05-26 01:00:00,1767.7
2023-05-26 02:00:00,1743.6
2023-05-26 03:00:00,1743.8
2023-05-26 04:00:00,1795.8
2023-05-26 05:00:00,1878.0
2023-05-26 06:00:00,1869.3
2023-05-26 07:00:00,1951.7
2023-05-26 08:00:00,1943.0
2023-05-26 09:00:00,1972.3
2023-05-26 10:00:00,2041.4
2023-05-26 11:00:00,2012.9
2023-05-26 12:00:00,2071.5
2023-05-26 13:00:00,2054.9
2023-05-26 14:00:00,2005.9
2023-05-26 15:00:00,2008.8
2023-05-26 16:00:00,1966.2
2023-05-26 17:00:00,1959.8
2023-05-26 18:00:00,1970.0
2023-05-26 19:00:00,1866.3
2023-05-26 20:00:00,1860.1
2023-05-26 21:00:00,1816.7
2023-05-26 22:00:00,1795.7
2023-05-26 23:00:00,1778.0
2023-05-27 00:00:00,1755.0
2023-05-27 01:00:00,1798.8
2023-05-27 02:00:00,1798.0
2023-05-27 03:00:00,1806.3
2023-05-27 04:00:00,1897.8
2023-05-27 05:00:00,1909.4
2023-05-27 06:00:00,1941.3
2023-05-27 07:00:00,2030.0
2023-05-27 08:00:00,1973.7
2023-05-27 09:00:00,2100.8
2023-05-27 10:00:00,2062.8
2023-05-27 11:00:00,2113.3
2023-05-27 12:00:00,2097.0
2023-05-27 13:00:00,2084.5
2023-05-27 14:00:00,2139.1
2023-05-27 15:00:00,2134.1
2023-05-27 16:00:00,2043.1
2023-05-27 17:00:00,2026.0
2023-05-27 18:00:00,1981.1
2023-05-27 19:00:00,1994.8
2023-05-27 20:00:00,1845.4
2023-05-27 21:00:00,1891.2
2023-05-27 22:00:00,1836.2
2023-05-27 23:00:00,1774.3
2023-05-28 00:00:00,1830.9
2023-05-28 01:00:00,1904.0
2023-05-28 02:00:00,1845.5
2023-05-28 03:00:00,1914.3
2023-05-28 04:00:00,1959.1
2023-05-28 05:00:00,1960.3
2023-05-28 06:00:00,2004.4
2023-05-28 07:00:00,1989.3
2023-05-28 08:00:00,2056.6
2023-05-28 09:00:00,2137.3
2023-05-28 10:00:00,2136.6
2023-05-28 11:00:00,2161.6
2023-05-28 12:00:00,2160.3
2023-05-28 13:00:00,2200.0
2023-05-28 14:00:00,2124.3
2023-05-28 15:00:00,2161.9
2023-05-28 16:00:00,2086.8
2023-05-28 17:00:00,2097.6
2023-05-28 18:00:00,1971.2
2023-05-28 19:00:00,1974.5
2023-05-28 20:00:00,1920.8
2023-05-28 21:00:00,1905.3
2023-05-28 22:00:00,1913.5
2023-05-28 23:00:00,1872.7
2023-05-29 00:00:00,1892.1
2023-05-29 01:00:00,1839.7
2023-05-29 02:00:00,1849.2
2023-05-29 03:00:00,1897.2
2023-05-29 04:00:00,1925.6
2023-05-29 05:00:00,1956.1
2023-05-29 06:00:00,1970.4
2023-05-29 07:00:00,2072.5
2023-05-29 08:00:00,2060.4
2023-05-29 09:00:00,2143.5
2023-05-29 10:00:00,2123.2
2023-05-29 11:00:00,2155.5
2023-05-29 12:00:00,2156.0
2023-05-29 13:00:00,2107.4
2023-05-29 14:00:00,2126.1
2023-05-29 15:00:00,2147.0
2023-05-29 16:00:00,2063.4
2023-05-29 17:00:00,2044.4
2023-05-29 18:00:00,1996.9
2023-05-29 19:00:00,1944.1
2023-05-29 20:00:00,1901.8
2023-05-29 21:00:00,1879.0
2023-05-29 22:00:00,1859.0
2023-05-29 23:00:00,1777.8
2023-05-30 00:00:00,1818.0
2023-05-30 01:00:00,1807.4
2023-05-30 02:00:00,1813.3
2023-05-30 03:00:00,1884.9
2023-05-30 04:00:00,1852.2
2023-05-30 05:00:00,1865.5
2023-05-30 06:00:00,1967.1
2023-05-30 07:00:00,1936.4
2023-05-30 08:00:00,1954.4
2023-05-30 09:00:00,2067.5
2023-05-30 10:00:00,2065.8
2023-05-30 11:00:00,2087.1
2023-05-30 12:00:00,2061.7
2023-05-30 13:00:00,2025.3
2023-05-30 14:00:00,2013.2
2023-05-30 15:00:00,2013.7
2023-05-30 16:00:00,1949.6
2023-05-30 17:00:00,1957.8
2023-05-30 18:00:00,1892.9
2023-05-30 19:00:00,1870.5
2023-05-30 20:00:00,1830.5
2023-05-30 21:00:00,1803.5
2023-05-30 22:00:00,1780.1
2023-05-30 23:00:00,1737.0
2023-05-31 00:00:00,1745.0
2023-05-31 01:00:00,1748.9
2023-05-31 02:00:00,1681.2
2023-05-31 03:00:00,1794.7
2023-05-31 04:00:00,1808.3
2023-05-31 05:00:00,1854.4
2023-05-31 06:00:00,1835.2
2023-05-31 07:00:00,1900.8
2023-05-31 08:00:00,1911.4
2023-05-31 09:00:00,1995.3
2023-05-31 10:00:00,1952.5
2023-05-31 11:00:00,1979.7
2023-05-31 12:00:00,2026.8
2023-05-31 13:00:00,1984.9
2023-05-31 14:00:00,1959.1
2023-05-31 15:00:00,1988.6
2023-05-31 16:00:00,1957.1
2023-05-31 17:00:00,1912.7
2023-05-31 18:00:00,1876.2
2023-05-31 19:00:00,1803.7
2023-05-31 20:00:00,1767.1
2023-05-31 21:00:00,1721.6
2023-05-31 22:00:00,1721.2
2023-05-31 23:00:00,1684.5
2023-06-01 00:00:00,1681.4
2023-06-01 01:00:00,1716.8
2023-06-01 02:00:00,1748.8
2023-06-01 03:00:00,1748.6
2023-06-01 04:00:00,1821.2
2023-06-01 05:00:00,1782.1
2023-06-01 06:00:00,1786.8
2023-06-01 07:00:00,1902.2
2023-06-01 08:00:00,1893.9
2023-06-01 09:00:00,1940.1
2023-06-01 10:00:00,1919.4
2023-06-01 11:00:00,1960.9
2023-06-01 12:00:00,1948.5
2023-06-01 13:00:00,1976.0
2023-06-01 14:00:00,1963.0
2023-06-01 15:00:00,1954.6
2023-06-01 16:00:00,1959.0
2023-06-01 17:00:00,1907.0
2023-06-01 18:00:00,1800.3
2023-06-01 19:00:00,1829.7
2023-06-01 20:00:00,1780.0
2023-06-01 21:00:00,1744.1
2023-06-01 22:00:00,1724.1
2023-06-01 23:00:00,1717.6
2023-06-02 00:00:00,1687.3
2023-06-02 01:00:00,1709.6
2023-06-02 02:00:00,1767.5
2023-06-02 03:00:00,1736.7
2023-06-02 04:00:00,1760.0
2023-06-02 05:00:00,1827.4
2023-06-02 06:00:00,1836.4
2023-06-02 07:00:00,1859.8
2023-06-02 08:00:00,1939.7
2023-06-02 09:00:00,2026.9
2023-06-02 10:00:00,2008.7
2023-06-02 11:00:00,2032.7
2023-06-02 12:00:00,1971.1
2023-06-02 13:00:00,2045.7
2023-06-02 14:00:00,2023.1
2023-06-02 15:00:00,1979.2
2023-06-02 16:00:00,1976.3
2023-06-02 17:00:00,1942.6
2023-06-02 18:00:00,1869.7
2023-06-02 19:00:00,1875.5
2023-06-02 20:00:00,1868.1
2023-06-02 21:00:00,1797.2
2023-06-02 22:00:00,1757.1
2023-06-02 23:00:00,1765.7
2023-06-03 00:00:00,1794.5
2023-06-03 01:00:00,1740.1
2023-06-03 02:00:00,1812.1
2023-06-03 03:00:00,1801.2
2023-06-03 04:00:00,1862.7
2023-06-03 05:00:00,1877.6
2023-06-03 06:00:00,1919.2
2023-06-03 07:00:00,2023.5
2023-06-03 08:00:00,1974.6
2023-06-03 09:00:00,2065.2
2023-06-03 10:00:00,2129.2
2023-06-03 11:00:00,2115.5
2023-06-03 12:00:00,2062.7
2023-06-03 13:00:00,2061.7
2023-06-03 14:00:00,2065.1
2023-06-03 15:00:00,2071.1
2023-06-03 16:00:00,2044.5
2023-06-03 17:00:00,1965.7
2023-06-03 18:00:00,1941.2
2023-06-03 19:00:00,1906.4
2023-06-03 20:00:00,1891.3
2023-06-03 21:00:00,1927.3
2023-06-03 22:00:00,1817.9
2023-06-03 23:00:00,1803.5
2023-06-04 00:00:00,1795.6
2023-06-04 01:00:00,1855.5
2023-06-04 02:00:00,1851.8
2023-06-04 03:00:00,1851.6
2023-06-04 04:00:00,1900.1
2023-06-04 05:00:00,1924.8
2023-06-04 06:00:00,1997.5
2023-06-04 07:00:00,2109.2
2023-06-04 08:00:00,2082.4
2023-06-04 09:00:00,2095.1
2023-06-04 10:00:00,2102.7
2023-06-04 11:00:00,2098.0
2023-06-04 12:00:00,2166.1
2023-06-04 13:00:00,2159.9
2023-06-04 14:00:00,2111.0
2023-06-04 15:00:00,2137.8
2023-06-04 16:00:00,2071.2
2023-06-04 17:00:00,2057.7
2023-06-04 18:00:00,2004.5
2023-06-04 19:00:00,1951.4
2023-06-04 20:00:00,1891.6
2023-06-04 21:00:00,1884.5
2023-06-04 22:00:00,1889.8
2023-06-04 23:00:00,1833.7
2023-06-05 00:00:00,1856.4
2023-06-05 01:00:00,1815.0
2023-06-05 02:00:00,1885.0
2023-06-05 03:00:00,1893.8
2023-06-05 04:00:00,1878.3
2023-06-05 05:00:00,1942.6
2023-06-05 06:00:00,2014.7
2023-06-05 07:00:00,1986.4
2023-06-05 08:00:00,2026.7
2023-06-05 09:00:00,2086.2
2023-06-05 10:00:00,2174.4
2023-06-05 11:00:00,2103.4
2023-06-05 12:00:00,2141.7
2023-06-05 13:00:00,2127.5
2023-06-05 14:00:00,2085.0
2023-06-05 15:00:00,2081.5
2023-06-05 16:00:00,2029.9
2023-06-05 17:00:00,1994.1
2023-06-05 18:00:00,1913.8
2023-06-05 19:00:00,1921.6
2023-06-05 20:00:00,1910.7
2023-06-05 21:00:00,1851.8
2023-06-05 22:00:00,1856.3
2023-06-05 23:00:00,1823.3
2023-06-06 00:00:00,1796.2
2023-06-06 01:00:00,1781.5
2023-06-06 02:00:00,1797.9
2023-06-06 03:00:00,1789.3
2023-06-06 04:00:00,1853.6
2023-06-06 05:00:00,1899.2
2023-06-06 06:00:00,1982.1
2023-06-06 07:00:00,1982.3
2023-06-06 08:00:00,1973.6
2023-06-06 09:00:00,1984.4
2023-06-06 10:00:00,2042.2
2023-06-06 11:00:00,2084.7
2023-06-06 12:00:00,2055.7
2023-06-06 13:00:00,2070.4
2023-06-06 14:00:00,2030.7
2023-06-06 15:00:00,2030.7
2023-06-06 16:00:00,1927.2
2023-06-06 17:00:00,1984.0
2023-06-06 18:00:00,1860.7
2023-06-06 19:00:00,1876.1
2023-06-06 20:00:00,1805.0
2023-06-06 21:00:00,1775.7
2023-06-06 22:00:00,1745.2
2023-06-06 23:00:00,1742.3
2023-06-07 00:00:00,1740.4
2023-06-07 01:00:00,1760.8
2023-06-07 02:00:00,1783.6
2023-06-07 03:00:00,1772.5
2023-06-07 04:00:00,1842.4
2023-06-07 05:00:00,1827.5
2023-06-07 06:00:00,1893.4
2023-06-07 07:00:00,1910.3
2023-06-07 08:00:00,1914.9
2023-06-07 09:00:00,1965.6
2023-06-07 10:00:00,1997.0
2023-06-07 11:00:00,1993.8
2023-06-07 12:00:00,2010.3
2023-06-07 13:00:00,2016.8
2023-06-07 14:00:00,1973.4
2023-06-07 15:00:00,1860.2
2023-06-07 16:00:00,1966.2
2023-06-07 17:00:00,1869.2
2023-06-07 18:00:00,1813.2
2023-06-07 19:00:00,1764.0
2023-06-07 20:00:00,1750.2
2023-06-07 21:00:00,1711.3
2023-06-07 22:00:00,1681.2
2023-06-07 23:00:00,1666.9
2023-06-08 00:00:00,1697.4
2023-06-08 01:00:00,1746.8
2023-06-08 02:00:00,1724.9
2023-06-08 03:00:00,1757.3
2023-06-08 04:00:00,1743.0
2023-06-08 05:00:00,1793.4
2023-06-08 06:00:00,1841.8
2023-06-08 07:00:00,1848.0
2023-06-08 08:00:00,1891.3
2023-06-08 09:00:00,1960.9
2023-06-08 10:00:00,1992.2
2023-06-08 11:00:00,1976.9
2023-06-08 12:00:00,1944.6
2023-06-08 13:00:00,1967.2
2023-06-08 14:00:00,1918.6
2023-06-08 15:00:00,1941.1
2023-06-08 16:00:00,1916.4
2023-06-08 17:00:00,1865.5
2023-06-08 18:00:00,1843.2
2023-06-08 19:00:00,1810.9
2023-06-08 20:00:00,1771.3
2023-06-08 21:00:00,1697.9
2023-06-08 22:00:00,1704.1
2023-06-08 23:00:00,1710.6
2023-06-09 00:00:00,1742.3
2023-06-09 01:00:00,1693.8
2023-06-09 02:00:00,1735.3
2023-06-09 03:00:00,1771.0
2023-06-09 04:00:00,1771.9
2023-06-09 05:00:00,1850.6
2023-06-09 06:00:00,1893.2
2023-06-09 07:00:00,1939.7
2023-06-09 08:00:00,1950.5
2023-06-09 09:00:00,2041.1
2023-06-09 10:00:00,1978.1
2023-06-09 11:00:00,2077.8
2023-06-09 12:00:00,2044.9
2023-06-09 13:00:00,2059.6
2023-06-09 14:00:00,1997.4
2023-06-09 15:00:00,2011.3
2023-06-09 16:00:00,2000.4
2023-06-09 17:00:00,1891.6
2023-06-09 18:00:00,1883.3
2023-06-09 19:00:00,1788.0
2023-06-09 20:00:00,1813.6
2023-06-09 21:00:00,1766.3
2023-06-09 22:00:00,1763.3
2023-06-09 23:00:00,1845.5
2023-06-10 00:00:00,1807.1
2023-06-10 01:00:00,1720.4
2023-06-10 02:00:00,1798.1
2023-06-10 03:00:00,1832.2
2023-06-10 04:00:00,1832.0
2023-06-10 05:00:00,1886.5
2023-06-10 06:00:00,1931.1
2023-06-10 07:00:00,1924.1
2023-06-10 08:00:00,1972.5
2023-06-10 09:00:00,2042.5
2023-06-10 10:00:00,2066.8
2023-06-10 11:00:00,2060.3
2023-06-10 12:00:00,2065.4
2023-06-10 13:00:00,2084.0
2023-06-10 14:00:00,2100.9
2023-06-10 15:00:00,2050.6
2023-06-10 16:00:00,2073.0
2023-06-10 17:00:00,1969.6
2023-06-10 18:00:00,1959.7
2023-06-10 19:00:00,1906.7
2023-06-10 20:00:00,1900.9
2023-06-10 21:00:00,1830.8
2023-06-10 22:00:00,1890.3
2023-06-10 23:00:00,1768.7
2023-06-11 00:00:00,1867.6
2023-06-11 01:00:00,1825.6
2023-06-11 02:00:00,1856.1
2023-06-11 03:00:00,1905.0
2023-06-11 04:00:00,1923.2
2023-06-11 05:00:00,1913.1
2023-06-11 06:00:00,1993.1
2023-06-11 07:00:00,2071.1
2023-06-11 08:00:00,2025.7
2023-06-11 09:00:00,2147.9
2023-06-11 10:00:00,2120.6
2023-06-11 11:00:00,2111.8
2023-06-11 12:00:00,2103.7
2023-06-11 13:00:00,2119.2
2023-06-11 14:00:00,2052.7
2023-06-11 15:00:00,2075.4
2023-06-11 16:00:00,2049.1
2023-06-11 17:00:00,1988.6
2023-06-11 18:00:00,2004.5
2023-06-11 19:00:00,1936.5
2023-06-11 20:00:00,1887.6
2023-06-11 21:00:00,1865.4
2023-06-11 22:00:00,1861.5
2023-06-11 23:00:00,1837.5
2023-06-12 00:00:00,1808.5
2023-06-12 01:00:00,1837.6
2023-06-12 02:00:00,1846.4
2023-06-12 03:00:00,1836.5
2023-06-12 04:00:00,1892.0
2023-06-12 05:00:00,1953.0
2023-06-12 06:00:00,1990.3
2023-06-12 07:00:00,2003.6
2023-06-12 08:00:00,2065.4
2023-06-12 09:00:00,2045.2
2023-06-12 10:00:00,2068.2
2023-06-12 11:00:00,2102.3
2023-06-12 12:00:00,2158.0
2023-06-12 13:00:00,2110.8
2023-06-12 14:00:00,2080.6
2023-06-12 15:00:00,2109.2
2023-06-12 16:00:00,2021.0
2023-06-12 17:00:00,2058.1
2023-06-12 18:00:00,1934.5
2023-06-12 19:00:00,1878.2
2023-06-12 20:00:00,1864.9
2023-06-12 21:00:00,1828.8
2023-06-12 22:00:00,1785.5
2023-06-12 23:00:00,1870.1
2023-06-13 00:00:00,1793.8
2023-06-13 01:00:00,1800.4
2023-06-13 02:00:00,1784.8
2023-06-13 03:00:00,1802.3
2023-06-13 04:00:00,1878.5
2023-06-13 05:00:00,1830.7
2023-06-13 06:00:00,1882.5
2023-06-13 07:00:00,1945.2
2023-06-13 08:00:00,2026.3
2023-06-13 09:00:00,2002.5
2023-06-13 10:00:00,2047.0
2023-06-13 11:00:00,2047.3
2023-06-13 12:00:00,2087.3
2023-06-13 13:00:00,1992.7
2023-06-13 14:00:00,2044.3
2023-06-13 15:00:00,1989.3
2023-06-13 16:00:00,1988.9
2023-06-13 17:00:00,1897.4
2023-06-13 18:00:00,1880.9
2023-06-13 19:00:00,1835.2
2023-06-13 20:00:00,1769.1
2023-06-13 21:00:00,1726.8
2023-06-13 22:00:00,1721.1
2023-06-13 23:00:00,1724.5
2023-06-14 00:00:00,1690.0
2023-06-14 01:00:00,1705.2
2023-06-14 02:00:00,1670.8
2023-06-14 03:00:00,1737.4
2023-06-14 04:00:00,1807.7
2023-06-14 05:00:00,1831.8
2023-06-14 06:00:00,1844.4
2023-06-14 07:00:00,1890.8
2023-06-14 08:00:00,1892.5
2023-06-14 09:00:00,1994.9
2023-06-14 10:00:00,2029.8
2023-06-14 11:00:00,1985.7
2023-06-14 12:00:00,2061.6
2023-06-14 13:00:00,1956.4
2023-06-14 14:00:00,1922.5
2023-06-14 15:00:00,1913.2
2023-06-14 16:00:00,1895.2
2023-06-14 17:00:00,1933.4
2023-06-14 18:00:00,1815.4
2023-06-14 19:00:00,1757.8
2023-06-14 20:00:00,1719.3
2023-06-14 21:00:00,1748.2
2023-06-14 22:00:00,1719.1
2023-06-14 23:00:00,1658.7
2023-06-15 00:00:00,1611.1
2023-06-15 01:00:00,1637.9
2023-06-15 02:00:00,1737.8
2023-06-15 03:00:00,1730.2
2023-06-15 04:00:00,1742.2
2023-06-15 05:00:00,1832.2
2023-06-15 06:00:00,1873.6
2023-06-15 07:00:00,1852.5
2023-06-15 08:00:00,1889.3
2023-06-15 09:00:00,1903.7
2023-06-15 10:00:00,1936.7
2023-06-15 11:00:00,1916.1
2023-06-15 12:00:00,1921.6
2023-06-15 13:00:00,1910.1
2023-06-15 14:00:00,1980.1
2023-06-15 15:00:00,1877.7
2023-06-15 16:00:00,1953.0
2023-06-15 17:00:00,1837.4
2023-06-15 18:00:00,1873.8
2023-06-15 19:00:00,1773.2
2023-06-15 20:00:00,1702.3
2023-06-15 21:00:00,1758.2
2023-06-15 22:00:00,1739.5
2023-06-15 23:00:00,1656.9
2023-06-16 00:00:00,1670.8
2023-06-16 01:00:00,1660.5
2023-06-16 02:00:00,1700.9
2023-06-16 03:00:00,1733.6
2023-06-16 04:00:00,1752.9
2023-06-16 05:00:00,1747.2
2023-06-16 06:00:00,1825.4
2023-06-16 07:00:00,1905.1
2023-06-16 08:00:00,1916.2
2023-06-16 09:00:00,1946.1
2023-06-16 10:00:00,1954.3
2023-06-16 11:00:00,1981.5
2023-06-16 12:00:00,2049.7
2023-06-16 13:00:00,1970.8
2023-06-16 14:00:00,2014.3
2023-06-16 15:00:00,1973.0
2023-06-16 16:00:00,1950.6
2023-06-16 17:00:00,1887.9
2023-06-16 18:00:00,1863.3
2023-06-16 19:00:00,1837.7
2023-06-16 20:00:00,1788.9
2023-06-16 21:00:00,1786.3
2023-06-16 22:00:00,1769.2
2023-06-16 23:00:00,1808.5
2023-06-17 00:00:00,1749.5
2023-06-17 01:00:00,1691.8
2023-06-17 02:00:00,1801.9
2023-06-17 03:00:00,1787.6
2023-06-17 04:00:00,1888.1
2023-06-17 05:00:00,1910.9
2023-06-17 06:00:00,1893.2
2023-06-17 07:00:00,1971.7
2023-06-17 08:00:00,1971.2
2023-06-17 09:00:00,2022.9
2023-06-17 10:00:00,2069.7
2023-06-17 11:00:00,2100.4
2023-06-17 12:00:00,2101.6
2023-06-17 13:00:00,2074.5
2023-06-17 14:00:00,2134.3
2023-06-17 15:00:00,2027.5
2023-06-17 16:00:00,1961.6
2023-06-17 17:00:00,1933.5
2023-06-17 18:00:00,1983.6
2023-06-17 19:00:00,1900.5
2023-06-17 20:00:00,1873.5
2023-06-17 21:00:00,1823.5
2023-06-17 22:00:00,1804.3
2023-06-17 23:00:00,1781.2
2023-06-18 00:00:00,1815.7
2023-06-18 01:00:00,1805.5
2023-06-18 02:00:00,1838.1
2023-06-18 03:00:00,1860.6
2023-06-18 04:00:00,1870.2
2023-06-18 05:00:00,1876.7
2023-06-18 06:00:00,1914.2
2023-06-18 07:00:00,2091.3
2023-06-18 08:00:00,2082.1
2023-06-18 09:00:00,2110.0
2023-06-18 10:00:00,2074.2
2023-06-18 11:00:00,2110.5
2023-06-18 12:00:00,2091.5
2023-06-18 13:00:00,2072.0
2023-06-18 14:00:00,2079.1
2023-06-18 15:00:00,2113.0
2023-06-18 16:00:00,2067.6
2023-06-18 17:00:00,1977.2
2023-06-18 18:00:00,1958.0
2023-06-18 19:00:00,1950.9
2023-06-18 20:00:00,1874.9
2023-06-18 21:00:00,1862.9
2023-06-18 22:00:00,1848.3
2023-06-18 23:00:00,1832.4
2023-06-19 00:00:00,1822.5
2023-06-19 01:00:00,1799.5
2023-06-19 02:00:00,1816.7
2023-06-19 03:00:00,1822.0
2023-06-19 04:00:00,1839.1
2023-06-19 05:00:00,1917.5
2023-06-19 06:00:00,1982.9
2023-06-19 07:00:00,1954.4
2023-06-19 08:00:00,2038.6
2023-06-19 09:00:00,2083.4
2023-06-19 10:00:00,2026.9
2023-06-19 11:00:00,2087.0
2023-06-19 12:00:00,2147.7
2023-06-19 13:00:00,2107.8
2023-06-19 14:00:00,2018.0
2023-06-19 15:00:00,2067.9
2023-06-19 16:00:00,1992.4
2023-06-19 17:00:00,1997.1
2023-06-19 18:00:00,1914.4
2023-06-19 19:00:00,1892.2
2023-06-19 20:00:00,1839.0
2023-06-19 21:00:00,1821.6
2023-06-19 22:00:00,1778.0
2023-06-19 23:00:00,1770.6
2023-06-20 00:00:00,1734.1
2023-06-20 01:00:00,1786.4
2023-06-20 02:00:00,1789.1
2023-06-20 03:00:00,1756.3
2023-06-20 04:00:00,1862.7
2023-06-20 05:00:00,1860.8
2023-06-20 06:00:00,1906.8
2023-06-20 07:00:00,1960.7
2023-06-20 08:00:00,1980.8
2023-06-20 09:00:00,2033.9
2023-06-20 10:00:00,2010.9
2023-06-20 11:00:00,2062.6
2023-06-20 12:00:00,2037.3
2023-06-20 13:00:00,2040.7
2023-06-20 14:00:00,2019.5
2023-06-20 15:00:00,2017.7
2023-06-20 16:00:00,1968.0
2023-06-20 17:00:00,1893.8
2023-06-20 18:00:00,1846.0
2023-06-20 19:00:00,1822.0
2023-06-20 20:00:00,1761.5
2023-06-20 21:00:00,1718.8
2023-06-20 22:00:00,1659.7
2023-06-20 23:00:00,1659.3
2023-06-21 00:00:00,1757.4
2023-06-21 01:00:00,1680.5
2023-06-21 02:00:00,1769.6
2023-06-21 03:00:00,1745.7
2023-06-21 04:00:00,1760.6
2023-06-21 05:00:00,1750.7
2023-06-21 06:00:00,1832.3
2023-06-21 07:00:00,1925.3
2023-06-21 08:00:00,1949.1
2023-06-21 09:00:00,1939.4
2023-06-21 10:00:00,1918.4
2023-06-21 11:00:00,1937.1
2023-06-21 12:00:00,1943.3
2023-06-21 13:00:00,2000.2
2023-06-21 14:00:00,1994.0
2023-06-21 15:00:00,1925.4
2023-06-21 16:00:00,1877.7
2023-06-21 17:00:00,1895.5
2023-06-21 18:00:00,1779.5
2023-06-21 19:00:00,1770.2
2023-06-21 20:00:00,1745.1
2023-06-21 21:00:00,1673.2
2023-06-21 22:00:00,1655.1
2023-06-21 23:00:00,1636.9
2023-06-22 00:00:00,1694.9
2023-06-22 01:00:00,1714.2
2023-06-22 02:00:00,1674.6
2023-06-22 03:00:00,1686.5
2023-06-22 04:00:00,1707.2
2023-06-22 05:00:00,1761.2
2023-06-22 06:00:00,1783.3
2023-06-22 07:00:00,1835.7
2023-06-22 08:00:00,1887.2
2023-06-22 09:00:00,1893.9
2023-06-22 10:00:00,1924.6
2023-06-22 11:00:00,1940.1
2023-06-22 12:00:00,1941.7
2023-06-22 13:00:00,1933.5
2023-06-22 14:00:00,1955.4
2023-06-22 15:00:00,1856.4
2023-06-22 16:00:00,1926.7
2023-06-22 17:00:00,1848.4
2023-06-22 18:00:00,1824.9
2023-06-22 19:00:00,1790.8
2023-06-22 20:00:00,1713.0
2023-06-22 21:00:00,1677.2
2023-06-22 22:00:00,1651.4
2023-06-22 23:00:00,1661.6
2023-06-23 00:00:00,1686.6
2023-06-23 01:00:00,1655.0
2023-06-23 02:00:00,1707.7
2023-06-23 03:00:00,1644.2
2023-06-23 04:00:00,1736.8
2023-06-23 05:00:00,1821.7
2023-06-23 06:00:00,1822.6
2023-06-23 07:00:00,1844.0
2023-06-23 08:00:00,1887.7
2023-06-23 09:00:00,1850.0
2023-06-23 10:00:00,1936.8
2023-06-23 11:00:00,2016.4
2023-06-23 12:00:00,1974.9
2023-06-23 13:00:00,1975.9
2023-06-23 14:00:00,1907.6
2023-06-23 15:00:00,1907.5
2023-06-23 16:00:00,1963.8
2023-06-23 17:00:00,1913.2
2023-06-23 18:00:00,1819.8
2023-06-23 19:00:00,1803.8
2023-06-23 20:00:00,1788.5
2023-06-23 21:00:00,1725.3
2023-06-23 22:00:00,1680.1
2023-06-23 23:00:00,1723.4
2023-06-24 00:00:00,1743.1
2023-06-24 01:00:00,1751.7
2023-06-24 02:00:00,1778.1
2023-06-24 03:00:00,1732.0
2023-06-24 04:00:00,1814.3
2023-06-24 05:00:00,1843.5
2023-06-24 06:00:00,1890.6
2023-06-24 07:00:00,1928.5
2023-06-24 08:00:00,1954.0
2023-06-24 09:00:00,1917.1
2023-06-24 10:00:00,2069.0
2023-06-24 11:00:00,2061.7
2023-06-24 12:00:00,2015.0
2023-06-24 13:00:00,2071.2
2023-06-24 14:00:00,2031.2
2023-06-24 15:00:00,2010.6
2023-06-24 16:00:00,1971.5
2023-06-24 17:00:00,1976.8
2023-06-24 18:00:00,1900.2
2023-06-24 19:00:00,1854.7
2023-06-24 20:00:00,1887.5
2023-06-24 21:00:00,1819.2
2023-06-24 22:00:00,1798.2
2023-06-24 23:00:00,1810.4
2023-06-25 00:00:00,1766.3
2023-06-25 01:00:00,1779.1
2023-06-25 02:00:00,1818.9
2023-06-25 03:00:00,1788.9
2023-06-25 04:00:00,1874.3
2023-06-25 05:00:00,1882.5
2023-06-25 06:00:00,1970.9
2023-06-25 07:00:00,2001.7
2023-06-25 08:00:00,2034.9
2023-06-25 09:00:00,2006.3
2023-06-25 10:00:00,2076.1
2023-06-25 11:00:00,2059.6
2023-06-25 12:00:00,2099.5
2023-06-25 13:00:00,2026.6
2023-06-25 14:00:00,2035.2
2023-06-25 15:00:00,2093.6
2023-06-25 16:00:00,2038.1
2023-06-25 17:00:00,1980.3
2023-06-25 18:00:00,1924.8
2023-06-25 19:00:00,1880.6
2023-06-25 20:00:00,1882.7
2023-06-25 21:00:00,1834.9
2023-06-25 22:00:00,1867.3
2023-06-25 23:00:00,1799.8
2023-06-26 00:00:00,1801.3
2023-06-26 01:00:00,1762.2
2023-06-26 02:00:00,1807.1
2023-06-26 03:00:00,1846.0
2023-06-26 04:00:00,1859.4
2023-06-26 05:00:00,1891.0
2023-06-26 06:00:00,1952.9
2023-06-26 07:00:00,2025.9
2023-06-26 08:00:00,2019.4
2023-06-26 09:00:00,2078.8
2023-06-26 10:00:00,2085.3
2023-06-26 11:00:00,2112.3
2023-06-26 12:00:00,2064.7
2023-06-26 13:00:00,2069.6
2023-06-26 14:00:00,2052.7
2023-06-26 15:00:00,2049.2
2023-06-26 16:00:00,2023.2
2023-06-26 17:00:00,1964.7
2023-06-26 18:00:00,1946.0
2023-06-26 19:00:00,1861.6
2023-06-26 20:00:00,1866.3
2023-06-26 21:00:00,1836.6
2023-06-26 22:00:00,1799.9
2023-06-26 23:00:00,1765.9
2023-06-27 00:00:00,1775.4
2023-06-27 01:00:00,1729.5
2023-06-27 02:00:00,1774.4
2023-06-27 03:00:00,1798.4
2023-06-27 04:00:00,1777.6
2023-06-27 05:00:00,1865.0
2023-06-27 06:00:00,1849.1
2023-06-27 07:00:00,1909.5
2023-06-27 08:00:00,1956.7
2023-06-27 09:00:00,1961.6
2023-06-27 10:00:00,2006.7
2023-06-27 11:00:00,2018.2
2023-06-27 12:00:00,1993.6
2023-06-27 13:00:00,2027.0
2023-06-27 14:00:00,1969.0
2023-06-27 15:00:00,2033.7
2023-06-27 16:00:00,1927.6
2023-06-27 17:00:00,1856.5
2023-06-27 18:00:00,1820.3
2023-06-27 19:00:00,1842.4
2023-06-27 20:00:00,1756.6
2023-06-27 21:00:00,1694.0
2023-06-27 22:00:00,1733.7
2023-06-27 23:00:00,1677.8
2023-06-28 00:00:00,1702.0
2023-06-28 01:00:00,1712.8
2023-06-28 02:00:00,1705.2
2023-06-28 03:00:00,1790.0
2023-06-28 04:00:00,1694.9
2023-06-28 05:00:00,1755.7
2023-06-28 06:00:00,1809.0
2023-06-28 07:00:00,1920.9
2023-06-28 08:00:00,1940.9
2023-06-28 09:00:00,1954.4
2023-06-28 10:00:00,1913.6
2023-06-28 11:00:00,1930.0
2023-06-28 12:00:00,1928.6
2023-06-28 13:00:00,1922.9
2023-06-28 14:00:00,1974.4
2023-06-28 15:00:00,1896.7
2023-06-28 16:00:00,1868.0
2023-06-28 17:00:00,1856.8
2023-06-28 18:00:00,1743.4
2023-06-28 19:00:00,1754.7
2023-06-28 20:00:00,1682.8
2023-06-28 21:00:00,1674.7
2023-06-28 22:00:00,1641.1
2023-06-28 23:00:00,1623.6
2023-06-29 00:00:00,1643.6
2023-06-29 01:00:00,1647.9
2023-06-29 02:00:00,1649.1
2023-06-29 03:00:00,1690.1
2023-06-29 04:00:00,1683.6
2023-06-29 05:00:00,1766.1
2023-06-29 06:00:00,1778.1
2023-06-29 07:00:00,1808.6
2023-06-29 08:00:00,1835.5
2023-06-29 09:00:00,1883.3
2023-06-29 10:00:00,1970.8
2023-06-29 11:00:00,1928.2
2023-06-29 12:00:00,1901.4
2023-06-29 13:00:00,1958.8
2023-06-29 14:00:00,1902.8
2023-06-29 15:00:00,1902.5
2023-06-29 16:00:00,1845.7
2023-06-29 17:00:00,1867.2
2023-06-29 18:00:00,1773.4
2023-06-29 19:00:00,1795.5
2023-06-29 20:00:00,1687.2
2023-06-29 21:00:00,1680.3
2023-06-29 22:00:00,1708.8
2023-06-29 23:00:00,1658.5
2023-06-30 00:00:00,1718.2
2023-06-30 01:00:00,1648.9
2023-06-30 02:00:00,1681.6
2023-06-30 03:00:00,1756.8
2023-06-30 04:00:00,1687.4
2023-06-30 05:00:00,1722.0
2023-06-30 06:00:00,1788.3
2023-06-30 07:00:00,1877.7
2023-06-30 08:00:00,1843.5
2023-06-30 09:00:00,1943.2
2023-06-30 10:00:00,1967.4
2023-06-30 11:00:00,2029.5
2023-06-30 12:00:00,2008.1
2023-06-30 13:00:00,1985.2
2023-06-30 14:00:00,2002.7
2023-06-30 15:00:00,1957.0
2023-06-30 16:00:00,1898.7
2023-06-30 17:00:00,1844.8
2023-06-30 18:00:00,1826.0
2023-06-30 19:00:00,1805.9
2023-06-30 20:00:00,1779.1
2023-06-30 21:00:00,1681.6
2023-06-30 22:00:00,1718.1
2023-06-30 23:00:00,1713.4
2023-07-01 00:00:00,1726.8
2023-07-01 01:00:00,1767.2
2023-07-01 02:00:00,1741.8
2023-07-01 03:00:00,1735.7
2023-07-01 04:00:00,1742.4
2023-07-01 05:00:00,1856.6
2023-07-01 06:00:00,1851.5
2023-07-01 07:00:00,1945.2
2023-07-01 08:00:00,2000.1
2023-07-01 09:00:00,1945.7
2023-07-01 10:00:00,2035.2
2023-07-01 11:00:00,2075.0
2023-07-01 12:00:00,2074.5
2023-07-01 13:00:00,1978.5
2023-07-01 14:00:00,2003.4
2023-07-01 15:00:00,1969.2
2023-07-01 16:00:00,1994.6
2023-07-01 17:00:00,1957.5
2023-07-01 18:00:00,1827.6
2023-07-01 19:00:00,1862.9
2023-07-01 20:00:00,1861.9
2023-07-01 21:00:00,1813.3
2023-07-01 22:00:00,1791.4
2023-07-01 23:00:00,1763.0
2023-07-02 00:00:00,1738.9
2023-07-02 01:00:00,1777.0
2023-07-02 02:00:00,1795.7
2023-07-02 03:00:00,1838.0
2023-07-02 04:00:00,1872.9
2023-07-02 05:00:00,1892.1
2023-07-02 06:00:00,1962.5
2023-07-02 07:00:00,1958.4
2023-07-02 08:00:00,1963.5
2023-07-02 09:00:00,2053.2
2023-07-02 10:00:00,2067.3
2023-07-02 11:00:00,2094.2
2023-07-02 12:00:00,2047.1
2023-07-02 13:00:00,2134.1
2023-07-02 14:00:00,2087.1
2023-07-02 15:00:00,2033.6
2023-07-02 16:00:00,1983.3
2023-07-02 17:00:00,2007.6
2023-07-02 18:00:00,1903.4
2023-07-02 19:00:00,1965.3
2023-07-02 20:00:00,1842.6
2023-07-02 21:00:00,1881.2
2023-07-02 22:00:00,1799.7
2023-07-02 23:00:00,1837.1
2023-07-03 00:00:00,1761.8
2023-07-03 01:00:00,1788.7
2023-07-03 02:00:00,1826.4
2023-07-03 03:00:00,1844.9
2023-07-03 04:00:00,1888.0
2023-07-03 05:00:00,1875.3
2023-07-03 06:00:00,1929.9
2023-07-03 07:00:00,2002.2
2023-07-03 08:00:00,1978.3
2023-07-03 09:00:00,2046.0
2023-07-03 10:00:00,2044.4
2023-07-03 11:00:00,2070.3
2023-07-03 12:00:00,2069.8
2023-07-03 13:00:00,2036.5
2023-07-03 14:00:00,2035.3
2023-07-03 15:00:00,2021.5
2023-07-03 16:00:00,1980.7
2023-07-03 17:00:00,1992.5
2023-07-03 18:00:00,1934.4
2023-07-03 19:00:00,1871.5
2023-07-03 20:00:00,1801.2
2023-07-03 21:00:00,1765.7
2023-07-03 22:00:00,1823.1
2023-07-03 23:00:00,1715.9
2023-07-04 00:00:00,1741.8
2023-07-04 01:00:00,1751.5
2023-07-04 02:00:00,1743.4
2023-07-04 03:00:00,1743.6
2023-07-04 04:00:00,1778.3
2023-07-04 05:00:00,1818.7
2023-07-04 06:00:00,1849.6
2023-07-04 07:00:00,1946.5
2023-07-04 08:00:00,1939.5
2023-07-04 09:00:00,1952.1
2023-07-04 10:00:00,1991.8
2023-07-04 11:00:00,2020.5
2023-07-04 12:00:00,1992.2
2023-07-04 13:00:00,2021.4
2023-07-04 14:00:00,1938.1
2023-07-04 15:00:00,1984.5
2023-07-04 16:00:00,1915.0
2023-07-04 17:00:00,1874.6
2023-07-04 18:00:00,1813.4
2023-07-04 19:00:00,1755.5
2023-07-04 20:00:00,1703.2
2023-07-04 21:00:00,1696.3
2023-07-04 22:00:00,1710.1
2023-07-04 23:00:00,1645.8
2023-07-05 00:00:00,1620.2
2023-07-05 01:00:00,1641.8
2023-07-05 02:00:00,1669.8
2023-07-05 03:00:00,1692.1
2023-07-05 04:00:00,1727.1
2023-07-05 05:00:00,1795.6
2023-07-05 06:00:00,1838.4
2023-07-05 07:00:00,1897.5
2023-07-05 08:00:00,1822.5
2023-07-05 09:00:00,1874.4
2023-07-05 10:00:00,1942.7
2023-07-05 11:00:00,1921.0
2023-07-05 12:00:00,1963.6
2023-07-05 13:00:00,1936.9
2023-07-05 14:00:00,1961.3
2023-07-05 15:00:00,1919.6
2023-07-05 16:00:00,1887.5
2023-07-05 17:00:00,1805.5
2023-07-05 18:00:00,1774.7
2023-07-05 19:00:00,1728.3
2023-07-05 20:00:00,1654.9
2023-07-05 21:00:00,1712.0
2023-07-05 22:00:00,1665.4
2023-07-05 23:00:00,1616.7
2023-07-06 00:00:00,1660.3
2023-07-06 01:00:00,1606.7
2023-07-06 02:00:00,1584.8
2023-07-06 03:00:00,1693.5
2023-07-06 04:00:00,1655.7
2023-07-06 05:00:00,1724.1
2023-07-06 06:00:00,1774.8
2023-07-06 07:00:00,1818.9
2023-07-06 08:00:00,1869.1
2023-07-06 09:00:00,1892.3
2023-07-06 10:00:00,1915.5
2023-07-06 11:00:00,1890.7
2023-07-06 12:00:00,1928.9
2023-07-06 13:00:00,1870.4
2023-07-06 14:00:00,1948.2
2023-07-06 15:00:00,1836.2
2023-07-06 16:00:00,1837.8
2023-07-06 17:00:00,1773.5
2023-07-06 18:00:00,1753.5
2023-07-06 19:00:00,1738.2
2023-07-06 20:00:00,1687.2
2023-07-06 21:00:00,1707.7
2023-07-06 22:00:00,1657.9
2023-07-06 23:00:00,1623.9
2023-07-07 00:00:00,1630.4
2023-07-07 01:00:00,1677.9
2023-07-07 02:00:00,1685.5
2023-07-07 03:00:00,1649.8
2023-07-07 04:00:00,1696.7
2023-07-07 05:00:00,1769.7
2023-07-07 06:00:00,1807.1
2023-07-07 07:00:00,1806.1
2023-07-07 08:00:00,1898.6
2023-07-07 09:00:00,1882.9
2023-07-07 10:00:00,1975.0
2023-07-07 11:00:00,1969.3
2023-07-07 12:00:00,1927.1
2023-07-07 13:00:00,1942.7
2023-07-07 14:00:00,1929.9
2023-07-07 15:00:00,1930.0
2023-07-07 16:00:00,1890.7
2023-07-07 17:00:00,1829.1
2023-07-07 18:00:00,1785.6
2023-07-07 19:00:00,1807.9
2023-07-07 20:00:00,1766.7
2023-07-07 21:00:00,1733.1
2023-07-07 22:00:00,1717.1
2023-07-07 23:00:00,1678.3
2023-07-08 00:00:00,1700.2
2023-07-08 01:00:00,1778.9
2023-07-08 02:00:00,1755.8
2023-07-08 03:00:00,1738.7
2023-07-08 04:00:00,1765.5
2023-07-08 05:00:00,1734.5
2023-07-08 06:00:00,1894.0
2023-07-08 07:00:00,1927.2
2023-07-08 08:00:00,1926.2
2023-07-08 09:00:00,1933.4
2023-07-08 10:00:00,1968.2
2023-07-08 11:00:00,2033.9
2023-07-08 12:00:00,2025.6
2023-07-08 13:00:00,2046.5
2023-07-08 14:00:00,2015.9
2023-07-08 15:00:00,2020.9
2023-07-08 16:00:00,1974.4
2023-07-08 17:00:00,1954.3
2023-07-08 18:00:00,1830.2
2023-07-08 19:00:00,1819.3
2023-07-08 20:00:00,1811.3
2023-07-08 21:00:00,1825.6
2023-07-08 22:00:00,1827.8
2023-07-08 23:00:00,1753.4
2023-07-09 00:00:00,1736.7
2023-07-09 01:00:00,1703.2
2023-07-09 02:00:00,1804.4
2023-07-09 03:00:00,1787.4
2023-07-09 04:00:00,1925.1
2023-07-09 05:00:00,1851.7
2023-07-09 06:00:00,1977.1
2023-07-09 07:00:00,1976.4
2023-07-09 08:00:00,1960.4
2023-07-09 09:00:00,2030.2
2023-07-09 10:00:00,2071.0
2023-07-09 11:00:00,2056.9
2023-07-09 12:00:00,2094.5
2023-07-09 13:00:00,2089.2
2023-07-09 14:00:00,2068.1
2023-07-09 15:00:00,2026.2
2023-07-09 16:00:00,1960.5
2023-07-09 17:00:00,1957.4
2023-07-09 18:00:00,1926.1
2023-07-09 19:00:00,1825.6
2023-07-09 20:00:00,1850.5
2023-07-09 21:00:00,1811.1
2023-07-09 22:00:00,1750.7
2023-07-09 23:00:00,1764.1
2023-07-10 00:00:00,1758.9
2023-07-10 01:00:00,1830.4
2023-07-10 02:00:00,1793.2
2023-07-10 03:00:00,1840.5
2023-07-10 04:00:00,1835.8
2023-07-10 05:00:00,1818.1
2023-07-10 06:00:00,1931.9
2023-07-10 07:00:00,1929.4
2023-07-10 08:00:00,1973.7
2023-07-10 09:00:00,1981.6
2023-07-10 10:00:00,2037.5
2023-07-10 11:00:00,2080.4
2023-07-10 12:00:00,2079.7
2023-07-10 13:00:00,2092.2
2023-07-10 14:00:00,2079.3
2023-07-10 15:00:00,1940.1
2023-07-10 16:00:00,1932.4
2023-07-10 17:00:00,1875.4
2023-07-10 18:00:00,1907.4
2023-07-10 19:00:00,1826.4
2023-07-10 20:00:00,1793.8
2023-07-10 21:00:00,1768.3
2023-07-10 22:00:00,1759.8
2023-07-10 23:00:00,1686.1
2023-07-11 00:00:00,1685.0
2023-07-11 01:00:00,1725.1
2023-07-11 02:00:00,1773.1
2023-07-11 03:00:00,1757.4
2023-07-11 04:00:00,1762.5
2023-07-11 05:00:00,1755.0
2023-07-11 06:00:00,1883.9
2023-07-11 07:00:00,1869.0
2023-07-11 08:00:00,1889.8
2023-07-11 09:00:00,1900.8
2023-07-11 10:00:00,1929.8
2023-07-11 11:00:00,1956.1
2023-07-11 12:00:00,1979.8
2023-07-11 13:00:00,1942.5
2023-07-11 14:00:00,1966.3
2023-07-11 15:00:00,1926.4
2023-07-11 16:00:00,1966.3
2023-07-11 17:00:00,1809.3
2023-07-11 18:00:00,1823.4
2023-07-11 19:00:00,1782.0
2023-07-11 20:00:00,1706.7
2023-07-11 21:00:00,1706.5
2023-07-11 22:00:00,1700.0
2023-07-11 23:00:00,1661.9
2023-07-12 00:00:00,1692.7
2023-07-12 01:00:00,1588.1
2023-07-12 02:00:00,1640.5
2023-07-12 03:00:00,1731.2
2023-07-12 04:00:00,1742.8
2023-07-12 05:00:00,1765.3
2023-07-12 06:00:00,1822.4
2023-07-12 07:00:00,1764.3
2023-07-12 08:00:00,1879.6
2023-07-12 09:00:00,1916.4
2023-07-12 10:00:00,1886.4
2023-07-12 11:00:00,1998.0
2023-07-12 12:00:00,1928.1
2023-07-12 13:00:00,1849.4
2023-07-12 14:00:00,1909.8
2023-07-12 15:00:00,1851.2
2023-07-12 16:00:00,1875.0
2023-07-12 17:00:00,1818.8
2023-07-12 18:00:00,1744.2
2023-07-12 19:00:00,1767.0
2023-07-12 20:00:00,1712.7
2023-07-12 21:00:00,1627.5
2023-07-12 22:00:00,1622.9
2023-07-12 23:00:00,1627.1
2023-07-13 00:00:00,1594.7
2023-07-13 01:00:00,1600.0
2023-07-13 02:00:00,1625.6
2023-07-13 03:00:00,1615.8
2023-07-13 04:00:00,1611.5
2023-07-13 05:00:00,1721.6
2023-07-13 06:00:00,1693.4
2023-07-13 07:00:00,1762.1
2023-07-13 08:00:00,1775.0
2023-07-13 09:00:00,1809.9
2023-07-13 10:00:00,1896.3
2023-07-13 11:00:00,1892.3
2023-07-13 12:00:00,1896.8
2023-07-13 13:00:00,1860.6
2023-07-13 14:00:00,1866.2
2023-07-13 15:00:00,1874.1
2023-07-13 16:00:00,1831.2
2023-07-13 17:00:00,1822.3
2023-07-13 18:00:00,1788.9
2023-07-13 19:00:00,1714.8
2023-07-13 20:00:00,1632.0
2023-07-13 21:00:00,1635.2
2023-07-13 22:00:00,1632.7
2023-07-13 23:00:00,1599.0
2023-07-14 00:00:00,1587.3
2023-07-14 01:00:00,1627.9
2023-07-14 02:00:00,1715.6
2023-07-14 03:00:00,1653.9
2023-07-14 04:00:00,1701.6
2023-07-14 05:00:00,1700.6
2023-07-14 06:00:00,1818.3
2023-07-14 07:00:00,1848.4
2023-07-14 08:00:00,1884.8
2023-07-14 09:00:00,1934.9
2023-07-14 10:00:00,1907.6
2023-07-14 11:00:00,1928.9
2023-07-14 12:00:00,1997.0
2023-07-14 13:00:00,1962.2
2023-07-14 14:00:00,1864.3
2023-07-14 15:00:00,1923.4
2023-07-14 16:00:00,1864.0
2023-07-14 17:00:00,1875.0
2023-07-14 18:00:00,1824.3
2023-07-14 19:00:00,1723.8
2023-07-14 20:00:00,1750.8
2023-07-14 21:00:00,1720.9
2023-07-14 22:00:00,1704.5
2023-07-14 23:00:00,1698.8
2023-07-15 00:00:00,1724.2
2023-07-15 01:00:00,1699.7
2023-07-15 02:00:00,1705.9
2023-07-15 03:00:00,1766.4
2023-07-15 04:00:00,1833.1
2023-07-15 05:00:00,1832.3
2023-07-15 06:00:00,1852.7
2023-07-15 07:00:00,1901.2
2023-07-15 08:00:00,1934.8
2023-07-15 09:00:00,1961.5
2023-07-15 10:00:00,2052.5
2023-07-15 11:00:00,1982.7
2023-07-15 12:00:00,2047.6
2023-07-15 13:00:00,2006.6
2023-07-15 14:00:00,1953.5
2023-07-15 15:00:00,1970.9
2023-07-15 16:00:00,1931.5
2023-07-15 17:00:00,1931.4
2023-07-15 18:00:00,1880.3
2023-07-15 19:00:00,1810.3
2023-07-15 20:00:00,1851.0
2023-07-15 21:00:00,1810.6
2023-07-15 22:00:00,1803.6
2023-07-15 23:00:00,1750.1
2023-07-16 00:00:00,1738.6
2023-07-16 01:00:00,1767.6
2023-07-16 02:00:00,1745.8
2023-07-16 03:00:00,1792.4
2023-07-16 04:00:00,1815.8
2023-07-16 05:00:00,1814.8
2023-07-16 06:00:00,1902.5
2023-07-16 07:00:00,1925.4
2023-07-16 08:00:00,1968.6
2023-07-16 09:00:00,2018.8
2023-07-16 10:00:00,2070.8
2023-07-16 11:00:00,2022.9
2023-07-16 12:00:00,2044.0
2023-07-16 13:00:00,2026.5
2023-07-16 14:00:00,2010.0
2023-07-16 15:00:00,1993.5
2023-07-16 16:00:00,1974.6
2023-07-16 17:00:00,1962.0
2023-07-16 18:00:00,1915.1
2023-07-16 19:00:00,1834.9
2023-07-16 20:00:00,1869.0
2023-07-16 21:00:00,1827.0
2023-07-16 22:00:00,1747.3
2023-07-16 23:00:00,1795.5
2023-07-17 00:00:00,1762.8
2023-07-17 01:00:00,1752.6
2023-07-17 02:00:00,1782.1
2023-07-17 03:00:00,1793.4
2023-07-17 04:00:00,1840.5
2023-07-17 05:00:00,1864.7
2023-07-17 06:00:00,1886.4
2023-07-17 07:00:00,1873.2
2023-07-17 08:00:00,1984.4
2023-07-17 09:00:00,1986.8
2023-07-17 10:00:00,2043.4
2023-07-17 11:00:00,2047.7
2023-07-17 12:00:00,2026.0
2023-07-17 13:00:00,2060.1
2023-07-17 14:00:00,2018.4
2023-07-17 15:00:00,1991.2
2023-07-17 16:00:00,1948.8
2023-07-17 17:00:00,1965.0
2023-07-17 18:00:00,1851.9
2023-07-17 19:00:00,1822.3
2023-07-17 20:00:00,1756.2
2023-07-17 21:00:00,1781.4
2023-07-17 22:00:00,1715.7
2023-07-17 23:00:00,1701.3
2023-07-18 00:00:00,1692.1
2023-07-18 01:00:00,1711.8
2023-07-18 02:00:00,1684.5
2023-07-18 03:00:00,1675.7
2023-07-18 04:00:00,1784.8
2023-07-18 05:00:00,1740.9
2023-07-18 06:00:00,1865.8
2023-07-18 07:00:00,1922.7
2023-07-18 08:00:00,1904.2
2023-07-18 09:00:00,1976.1
2023-07-18 10:00:00,1957.1
2023-07-18 11:00:00,2017.8
2023-07-18 12:00:00,1958.1
2023-07-18 13:00:00,1892.7
2023-07-18 14:00:00,1943.2
2023-07-18 15:00:00,1969.9
2023-07-18 16:00:00,1900.6
2023-07-18 17:00:00,1829.9
2023-07-18 18:00:00,1813.3
2023-07-18 19:00:00,1790.8
2023-07-18 20:00:00,1720.0
2023-07-18 21:00:00,1767.3
2023-07-18 22:00:00,1646.3
2023-07-18 23:00:00,1674.0
2023-07-19 00:00:00,1658.9
2023-07-19 01:00:00,1617.4
2023-07-19 02:00:00,1637.9
2023-07-19 03:00:00,1702.4
2023-07-19 04:00:00,1704.7
2023-07-19 05:00:00,1744.1
2023-07-19 06:00:00,1721.3
2023-07-19 07:00:00,1826.5
2023-07-19 08:00:00,1849.3
2023-07-19 09:00:00,1867.5
2023-07-19 10:00:00,1902.0
2023-07-19 11:00:00,1891.8
2023-07-19 12:00:00,1889.4
2023-07-19 13:00:00,1892.9
2023-07-19 14:00:00,1869.4
2023-07-19 15:00:00,1923.2
2023-07-19 16:00:00,1852.4
2023-07-19 17:00:00,1758.3
2023-07-19 18:00:00,1808.2
2023-07-19 19:00:00,1694.0
2023-07-19 20:00:00,1670.4
2023-07-19 21:00:00,1664.3
2023-07-19 22:00:00,1553.4
2023-07-19 23:00:00,1589.5
2023-07-20 00:00:00,1573.5
2023-07-20 01:00:00,1601.2
2023-07-20 02:00:00,1620.6
2023-07-20 03:00:00,1630.5
2023-07-20 04:00:00,1659.8
2023-07-20 05:00:00,1731.4
2023-07-20 06:00:00,1747.2
2023-07-20 07:00:00,1778.2
2023-07-20 08:00:00,1817.6
2023-07-20 09:00:00,1899.5
2023-07-20 10:00:00,1873.8
2023-07-20 11:00:00,1868.6
2023-07-20 12:00:00,1832.4
2023-07-20 13:00:00,1842.1
2023-07-20 14:00:00,1856.9
2023-07-20 15:00:00,1844.7
2023-07-20 16:00:00,1801.1
2023-07-20 17:00:00,1793.2
2023-07-20 18:00:00,1728.0
2023-07-20 19:00:00,1680.0
2023-07-20 20:00:00,1691.0
2023-07-20 21:00:00,1684.1
2023-07-20 22:00:00,1587.5
2023-07-20 23:00:00,1614.7
2023-07-21 00:00:00,1546.9
2023-07-21 01:00:00,1566.7
2023-07-21 02:00:00,1610.2
2023-07-21 03:00:00,1687.7
2023-07-21 04:00:00,1663.5
2023-07-21 05:00:00,1700.7
2023-07-21 06:00:00,1767.3
2023-07-21 07:00:00,1808.4
2023-07-21 08:00:00,1822.3
2023-07-21 09:00:00,1938.9
2023-07-21 10:00:00,1897.7
2023-07-21 11:00:00,1926.5
2023-07-21 12:00:00,1918.8
2023-07-21 13:00:00,1941.6
2023-07-21 14:00:00,1953.1
2023-07-21 15:00:00,1944.8
2023-07-21 16:00:00,1843.8
2023-07-21 17:00:00,1866.3
2023-07-21 18:00:00,1813.7
2023-07-21 19:00:00,1790.5
2023-07-21 20:00:00,1725.2
2023-07-21 21:00:00,1694.1
2023-07-21 22:00:00,1706.9
2023-07-21 23:00:00,1695.4
2023-07-22 00:00:00,1711.5
2023-07-22 01:00:00,1678.5
2023-07-22 02:00:00,1687.2
2023-07-22 03:00:00,1643.4
2023-07-22 04:00:00,1702.8
2023-07-22 05:00:00,1778.3
2023-07-22 06:00:00,1798.8
2023-07-22 07:00:00,1897.9
2023-07-22 08:00:00,1873.1
2023-07-22 09:00:00,1931.2
2023-07-22 10:00:00,1958.9
2023-07-22 11:00:00,2026.6
2023-07-22 12:00:00,1980.0
2023-07-22 13:00:00,2009.3
2023-07-22 14:00:00,1989.1
2023-07-22 15:00:00,1989.0
2023-07-22 16:00:00,1958.7
2023-07-22 17:00:00,1898.4
2023-07-22 18:00:00,1812.0
2023-07-22 19:00:00,1819.3
2023-07-22 20:00:00,1791.6
2023-07-22 21:00:00,1771.8
2023-07-22 22:00:00,1719.3
2023-07-22 23:00:00,1762.5
2023-07-23 00:00:00,1725.4
2023-07-23 01:00:00,1704.3
2023-07-23 02:00:00,1734.8
2023-07-23 03:00:00,1831.8
2023-07-23 04:00:00,1826.4
2023-07-23 05:00:00,1875.4
2023-07-23 06:00:00,1852.8
2023-07-23 07:00:00,1903.4
2023-07-23 08:00:00,1940.8
2023-07-23 09:00:00,1998.8
2023-07-23 10:00:00,2012.8
2023-07-23 11:00:00,2019.0
2023-07-23 12:00:00,2028.5
2023-07-23 13:00:00,2011.1
2023-07-23 14:00:00,2014.9
2023-07-23 15:00:00,2030.2
2023-07-23 16:00:00,1920.5
2023-07-23 17:00:00,1940.2
2023-07-23 18:00:00,1932.4
2023-07-23 19:00:00,1846.5
2023-07-23 20:00:00,1799.7
2023-07-23 21:00:00,1811.9
2023-07-23 22:00:00,1730.3
2023-07-23 23:00:00,1743.6
2023-07-24 00:00:00,1707.3
2023-07-24 01:00:00,1686.7
2023-07-24 02:00:00,1752.3
2023-07-24 03:00:00,1741.7
2023-07-24 04:00:00,1809.2
2023-07-24 05:00:00,1878.0
2023-07-24 06:00:00,1937.7
2023-07-24 07:00:00,1922.2
2023-07-24 08:00:00,1984.6
2023-07-24 09:00:00,1995.5
2023-07-24 10:00:00,1994.1
2023-07-24 11:00:00,1961.1
2023-07-24 12:00:00,2070.8
2023-07-24 13:00:00,1983.4
2023-07-24 14:00:00,2039.3
2023-07-24 15:00:00,1987.9
2023-07-24 16:00:00,1909.3
2023-07-24 17:00:00,1909.4
2023-07-24 18:00:00,1922.8
2023-07-24 19:00:00,1863.6
2023-07-24 20:00:00,1763.5
2023-07-24 21:00:00,1723.8
2023-07-24 22:00:00,1721.7
2023-07-24 23:00:00,1696.1
2023-07-25 00:00:00,1729.2
2023-07-25 01:00:00,1717.7
2023-07-25 02:00:00,1656.8
2023-07-25 03:00:00,1742.3
2023-07-25 04:00:00,1751.3
2023-07-25 05:00:00,1791.0
2023-07-25 06:00:00,1833.2
2023-07-25 07:00:00,1897.5
2023-07-25 08:00:00,1924.1
2023-07-25 09:00:00,1900.2
2023-07-25 10:00:00,1941.8
2023-07-25 11:00:00,1942.0
2023-07-25 12:00:00,1907.0
2023-07-25 13:00:00,1946.0
2023-07-25 14:00:00,1986.6
2023-07-25 15:00:00,1853.0
2023-07-25 16:00:00,1869.5
2023-07-25 17:00:00,1829.3
2023-07-25 18:00:00,1797.8
2023-07-25 19:00:00,1718.5
2023-07-25 20:00:00,1665.5
2023-07-25 21:00:00,1632.9
2023-07-25 22:00:00,1687.4
2023-07-25 23:00:00,1600.2
2023-07-26 00:00:00,1606.8
2023-07-26 01:00:00,1687.3
2023-07-26 02:00:00,1614.4
2023-07-26 03:00:00,1667.9
2023-07-26 04:00:00,1718.0
2023-07-26 05:00:00,1750.2
2023-07-26 06:00:00,1716.2
2023-07-26 07:00:00,1771.1
2023-07-26 08:00:00,1835.5
2023-07-26 09:00:00,1913.1
2023-07-26 10:00:00,1854.1
2023-07-26 11:00:00,1875.0
2023-07-26 12:00:00,1905.5
2023-07-26 13:00:00,1904.5
2023-07-26 14:00:00,1889.6
2023-07-26 15:00:00,1818.2
2023-07-26 16:00:00,1794.9
2023-07-26 17:00:00,1779.7
2023-07-26 18:00:00,1770.8
2023-07-26 19:00:00,1685.6
2023-07-26 20:00:00,1654.7
2023-07-26 21:00:00,1592.4
2023-07-26 22:00:00,1654.2
2023-07-26 23:00:00,1587.1
2023-07-27 00:00:00,1608.9
2023-07-27 01:00:00,1581.9
2023-07-27 02:00:00,1597.9
2023-07-27 03:00:00,1573.7
2023-07-27 04:00:00,1584.9
2023-07-27 05:00:00,1722.9
2023-07-27 06:00:00,1726.4
2023-07-27 07:00:00,1769.0
2023-07-27 08:00:00,1761.6
2023-07-27 09:00:00,1803.3
2023-07-27 10:00:00,1886.4
2023-07-27 11:00:00,1922.1
2023-07-27 12:00:00,1856.9
2023-07-27 13:00:00,1891.2
2023-07-27 14:00:00,1862.6
2023-07-27 15:00:00,1830.3
2023-07-27 16:00:00,1859.3
2023-07-27 17:00:00,1755.1
2023-07-27 18:00:00,1768.2
2023-07-27 19:00:00,1704.9
2023-07-27 20:00:00,1658.1
2023-07-27 21:00:00,1670.2
2023-07-27 22:00:00,1615.5
2023-07-27 23:00:00,1590.5
2023-07-28 00:00:00,1631.4
2023-07-28 01:00:00,1634.5
2023-07-28 02:00:00,1650.0
2023-07-28 03:00:00,1523.1
2023-07-28 04:00:00,1686.1
2023-07-28 05:00:00,1717.6
2023-07-28 06:00:00,1751.2
2023-07-28 07:00:00,1811.7
2023-07-28 08:00:00,1839.7
2023-07-28 09:00:00,1885.7
2023-07-28 10:00:00,1883.7
2023-07-28 11:00:00,1954.2
2023-07-28 12:00:00,1940.3
2023-07-28 13:00:00,1930.7
2023-07-28 14:00:00,1917.0
2023-07-28 15:00:00,1915.8
2023-07-28 16:00:00,1883.4
2023-07-28 17:00:00,1816.0
2023-07-28 18:00:00,1813.1
2023-07-28 19:00:00,1752.6
2023-07-28 20:00:00,1771.6
2023-07-28 21:00:00,1718.8
2023-07-28 22:00:00,1646.2
2023-07-28 23:00:00,1722.8
2023-07-29 00:00:00,1587.6
2023-07-29 01:00:00,1677.8
2023-07-29 02:00:00,1655.7
2023-07-29 03:00:00,1759.8
2023-07-29 04:00:00,1744.9
2023-07-29 05:00:00,1752.5
2023-07-29 06:00:00,1810.0
2023-07-29 07:00:00,1838.3
2023-07-29 08:00:00,1889.5
2023-07-29 09:00:00,1922.6
2023-07-29 10:00:00,1936.5
2023-07-29 11:00:00,1984.8
2023-07-29 12:00:00,1996.2
2023-07-29 13:00:00,1952.1
2023-07-29 14:00:00,1919.8
2023-07-29 15:00:00,1957.5
2023-07-29 16:00:00,1935.5
2023-07-29 17:00:00,1907.6
2023-07-29 18:00:00,1865.7
2023-07-29 19:00:00,1859.7
2023-07-29 20:00:00,1808.5
2023-07-29 21:00:00,1829.9
2023-07-29 22:00:00,1820.7
2023-07-29 23:00:00,1661.9
2023-07-30 00:00:00,1645.5
2023-07-30 01:00:00,1718.0
2023-07-30 02:00:00,1750.0
2023-07-30 03:00:00,1758.0
2023-07-30 04:00:00,1813.9
2023-07-30 05:00:00,1822.2
2023-07-30 06:00:00,1849.6
2023-07-30 07:00:00,1894.1
2023-07-30 08:00:00,1941.7
2023-07-30 09:00:00,2005.0
2023-07-30 10:00:00,1989.8
2023-07-30 11:00:00,2011.5
2023-07-30 12:00:00,2043.0
2023-07-30 13:00:00,2015.3
2023-07-30 14:00:00,2040.2
2023-07-30 15:00:00,1955.6
2023-07-30 16:00:00,1918.3
2023-07-30 17:00:00,1925.4
2023-07-30 18:00:00,1889.6
2023-07-30 19:00:00,1812.5
2023-07-30 20:00:00,1842.4
2023-07-30 21:00:00,1828.4
2023-07-30 22:00:00,1727.5
2023-07-30 23:00:00,1775.4
2023-07-31 00:00:00,1653.5
2023-07-31 01:00:00,1761.6
2023-07-31 02:00:00,1717.6
2023-07-31 03:00:00,1795.5
2023-07-31 04:00:00,1767.3
2023-07-31 05:00:00,1829.0
2023-07-31 06:00:00,1844.3
2023-07-31 07:00:00,1899.6
2023-07-31 08:00:00,1995.5
2023-07-31 09:00:00,1966.8
2023-07-31 10:00:00,2055.5
2023-07-31 11:00:00,1993.8
2023-07-31 12:00:00,2053.4
2023-07-31 13:00:00,1952.7
2023-07-31 14:00:00,1975.9
2023-07-31 15:00:00,1942.4
2023-07-31 16:00:00,1971.3
2023-07-31 17:00:00,1892.2
2023-07-31 18:00:00,1782.8
2023-07-31 19:00:00,1764.9
2023-07-31 20:00:00,1735.1
2023-07-31 21:00:00,1759.9
2023-07-31 22:00:00,1729.5
2023-07-31 23:00:00,1678.7
2023-08-01 00:00:00,1663.4
2023-08-01 01:00:00,1703.7
2023-08-01 02:00:00,1660.4
2023-08-01 03:00:00,1729.0
2023-08-01 04:00:00,1754.6
2023-08-01 05:00:00,1768.4
2023-08-01 06:00:00,1824.4
2023-08-01 07:00:00,1851.4
2023-08-01 08:00:00,1896.4
2023-08-01 09:00:00,1869.5
2023-08-01 10:00:00,1948.7
2023-08-01 11:00:00,1973.0
2023-08-01 12:00:00,1953.9
2023-08-01 13:00:00,1954.1
2023-08-01 14:00:00,1914.7
2023-08-01 15:00:00,1917.9
2023-08-01 16:00:00,1859.0
2023-08-01 17:00:00,1783.4
2023-08-01 18:00:00,1800.6
2023-08-01 19:00:00,1685.2
2023-08-01 20:00:00,1703.6
2023-08-01 21:00:00,1649.6
2023-08-01 22:00:00,1620.9
2023-08-01 23:00:00,1621.7
2023-08-02 00:00:00,1587.4
2023-08-02 01:00:00,1626.4
2023-08-02 02:00:00,1625.0
2023-08-02 03:00:00,1626.0
2023-08-02 04:00:00,1713.1
2023-08-02 05:00:00,1712.8
2023-08-02 06:00:00,1762.0
2023-08-02 07:00:00,1822.0
2023-08-02 08:00:00,1855.4
2023-08-02 09:00:00,1859.6
2023-08-02 10:00:00,1854.8
2023-08-02 11:00:00,1833.9
2023-08-02 12:00:00,1886.1
2023-08-02 13:00:00,1905.8
2023-08-02 14:00:00,1866.8
2023-08-02 15:00:00,1727.2
2023-08-02 16:00:00,1824.0
2023-08-02 17:00:00,1788.1
2023-08-02 18:00:00,1710.9
2023-08-02 19:00:00,1709.5
2023-08-02 20:00:00,1661.2
2023-08-02 21:00:00,1589.7
2023-08-02 22:00:00,1623.5
2023-08-02 23:00:00,1531.5
2023-08-03 00:00:00,1561.9
2023-08-03 01:00:00,1563.3
2023-08-03 02:00:00,1557.7
2023-08-03 03:00:00,1614.9
2023-08-03 04:00:00,1675.8
2023-08-03 05:00:00,1709.9
2023-08-03 06:00:00,1732.9
2023-08-03 07:00:00,1699.1
2023-08-03 08:00:00,1746.2
2023-08-03 09:00:00,1822.5
2023-08-03 10:00:00,1840.6
2023-08-03 11:00:00,1842.1
2023-08-03 12:00:00,1919.9
2023-08-03 13:00:00,1861.4
2023-08-03 14:00:00,1860.3
2023-08-03 15:00:00,1850.7
2023-08-03 16:00:00,1792.6
2023-08-03 17:00:00,1833.6
2023-08-03 18:00:00,1690.0
2023-08-03 19:00:00,1662.5
2023-08-03 20:00:00,1617.6
2023-08-03 21:00:00,1663.1
2023-08-03 22:00:00,1618.1
2023-08-03 23:00:00,1564.3
2023-08-04 00:00:00,1551.4
2023-08-04 01:00:00,1625.8
2023-08-04 02:00:00,1612.0
2023-08-04 03:00:00,1669.3
2023-08-04 04:00:00,1658.3
2023-08-04 05:00:00,1713.8
2023-08-04 06:00:00,1748.6
2023-08-04 07:00:00,1761.9
2023-08-04 08:00:00,1814.9
2023-08-04 09:00:00,1817.2
2023-08-04 10:00:00,1893.9
2023-08-04 11:00:00,1919.4
2023-08-04 12:00:00,1934.0
2023-08-04 13:00:00,1921.8
2023-08-04 14:00:00,1885.7
2023-08-04 15:00:00,1915.0
2023-08-04 16:00:00,1866.9
2023-08-04 17:00:00,1848.4
2023-08-04 18:00:00,1814.3
2023-08-04 19:00:00,1731.0
2023-08-04 20:00:00,1713.1
2023-08-04 21:00:00,1696.6
2023-08-04 22:00:00,1617.9
2023-08-04 23:00:00,1606.5
2023-08-05 00:00:00,1599.2
2023-08-05 01:00:00,1642.9
2023-08-05 02:00:00,1654.1
2023-08-05 03:00:00,1647.8
2023-08-05 04:00:00,1729.3
2023-08-05 05:00:00,1761.0
2023-08-05 06:00:00,1841.0
2023-08-05 07:00:00,1907.6
2023-08-05 08:00:00,1899.9
2023-08-05 09:00:00,1899.1
2023-08-05 10:00:00,1966.0
2023-08-05 11:00:00,1964.5
2023-08-05 12:00:00,1964.8
2023-08-05 13:00:00,1943.7
2023-08-05 14:00:00,1943.2
2023-08-05 15:00:00,1930.4
2023-08-05 16:00:00,1931.2
2023-08-05 17:00:00,1888.6
2023-08-05 18:00:00,1891.5
2023-08-05 19:00:00,1820.4
2023-08-05 20:00:00,1778.9
2023-08-05 21:00:00,1728.0
2023-08-05 22:00:00,1684.2
2023-08-05 23:00:00,1685.2
2023-08-06 00:00:00,1678.0
2023-08-06 01:00:00,1629.1
2023-08-06 02:00:00,1692.3
2023-08-06 03:00:00,1796.0
2023-08-06 04:00:00,1791.5
2023-08-06 05:00:00,1806.7
2023-08-06 06:00:00,1870.1
2023-08-06 07:00:00,1839.5
2023-08-06 08:00:00,1943.9
2023-08-06 09:00:00,2005.8
2023-08-06 10:00:00,1988.5
2023-08-06 11:00:00,1954.7
2023-08-06 12:00:00,2001.2
2023-08-06 13:00:00,2047.5
2023-08-06 14:00:00,2002.3
2023-08-06 15:00:00,1928.5
2023-08-06 16:00:00,2011.2
2023-08-06 17:00:00,1866.5
2023-08-06 18:00:00,1858.0
2023-08-06 19:00:00,1795.2
2023-08-06 20:00:00,1758.8
2023-08-06 21:00:00,1744.9
2023-08-06 22:00:00,1753.3
2023-08-06 23:00:00,1757.3
2023-08-07 00:00:00,1701.3
2023-08-07 01:00:00,1686.9
2023-08-07 02:00:00,1745.6
2023-08-07 03:00:00,1769.3
2023-08-07 04:00:00,1791.3
2023-08-07 05:00:00,1827.3
2023-08-07 06:00:00,1853.1
2023-08-07 07:00:00,1896.9
2023-08-07 08:00:00,1923.1
2023-08-07 09:00:00,1990.2
2023-08-07 10:00:00,2047.0
2023-08-07 11:00:00,1998.8
2023-08-07 12:00:00,1996.4
2023-08-07 13:00:00,1997.2
2023-08-07 14:00:00,1952.7
2023-08-07 15:00:00,1969.4
2023-08-07 16:00:00,1926.4
2023-08-07 17:00:00,1862.1
2023-08-07 18:00:00,1860.6
2023-08-07 19:00:00,1792.8
2023-08-07 20:00:00,1724.5
2023-08-07 21:00:00,1730.5
2023-08-07 22:00:00,1700.6
2023-08-07 23:00:00,1704.6
2023-08-08 00:00:00,1692.9
2023-08-08 01:00:00,1667.0
2023-08-08 02:00:00,1668.3
2023-08-08 03:00:00,1703.5
2023-08-08 04:00:00,1742.5
2023-08-08 05:00:00,1779.3
2023-08-08 06:00:00,1809.7
2023-08-08 07:00:00,1833.8
2023-08-08 08:00:00,1899.5
2023-08-08 09:00:00,1877.4
2023-08-08 10:00:00,1992.8
2023-08-08 11:00:00,1953.3
2023-08-08 12:00:00,1898.6
2023-08-08 13:00:00,1929.8
2023-08-08 14:00:00,1929.4
2023-08-08 15:00:00,1868.9
2023-08-08 16:00:00,1800.4
2023-08-08 17:00:00,1774.9
2023-08-08 18:00:00,1780.5
2023-08-08 19:00:00,1669.8
2023-08-08 20:00:00,1639.9
2023-08-08 21:00:00,1665.5
2023-08-08 22:00:00,1616.0
2023-08-08 23:00:00,1584.0
2023-08-09 00:00:00,1582.1
2023-08-09 01:00:00,1555.2
2023-08-09 02:00:00,1626.2
2023-08-09 03:00:00,1608.7
2023-08-09 04:00:00,1645.3
2023-08-09 05:00:00,1705.4
2023-08-09 06:00:00,1723.7
2023-08-09 07:00:00,1746.7
2023-08-09 08:00:00,1742.1
2023-08-09 09:00:00,1841.6
2023-08-09 10:00:00,1854.7
2023-08-09 11:00:00,1849.7
2023-08-09 12:00:00,1837.2
2023-08-09 13:00:00,1861.7
2023-08-09 14:00:00,1859.0
2023-08-09 15:00:00,1822.0
2023-08-09 16:00:00,1835.5
2023-08-09 17:00:00,1769.8
2023-08-09 18:00:00,1705.2
2023-08-09 19:00:00,1690.5
2023-08-09 20:00:00,1632.4
2023-08-09 21:00:00,1600.1
2023-08-09 22:00:00,1612.8
2023-08-09 23:00:00,1531.1
2023-08-10 00:00:00,1552.8
2023-08-10 01:00:00,1592.3
2023-08-10 02:00:00,1580.3
2023-08-10 03:00:00,1583.3
2023-08-10 04:00:00,1573.9
2023-08-10 05:00:00,1593.0
2023-08-10 06:00:00,1762.1
2023-08-10 07:00:00,1747.8
2023-08-10 08:00:00,1757.3
2023-08-10 09:00:00,1816.6
2023-08-10 10:00:00,1801.9
2023-08-10 11:00:00,1835.8
2023-08-10 12:00:00,1823.2
2023-08-10 13:00:00,1804.5
2023-08-10 14:00:00,1769.6
2023-08-10 15:00:00,1761.8
2023-08-10 16:00:00,1810.3
2023-08-10 17:00:00,1715.0
2023-08-10 18:00:00,1723.0
2023-08-10 19:00:00,1698.1
2023-08-10 20:00:00,1635.1
2023-08-10 21:00:00,1596.1
2023-08-10 22:00:00,1586.8
2023-08-10 23:00:00,1557.0
2023-08-11 00:00:00,1602.2
2023-08-11 01:00:00,1629.4
2023-08-11 02:00:00,1633.5
2023-08-11 03:00:00,1551.3
2023-08-11 04:00:00,1635.9
2023-08-11 05:00:00,1687.5
2023-08-11 06:00:00,1742.3
2023-08-11 07:00:00,1717.7
2023-08-11 08:00:00,1755.8
2023-08-11 09:00:00,1880.8
2023-08-11 10:00:00,1851.2
2023-08-11 11:00:00,1840.9
2023-08-11 12:00:00,1860.1
2023-08-11 13:00:00,1902.5
2023-08-11 14:00:00,1853.8
2023-08-11 15:00:00,1864.6
2023-08-11 16:00:00,1799.7
2023-08-11 17:00:00,1743.4
2023-08-11 18:00:00,1802.5
2023-08-11 19:00:00,1735.7
2023-08-11 20:00:00,1680.5
2023-08-11 21:00:00,1646.7
2023-08-11 22:00:00,1685.4
2023-08-11 23:00:00,1647.1
2023-08-12 00:00:00,1661.6
2023-08-12 01:00:00,1617.7
2023-08-12 02:00:00,1654.7
2023-08-12 03:00:00,1692.0
2023-08-12 04:00:00,1697.4
2023-08-12 05:00:00,1750.1
2023-08-12 06:00:00,1777.1
2023-08-12 07:00:00,1848.3
2023-08-12 08:00:00,1835.6
2023-08-12 09:00:00,1926.3
2023-08-12 10:00:00,1945.0
2023-08-12 11:00:00,1947.3
2023-08-12 12:00:00,1974.7
2023-08-12 13:00:00,1947.7
2023-08-12 14:00:00,1926.2
2023-08-12 15:00:00,1941.2
2023-08-12 16:00:00,1913.9
2023-08-12 17:00:00,1847.3
2023-08-12 18:00:00,1808.2
2023-08-12 19:00:00,1783.9
2023-08-12 20:00:00,1738.9
2023-08-12 21:00:00,1772.2
2023-08-12 22:00:00,1714.1
2023-08-12 23:00:00,1692.0
2023-08-13 00:00:00,1660.3
2023-08-13 01:00:00,1717.4
2023-08-13 02:00:00,1693.5
2023-08-13 03:00:00,1717.7
2023-08-13 04:00:00,1793.0
2023-08-13 05:00:00,1819.0
2023-08-13 06:00:00,1772.4
2023-08-13 07:00:00,1882.8
2023-08-13 08:00:00,1928.5
2023-08-13 09:00:00,1946.6
2023-08-13 10:00:00,1986.3
2023-08-13 11:00:00,1943.0
2023-08-13 12:00:00,1918.1
2023-08-13 13:00:00,1969.2
2023-08-13 14:00:00,1992.4
2023-08-13 15:00:00,1863.7
2023-08-13 16:00:00,1904.3
2023-08-13 17:00:00,1835.9
2023-08-13 18:00:00,1847.5
2023-08-13 19:00:00,1874.5
2023-08-13 20:00:00,1772.9
2023-08-13 21:00:00,1744.8
2023-08-13 22:00:00,1748.9
2023-08-13 23:00:00,1708.8
2023-08-14 00:00:00,1695.9
2023-08-14 01:00:00,1734.5
2023-08-14 02:00:00,1735.0
2023-08-14 03:00:00,1752.3
2023-08-14 04:00:00,1769.5
2023-08-14 05:00:00,1798.2
2023-08-14 06:00:00,1873.6
2023-08-14 07:00:00,1873.4
2023-08-14 08:00:00,1955.2
2023-08-14 09:00:00,1916.3
2023-08-14 10:00:00,2012.8
2023-08-14 11:00:00,1997.2
2023-08-14 12:00:00,1957.2
2023-08-14 13:00:00,1994.5
2023-08-14 14:00:00,1942.6
2023-08-14 15:00:00,1937.2
2023-08-14 16:00:00,1888.3
2023-08-14 17:00:00,1860.5
2023-08-14 18:00:00,1851.5
2023-08-14 19:00:00,1797.6
2023-08-14 20:00:00,1709.6
2023-08-14 21:00:00,1677.7
2023-08-14 22:00:00,1691.4
2023-08-14 23:00:00,1675.9
2023-08-15 00:00:00,1637.5
2023-08-15 01:00:00,1707.8
2023-08-15 02:00:00,1696.7
2023-08-15 03:00:00,1674.5
2023-08-15 04:00:00,1699.7
2023-08-15 05:00:00,1747.8
2023-08-15 06:00:00,1780.6
2023-08-15 07:00:00,1864.0
2023-08-15 08:00:00,1889.1
2023-08-15 09:00:00,1888.6
2023-08-15 10:00:00,1928.7
2023-08-15 11:00:00,1945.0
2023-08-15 12:00:00,1924.1
2023-08-15 13:00:00,1926.3
2023-08-15 14:00:00,1914.0
2023-08-15 15:00:00,1884.0
2023-08-15 16:00:00,1811.9
2023-08-15 17:00:00,1775.7
2023-08-15 18:00:00,1745.6
2023-08-15 19:00:00,1691.3
2023-08-15 20:00:00,1629.2
2023-08-15 21:00:00,1659.7
2023-08-15 22:00:00,1623.1
2023-08-15 23:00:00,1554.7
2023-08-16 00:00:00,1579.8
2023-08-16 01:00:00,1583.9
2023-08-16 02:00:00,1607.2
2023-08-16 03:00:00,1590.5
2023-08-16 04:00:00,1610.8
2023-08-16 05:00:00,1700.7
2023-08-16 06:00:00,1675.5
2023-08-16 07:00:00,1751.0
2023-08-16 08:00:00,1782.1
2023-08-16 09:00:00,1817.1
2023-08-16 10:00:00,1850.1
2023-08-16 11:00:00,1903.4
2023-08-16 12:00:00,1810.6
2023-08-16 13:00:00,1877.9
2023-08-16 14:00:00,1759.4
2023-08-16 15:00:00,1851.1
2023-08-16 16:00:00,1715.3
2023-08-16 17:00:00,1812.0
2023-08-16 18:00:00,1687.0
2023-08-16 19:00:00,1697.3
2023-08-16 20:00:00,1653.7
2023-08-16 21:00:00,1576.0
2023-08-16 22:00:00,1553.4
2023-08-16 23:00:00,1523.3
2023-08-17 00:00:00,1566.1
2023-08-17 01:00:00,1534.2
2023-08-17 02:00:00,1536.8
2023-08-17 03:00:00,1600.9
2023-08-17 04:00:00,1588.6
2023-08-17 05:00:00,1641.6
2023-08-17 06:00:00,1693.4
2023-08-17 07:00:00,1709.7
2023-08-17 08:00:00,1750.5
2023-08-17 09:00:00,1842.6
2023-08-17 10:00:00,1814.6
2023-08-17 11:00:00,1825.4
2023-08-17 12:00:00,1836.6
2023-08-17 13:00:00,1851.1
2023-08-17 14:00:00,1792.2
2023-08-17 15:00:00,1813.1
2023-08-17 16:00:00,1777.9
2023-08-17 17:00:00,1681.5
2023-08-17 18:00:00,1751.3
2023-08-17 19:00:00,1703.8
2023-08-17 20:00:00,1601.2
2023-08-17 21:00:00,1561.9
2023-08-17 22:00:00,1580.2
2023-08-17 23:00:00,1517.3
2023-08-18 00:00:00,1597.6
2023-08-18 01:00:00,1549.6
2023-08-18 02:00:00,1629.3
2023-08-18 03:00:00,1581.7
2023-08-18 04:00:00,1636.3
2023-08-18 05:00:00,1716.0
2023-08-18 06:00:00,1709.4
2023-08-18 07:00:00,1768.4
2023-08-18 08:00:00,1831.6
2023-08-18 09:00:00,1815.6
2023-08-18 10:00:00,1820.8
2023-08-18 11:00:00,1832.5
2023-08-18 12:00:00,1901.5
2023-08-18 13:00:00,1893.2
2023-08-18 14:00:00,1901.1
2023-08-18 15:00:00,1839.9
2023-08-18 16:00:00,1777.0
2023-08-18 17:00:00,1716.0
2023-08-18 18:00:00,1836.6
2023-08-18 19:00:00,1730.4
2023-08-18 20:00:00,1685.5
2023-08-18 21:00:00,1661.6
2023-08-18 22:00:00,1589.4
2023-08-18 23:00:00,1596.4
2023-08-19 00:00:00,1670.4
2023-08-19 01:00:00,1645.9
2023-08-19 02:00:00,1621.2
2023-08-19 03:00:00,1634.0
2023-08-19 04:00:00,1689.3
2023-08-19 05:00:00,1734.4
2023-08-19 06:00:00,1847.1
2023-08-19 07:00:00,1821.6
2023-08-19 08:00:00,1830.6
2023-08-19 09:00:00,1898.4
2023-08-19 10:00:00,1934.7
2023-08-19 11:00:00,1906.0
2023-08-19 12:00:00,1964.3
2023-08-19 13:00:00,1986.0
2023-08-19 14:00:00,1941.5
2023-08-19 15:00:00,1892.1
2023-08-19 16:00:00,1871.5
2023-08-19 17:00:00,1803.8
2023-08-19 18:00:00,1813.1
2023-08-19 19:00:00,1789.9
2023-08-19 20:00:00,1719.7
2023-08-19 21:00:00,1775.8
2023-08-19 22:00:00,1719.6
2023-08-19 23:00:00,1629.0
2023-08-20 00:00:00,1626.3
2023-08-20 01:00:00,1656.9
2023-08-20 02:00:00,1750.3
2023-08-20 03:00:00,1755.2
2023-08-20 04:00:00,1809.8
2023-08-20 05:00:00,1798.9
2023-08-20 06:00:00,1832.5
2023-08-20 07:00:00,1841.4
2023-08-20 08:00:00,1926.5
2023-08-20 09:00:00,1942.2
2023-08-20 10:00:00,1965.8
2023-08-20 11:00:00,2037.2
2023-08-20 12:00:00,1990.6
2023-08-20 13:00:00,2029.8
2023-08-20 14:00:00,1927.7
2023-08-20 15:00:00,2032.5
2023-08-20 16:00:00,1909.8
2023-08-20 17:00:00,1906.2
2023-08-20 18:00:00,1872.1
2023-08-20 19:00:00,1792.3
2023-08-20 20:00:00,1795.4
2023-08-20 21:00:00,1765.6
2023-08-20 22:00:00,1693.8
2023-08-20 23:00:00,1678.6
2023-08-21 00:00:00,1695.2
2023-08-21 01:00:00,1694.7
2023-08-21 02:00:00,1754.1
2023-08-21 03:00:00,1756.3
2023-08-21 04:00:00,1763.0
2023-08-21 05:00:00,1818.3
2023-08-21 06:00:00,1776.3
2023-08-21 07:00:00,1856.7
2023-08-21 08:00:00,1918.4
2023-08-21 09:00:00,1972.7
2023-08-21 10:00:00,1967.4
2023-08-21 11:00:00,2018.4
2023-08-21 12:00:00,2003.9
2023-08-21 13:00:00,1956.2
2023-08-21 14:00:00,1949.6
2023-08-21 15:00:00,1940.1
2023-08-21 16:00:00,1881.1
2023-08-21 17:00:00,1902.1
2023-08-21 18:00:00,1781.7
2023-08-21 19:00:00,1783.2
2023-08-21 20:00:00,1757.1
2023-08-21 21:00:00,1692.0
2023-08-21 22:00:00,1658.8
2023-08-21 23:00:00,1655.1
2023-08-22 00:00:00,1673.9
2023-08-22 01:00:00,1636.9
2023-08-22 02:00:00,1632.0
2023-08-22 03:00:00,1719.6
2023-08-22 04:00:00,1725.2
2023-08-22 05:00:00,1776.7
2023-08-22 06:00:00,1805.1
2023-08-22 07:00:00,1883.6
2023-08-22 08:00:00,1884.9
2023-08-22 09:00:00,1857.7
2023-08-22 10:00:00,1914.4
2023-08-22 11:00:00,1895.5
2023-08-22 12:00:00,1900.7
2023-08-22 13:00:00,1863.8
2023-08-22 14:00:00,1879.6
2023-08-22 15:00:00,1877.7
2023-08-22 16:00:00,1825.2
2023-08-22 17:00:00,1755.1
2023-08-22 18:00:00,1700.6
2023-08-22 19:00:00,1767.9
2023-08-22 20:00:00,1675.2
2023-08-22 21:00:00,1606.7
2023-08-22 22:00:00,1618.6
2023-08-22 23:00:00,1652.7
2023-08-23 00:00:00,1597.7
2023-08-23 01:00:00,1497.9
2023-08-23 02:00:00,1673.4
2023-08-23 03:00:00,1559.6
2023-08-23 04:00:00,1637.4
2023-08-23 05:00:00,1643.3
2023-08-23 06:00:00,1691.5
2023-08-23 07:00:00,1758.7
2023-08-23 08:00:00,1722.0
2023-08-23 09:00:00,1810.3
2023-08-23 10:00:00,1869.1
2023-08-23 11:00:00,1822.3
2023-08-23 12:00:00,1809.1
2023-08-23 13:00:00,1839.6
2023-08-23 14:00:00,1816.9
2023-08-23 15:00:00,1783.7
2023-08-23 16:00:00,1733.3
2023-08-23 17:00:00,1746.8
2023-08-23 18:00:00,1708.9
2023-08-23 19:00:00,1618.9
2023-08-23 20:00:00,1585.7
2023-08-23 21:00:00,1585.5
2023-08-23 22:00:00,1527.6
2023-08-23 23:00:00,1546.1
2023-08-24 00:00:00,1578.9
2023-08-24 01:00:00,1537.5
2023-08-24 02:00:00,1517.4
2023-08-24 03:00:00,1589.0
2023-08-24 04:00:00,1602.6
2023-08-24 05:00:00,1639.4
2023-08-24 06:00:00,1696.9
2023-08-24 07:00:00,1742.2
2023-08-24 08:00:00,1758.9
2023-08-24 09:00:00,1787.3
2023-08-24 10:00:00,1875.2
2023-08-24 11:00:00,1864.7
2023-08-24 12:00:00,1859.4
2023-08-24 13:00:00,1833.9
2023-08-24 14:00:00,1785.6
2023-08-24 15:00:00,1826.7
2023-08-24 16:00:00,1767.1
2023-08-24 17:00:00,1710.4
2023-08-24 18:00:00,1682.8
2023-08-24 19:00:00,1623.6
2023-08-24 20:00:00,1649.5
2023-08-24 21:00:00,1608.8
2023-08-24 22:00:00,1571.5
2023-08-24 23:00:00,1551.5
2023-08-25 00:00:00,1529.0
2023-08-25 01:00:00,1492.5
2023-08-25 02:00:00,1531.0
2023-08-25 03:00:00,1576.9
2023-08-25 04:00:00,1605.6
2023-08-25 05:00:00,1679.5
2023-08-25 06:00:00,1736.2
2023-08-25 07:00:00,1749.2
2023-08-25 08:00:00,1833.9
2023-08-25 09:00:00,1801.7
2023-08-25 10:00:00,1847.4
2023-08-25 11:00:00,1867.5
2023-08-25 12:00:00,1909.6
2023-08-25 13:00:00,1877.6
2023-08-25 14:00:00,1866.1
2023-08-25 15:00:00,1791.4
2023-08-25 16:00:00,1785.8
2023-08-25 17:00:00,1812.3
2023-08-25 18:00:00,1681.3
2023-08-25 19:00:00,1747.9
2023-08-25 20:00:00,1689.3
2023-08-25 21:00:00,1623.8
2023-08-25 22:00:00,1600.3
2023-08-25 23:00:00,1670.1
2023-08-26 00:00:00,1653.4
2023-08-26 01:00:00,1615.6
2023-08-26 02:00:00,1641.1
2023-08-26 03:00:00,1644.5
2023-08-26 04:00:00,1701.9
2023-08-26 05:00:00,1716.8
2023-08-26 06:00:00,1776.3
2023-08-26 07:00:00,1874.7
2023-08-26 08:00:00,1856.5
2023-08-26 09:00:00,1861.8
2023-08-26 10:00:00,1878.9
2023-08-26 11:00:00,1941.4
2023-08-26 12:00:00,1922.6
2023-08-26 13:00:00,1950.3
2023-08-26 14:00:00,1881.9
2023-08-26 15:00:00,1929.9
2023-08-26 16:00:00,1848.8
2023-08-26 17:00:00,1848.2
2023-08-26 18:00:00,1800.2
2023-08-26 19:00:00,1825.4
2023-08-26 20:00:00,1745.0
2023-08-26 21:00:00,1769.3
2023-08-26 22:00:00,1705.9
2023-08-26 23:00:00,1718.8
2023-08-27 00:00:00,1666.6
2023-08-27 01:00:00,1690.1
2023-08-27 02:00:00,1733.0
2023-08-27 03:00:00,1749.0
2023-08-27 04:00:00,1770.4
2023-08-27 05:00:00,1782.2
2023-08-27 06:00:00,1827.4
2023-08-27 07:00:00,1906.3
2023-08-27 08:00:00,1949.9
2023-08-27 09:00:00,1923.8
2023-08-27 10:00:00,1944.0
2023-08-27 11:00:00,1955.0
2023-08-27 12:00:00,2012.8
2023-08-27 13:00:00,1955.5
2023-08-27 14:00:00,1993.4
2023-08-27 15:00:00,1961.7
2023-08-27 16:00:00,1898.2
2023-08-27 17:00:00,1925.4
2023-08-27 18:00:00,1795.8
2023-08-27 19:00:00,1850.6
2023-08-27 20:00:00,1774.0
2023-08-27 21:00:00,1670.8
2023-08-27 22:00:00,1756.5
2023-08-27 23:00:00,1722.4
2023-08-28 00:00:00,1674.7
2023-08-28 01:00:00,1662.9
2023-08-28 02:00:00,1658.9
2023-08-28 03:00:00,1801.3
2023-08-28 04:00:00,1731.2
2023-08-28 05:00:00,1756.0
2023-08-28 06:00:00,1839.5
2023-08-28 07:00:00,1819.7
2023-08-28 08:00:00,1874.1
2023-08-28 09:00:00,1962.9
2023-08-28 10:00:00,1969.2
2023-08-28 11:00:00,1956.9
2023-08-28 12:00:00,1972.3
2023-08-28 13:00:00,1951.4
2023-08-28 14:00:00,1945.8
2023-08-28 15:00:00,1898.9
2023-08-28 16:00:00,1871.1
2023-08-28 17:00:00,1831.7
2023-08-28 18:00:00,1787.1
2023-08-28 19:00:00,1799.0
2023-08-28 20:00:00,1752.1
2023-08-28 21:00:00,1667.4
2023-08-28 22:00:00,1633.1
2023-08-28 23:00:00,1646.6
2023-08-29 00:00:00,1708.2
2023-08-29 01:00:00,1615.1
2023-08-29 02:00:00,1653.2
2023-08-29 03:00:00,1681.7
2023-08-29 04:00:00,1704.0
2023-08-29 05:00:00,1726.8
2023-08-29 06:00:00,1811.1
2023-08-29 07:00:00,1825.9
2023-08-29 08:00:00,1870.9
2023-08-29 09:00:00,1891.3
2023-08-29 10:00:00,1921.2
2023-08-29 11:00:00,1953.9
2023-08-29 12:00:00,1948.4
2023-08-29 13:00:00,1970.1
2023-08-29 14:00:00,1918.9
2023-08-29 15:00:00,1835.4
2023-08-29 16:00:00,1846.9
2023-08-29 17:00:00,1803.6
2023-08-29 18:00:00,1798.1
2023-08-29 19:00:00,1669.7
2023-08-29 20:00:00,1676.4
2023-08-29 21:00:00,1605.3
2023-08-29 22:00:00,1614.4
2023-08-29 23:00:00,1574.9
2023-08-30 00:00:00,1587.8
2023-08-30 01:00:00,1533.5
2023-08-30 02:00:00,1612.0
2023-08-30 03:00:00,1615.6
2023-08-30 04:00:00,1642.5
2023-08-30 05:00:00,1730.2
2023-08-30 06:00:00,1696.6
2023-08-30 07:00:00,1754.9
2023-08-30 08:00:00,1781.5
2023-08-30 09:00:00,1813.4
2023-08-30 10:00:00,1895.8
2023-08-30 11:00:00,1844.0
2023-08-30 12:00:00,1828.3
2023-08-30 13:00:00,1894.5
2023-08-30 14:00:00,1812.4
2023-08-30 15:00:00,1747.9
2023-08-30 16:00:00,1741.2
2023-08-30 17:00:00,1688.4
2023-08-30 18:00:00,1631.6
2023-08-30 19:00:00,1634.6
2023-08-30 20:00:00,1606.1
2023-08-30 21:00:00,1611.4
2023-08-30 22:00:00,1570.1
2023-08-30 23:00:00,1552.9
2023-08-31 00:00:00,1502.7
2023-08-31 01:00:00,1560.6
2023-08-31 02:00:00,1590.2
2023-08-31 03:00:00,1583.7
2023-08-31 04:00:00,1615.3
2023-08-31 05:00:00,1600.7
2023-08-31 06:00:00,1709.0
2023-08-31 07:00:00,1769.7
2023-08-31 08:00:00,1762.3
2023-08-31 09:00:00,1766.1
2023-08-31 10:00:00,1803.2
2023-08-31 11:00:00,1810.9
2023-08-31 12:00:00,1818.4
2023-08-31 13:00:00,1844.3
2023-08-31 14:00:00,1819.0
2023-08-31 15:00:00,1817.9
2023-08-31 16:00:00,1768.8
2023-08-31 17:00:00,1696.7
2023-08-31 18:00:00,1670.0
2023-08-31 19:00:00,1630.6
2023-08-31 20:00:00,1607.2
2023-08-31 21:00:00,1637.1
2023-08-31 22:00:00,1619.7
2023-08-31 23:00:00,1572.8
2023-09-01 00:00:00,1548.0
2023-09-01 01:00:00,1510.6
2023-09-01 02:00:00,1575.0
2023-09-01 03:00:00,1570.6
2023-09-01 04:00:00,1676.4
2023-09-01 05:00:00,1617.7
2023-09-01 06:00:00,1718.5
2023-09-01 07:00:00,1721.9
2023-09-01 08:00:00,1786.4
2023-09-01 09:00:00,1840.3
2023-09-01 10:00:00,1877.3
2023-09-01 11:00:00,1862.4
2023-09-01 12:00:00,1894.8
2023-09-01 13:00:00,1849.7
2023-09-01 14:00:00,1864.7
2023-09-01 15:00:00,1866.4
2023-09-01 16:00:00,1818.0
2023-09-01 17:00:00,1758.8
2023-09-01 18:00:00,1730.4
2023-09-01 19:00:00,1733.3
2023-09-01 20:00:00,1636.9
2023-09-01 21:00:00,1613.2
2023-09-01 22:00:00,1638.7
2023-09-01 23:00:00,1595.4
2023-09-02 00:00:00,1562.9
2023-09-02 01:00:00,1655.1
2023-09-02 02:00:00,1599.5
2023-09-02 03:00:00,1653.3
2023-09-02 04:00:00,1674.7
2023-09-02 05:00:00,1723.5
2023-09-02 06:00:00,1747.6
2023-09-02 07:00:00,1837.3
2023-09-02 08:00:00,1858.2
2023-09-02 09:00:00,1918.3
2023-09-02 10:00:00,1897.1
2023-09-02 11:00:00,1997.1
2023-09-02 12:00:00,1883.8
2023-09-02 13:00:00,1890.9
2023-09-02 14:00:00,1978.7
2023-09-02 15:00:00,1919.0
2023-09-02 16:00:00,1886.5
2023-09-02 17:00:00,1855.4
2023-09-02 18:00:00,1823.1
2023-09-02 19:00:00,1778.4
2023-09-02 20:00:00,1706.5
2023-09-02 21:00:00,1731.1
2023-09-02 22:00:00,1704.6
2023-09-02 23:00:00,1714.6
2023-09-03 00:00:00,1721.5
2023-09-03 01:00:00,1685.4
2023-09-03 02:00:00,1655.3
2023-09-03 03:00:00,1770.8
2023-09-03 04:00:00,1719.7
2023-09-03 05:00:00,1798.0
2023-09-03 06:00:00,1820.3
2023-09-03 07:00:00,1855.1
2023-09-03 08:00:00,1928.3
2023-09-03 09:00:00,1944.7
2023-09-03 10:00:00,1977.6
2023-09-03 11:00:00,1953.5
2023-09-03 12:00:00,1978.6
2023-09-03 13:00:00,1956.2
2023-09-03 14:00:00,1958.8
2023-09-03 15:00:00,1937.7
2023-09-03 16:00:00,1965.8
2023-09-03 17:00:00,1866.7
2023-09-03 18:00:00,1771.9
2023-09-03 19:00:00,1838.6
2023-09-03 20:00:00,1773.9
2023-09-03 21:00:00,1725.1
2023-09-03 22:00:00,1691.7
2023-09-03 23:00:00,1660.9
2023-09-04 00:00:00,1741.7
2023-09-04 01:00:00,1689.5
2023-09-04 02:00:00,1650.0
2023-09-04 03:00:00,1734.8
2023-09-04 04:00:00,1791.2
2023-09-04 05:00:00,1794.7
2023-09-04 06:00:00,1800.5
2023-09-04 07:00:00,1835.3
2023-09-04 08:00:00,1872.2
2023-09-04 09:00:00,1974.9
2023-09-04 10:00:00,1949.3
2023-09-04 11:00:00,1914.3
2023-09-04 12:00:00,1979.5
2023-09-04 13:00:00,1965.1
2023-09-04 14:00:00,1930.5
2023-09-04 15:00:00,1887.4
2023-09-04 16:00:00,1852.8
2023-09-04 17:00:00,1878.9
2023-09-04 18:00:00,1812.6
2023-09-04 19:00:00,1778.3
2023-09-04 20:00:00,1732.7
2023-09-04 21:00:00,1701.6
2023-09-04 22:00:00,1651.3
2023-09-04 23:00:00,1641.6
2023-09-05 00:00:00,1674.9
2023-09-05 01:00:00,1684.8
2023-09-05 02:00:00,1617.9
2023-09-05 03:00:00,1669.3
2023-09-05 04:00:00,1728.9
2023-09-05 05:00:00,1793.5
2023-09-05 06:00:00,1826.4
2023-09-05 07:00:00,1785.0
2023-09-05 08:00:00,1880.3
2023-09-05 09:00:00,1871.9
2023-09-05 10:00:00,1922.3
2023-09-05 11:00:00,1926.6
2023-09-05 12:00:00,1867.2
2023-09-05 13:00:00,1913.5
2023-09-05 14:00:00,1909.1
2023-09-05 15:00:00,1851.5
2023-09-05 16:00:00,1810.7
2023-09-05 17:00:00,1731.8
2023-09-05 18:00:00,1757.7
2023-09-05 19:00:00,1701.7
2023-09-05 20:00:00,1628.7
2023-09-05 21:00:00,1612.7
2023-09-05 22:00:00,1600.5
2023-09-05 23:00:00,1561.3
2023-09-06 00:00:00,1570.3
2023-09-06 01:00:00,1520.1
2023-09-06 02:00:00,1625.5
2023-09-06 03:00:00,1606.7
2023-09-06 04:00:00,1601.8
2023-09-06 05:00:00,1594.8
2023-09-06 06:00:00,1735.9
2023-09-06 07:00:00,1758.2
2023-09-06 08:00:00,1781.7
2023-09-06 09:00:00,1830.2
2023-09-06 10:00:00,1851.9
2023-09-06 11:00:00,1844.9
2023-09-06 12:00:00,1834.6
2023-09-06 13:00:00,1822.8
2023-09-06 14:00:00,1831.2
2023-09-06 15:00:00,1835.0
2023-09-06 16:00:00,1757.4
2023-09-06 17:00:00,1767.1
2023-09-06 18:00:00,1693.9
2023-09-06 19:00:00,1654.0
2023-09-06 20:00:00,1677.4
2023-09-06 21:00:00,1622.7
2023-09-06 22:00:00,1598.7
2023-09-06 23:00:00,1508.6
2023-09-07 00:00:00,1592.5
2023-09-07 01:00:00,1528.7
2023-09-07 02:00:00,1538.8
2023-09-07 03:00:00,1504.3
2023-09-07 04:00:00,1609.7
2023-09-07 05:00:00,1603.4
2023-09-07 06:00:00,1686.9
2023-09-07 07:00:00,1678.6
2023-09-07 08:00:00,1803.8
2023-09-07 09:00:00,1797.7
2023-09-07 10:00:00,1873.8
2023-09-07 11:00:00,1790.2
2023-09-07 12:00:00,1873.1
2023-09-07 13:00:00,1768.1
2023-09-07 14:00:00,1814.3
2023-09-07 15:00:00,1766.2
2023-09-07 16:00:00,1741.6
2023-09-07 17:00:00,1704.5
2023-09-07 18:00:00,1655.0
2023-09-07 19:00:00,1607.2
2023-09-07 20:00:00,1597.0
2023-09-07 21:00:00,1584.2
2023-09-07 22:00:00,1593.4
2023-09-07 23:00:00,1554.1
2023-09-08 00:00:00,1576.9
2023-09-08 01:00:00,1504.6
2023-09-08 02:00:00,1552.9
2023-09-08 03:00:00,1613.2
2023-09-08 04:00:00,1635.3
2023-09-08 05:00:00,1637.6
2023-09-08 06:00:00,1732.6
2023-09-08 07:00:00,1729.8
2023-09-08 08:00:00,1761.0
2023-09-08 09:00:00,1832.5
2023-09-08 10:00:00,1844.5
2023-09-08 11:00:00,1846.2
2023-09-08 12:00:00,1853.0
2023-09-08 13:00:00,1835.2
2023-09-08 14:00:00,1843.2
2023-09-08 15:00:00,1867.0
2023-09-08 16:00:00,1813.1
2023-09-08 17:00:00,1801.3
2023-09-08 18:00:00,1752.1
2023-09-08 19:00:00,1682.3
2023-09-08 20:00:00,1618.0
2023-09-08 21:00:00,1611.5
2023-09-08 22:00:00,1598.3
2023-09-08 23:00:00,1584.0
2023-09-09 00:00:00,1633.8
2023-09-09 01:00:00,1641.6
2023-09-09 02:00:00,1696.8
2023-09-09 03:00:00,1634.3
2023-09-09 04:00:00,1739.2
2023-09-09 05:00:00,1778.1
2023-09-09 06:00:00,1765.1
2023-09-09 07:00:00,1828.0
2023-09-09 08:00:00,1890.1
2023-09-09 09:00:00,1885.0
2023-09-09 10:00:00,1909.3
2023-09-09 11:00:00,1912.4
2023-09-09 12:00:00,1868.2
2023-09-09 13:00:00,1938.7
2023-09-09 14:00:00,1902.9
2023-09-09 15:00:00,1870.6
2023-09-09 16:00:00,1887.0
2023-09-09 17:00:00,1797.1
2023-09-09 18:00:00,1828.3
2023-09-09 19:00:00,1782.1
2023-09-09 20:00:00,1721.7
2023-09-09 21:00:00,1702.9
2023-09-09 22:00:00,1647.3
2023-09-09 23:00:00,1692.5
2023-09-10 00:00:00,1672.4
2023-09-10 01:00:00,1681.6
2023-09-10 02:00:00,1705.5
2023-09-10 03:00:00,1696.6
2023-09-10 04:00:00,1703.0
2023-09-10 05:00:00,1814.9
2023-09-10 06:00:00,1847.0
2023-09-10 07:00:00,1850.3
2023-09-10 08:00:00,1916.0
2023-09-10 09:00:00,1973.6
2023-09-10 10:00:00,1994.7
2023-09-10 11:00:00,1959.5
2023-09-10 12:00:00,1937.6
2023-09-10 13:00:00,1938.2
2023-09-10 14:00:00,1953.9
2023-09-10 15:00:00,1983.7
2023-09-10 16:00:00,1887.2
2023-09-10 17:00:00,1855.1
2023-09-10 18:00:00,1815.7
2023-09-10 19:00:00,1779.4
2023-09-10 20:00:00,1758.7
2023-09-10 21:00:00,1689.3
2023-09-10 22:00:00,1736.0
2023-09-10 23:00:00,1683.6
2023-09-11 00:00:00,1756.6
2023-09-11 01:00:00,1651.4
2023-09-11 02:00:00,1748.5
2023-09-11 03:00:00,1765.4
2023-09-11 04:00:00,1741.3
2023-09-11 05:00:00,1776.9
2023-09-11 06:00:00,1798.7
2023-09-11 07:00:00,1836.5
2023-09-11 08:00:00,1898.5
2023-09-11 09:00:00,1928.7
2023-09-11 10:00:00,1902.2
2023-09-11 11:00:00,2032.3
2023-09-11 12:00:00,1959.0
2023-09-11 13:00:00,1961.7
2023-09-11 14:00:00,1924.0
2023-09-11 15:00:00,1908.9
2023-09-11 16:00:00,1872.9
2023-09-11 17:00:00,1845.2
2023-09-11 18:00:00,1803.7
2023-09-11 19:00:00,1787.1
2023-09-11 20:00:00,1731.1
2023-09-11 21:00:00,1711.9
2023-09-11 22:00:00,1664.0
2023-09-11 23:00:00,1653.7
2023-09-12 00:00:00,1631.7
2023-09-12 01:00:00,1671.4
2023-09-12 02:00:00,1663.3
2023-09-12 03:00:00,1669.9
2023-09-12 04:00:00,1697.2
2023-09-12 05:00:00,1732.9
2023-09-12 06:00:00,1773.0
2023-09-12 07:00:00,1806.3
2023-09-12 08:00:00,1824.4
2023-09-12 09:00:00,1892.2
2023-09-12 10:00:00,1915.0
2023-09-12 11:00:00,1955.7
2023-09-12 12:00:00,1886.2
2023-09-12 13:00:00,1916.2
2023-09-12 14:00:00,1820.9
2023-09-12 15:00:00,1876.3
2023-09-12 16:00:00,1773.7
2023-09-12 17:00:00,1748.7
2023-09-12 18:00:00,1746.5
2023-09-12 19:00:00,1676.1
2023-09-12 20:00:00,1633.0
2023-09-12 21:00:00,1607.3
2023-09-12 22:00:00,1617.1
2023-09-12 23:00:00,1549.5
2023-09-13 00:00:00,1568.0
2023-09-13 01:00:00,1560.7
2023-09-13 02:00:00,1609.0
2023-09-13 03:00:00,1631.2
2023-09-13 04:00:00,1579.2
2023-09-13 05:00:00,1699.4
2023-09-13 06:00:00,1686.2
2023-09-13 07:00:00,1748.1
2023-09-13 08:00:00,1746.8
2023-09-13 09:00:00,1815.0
2023-09-13 10:00:00,1902.2
2023-09-13 11:00:00,1842.4
2023-09-13 12:00:00,1828.0
2023-09-13 13:00:00,1828.0
2023-09-13 14:00:00,1774.1
2023-09-13 15:00:00,1836.2
2023-09-13 16:00:00,1769.5
2023-09-13 17:00:00,1691.0
2023-09-13 18:00:00,1651.9
2023-09-13 19:00:00,1642.7
2023-09-13 20:00:00,1632.9
2023-09-13 21:00:00,1538.3
2023-09-13 22:00:00,1581.5
2023-09-13 23:00:00,1529.5
2023-09-14 00:00:00,1498.6
2023-09-14 01:00:00,1516.9
2023-09-14 02:00:00,1597.9
2023-09-14 03:00:00,1527.3
2023-09-14 04:00:00,1577.8
2023-09-14 05:00:00,1664.3
2023-09-14 06:00:00,1681.0
2023-09-14 07:00:00,1689.7
2023-09-14 08:00:00,1778.7
2023-09-14 09:00:00,1811.5
2023-09-14 10:00:00,1815.3
2023-09-14 11:00:00,1802.5
2023-09-14 12:00:00,1812.8
2023-09-14 13:00:00,1830.7
2023-09-14 14:00:00,1768.7
2023-09-14 15:00:00,1825.0
2023-09-14 16:00:00,1806.1
2023-09-14 17:00:00,1713.0
2023-09-14 18:00:00,1693.2
2023-09-14 19:00:00,1680.6
2023-09-14 20:00:00,1669.0
2023-09-14 21:00:00,1627.5
2023-09-14 22:00:00,1506.6
2023-09-14 23:00:00,1535.9
2023-09-15 00:00:00,1557.1
2023-09-15 01:00:00,1534.3
2023-09-15 02:00:00,1619.6
2023-09-15 03:00:00,1640.9
2023-09-15 04:00:00,1600.8
2023-09-15 05:00:00,1658.8
2023-09-15 06:00:00,1682.3
2023-09-15 07:00:00,1740.2
2023-09-15 08:00:00,1777.9
2023-09-15 09:00:00,1846.9
2023-09-15 10:00:00,1818.0
2023-09-15 11:00:00,1783.8
2023-09-15 12:00:00,1821.9
2023-09-15 13:00:00,1836.8
2023-09-15 14:00:00,1835.8
2023-09-15 15:00:00,1840.1
2023-09-15 16:00:00,1773.8
2023-09-15 17:00:00,1736.6
2023-09-15 18:00:00,1709.2
2023-09-15 19:00:00,1667.7
2023-09-15 20:00:00,1651.3
2023-09-15 21:00:00,1621.9
2023-09-15 22:00:00,1639.7
2023-09-15 23:00:00,1577.3
2023-09-16 00:00:00,1594.2
2023-09-16 01:00:00,1596.7
2023-09-16 02:00:00,1655.3
2023-09-16 03:00:00,1653.2
2023-09-16 04:00:00,1723.4
2023-09-16 05:00:00,1696.4
2023-09-16 06:00:00,1771.3
2023-09-16 07:00:00,1797.2
2023-09-16 08:00:00,1816.8
2023-09-16 09:00:00,1885.5
2023-09-16 10:00:00,1966.1
2023-09-16 11:00:00,1906.3
2023-09-16 12:00:00,1935.9
2023-09-16 13:00:00,1898.0
2023-09-16 14:00:00,1881.2
2023-09-16 15:00:00,1880.1
2023-09-16 16:00:00,1861.7
2023-09-16 17:00:00,1829.3
2023-09-16 18:00:00,1798.2
2023-09-16 19:00:00,1719.1
2023-09-16 20:00:00,1715.8
2023-09-16 21:00:00,1720.7
2023-09-16 22:00:00,1643.2
2023-09-16 23:00:00,1660.3
2023-09-17 00:00:00,1676.5
2023-09-17 01:00:00,1651.2
2023-09-17 02:00:00,1701.7
2023-09-17 03:00:00,1671.3
2023-09-17 04:00:00,1776.2
2023-09-17 05:00:00,1798.2
2023-09-17 06:00:00,1829.0
2023-09-17 07:00:00,1901.2
2023-09-17 08:00:00,1894.9
2023-09-17 09:00:00,1918.4
2023-09-17 10:00:00,2002.9
2023-09-17 11:00:00,2032.8
2023-09-17 12:00:00,1962.6
2023-09-17 13:00:00,1975.5
2023-09-17 14:00:00,1995.8
2023-09-17 15:00:00,1938.7
2023-09-17 16:00:00,1928.1
2023-09-17 17:00:00,1897.6
2023-09-17 18:00:00,1818.6
2023-09-17 19:00:00,1809.2
2023-09-17 20:00:00,1760.1
2023-09-17 21:00:00,1692.5
2023-09-17 22:00:00,1675.1
2023-09-17 23:00:00,1669.7
2023-09-18 00:00:00,1711.4
2023-09-18 01:00:00,1716.8
2023-09-18 02:00:00,1724.6
2023-09-18 03:00:00,1738.3
2023-09-18 04:00:00,1767.5
2023-09-18 05:00:00,1798.5
2023-09-18 06:00:00,1840.0
2023-09-18 07:00:00,1879.5
2023-09-18 08:00:00,1857.9
2023-09-18 09:00:00,1905.8
2023-09-18 10:00:00,1920.9
2023-09-18 11:00:00,1998.2
2023-09-18 12:00:00,2017.9
2023-09-18 13:00:00,1896.3
2023-09-18 14:00:00,1991.3
2023-09-18 15:00:00,1921.1
2023-09-18 16:00:00,1915.6
2023-09-18 17:00:00,1862.1
2023-09-18 18:00:00,1849.0
2023-09-18 19:00:00,1770.9
2023-09-18 20:00:00,1685.1
2023-09-18 21:00:00,1689.3
2023-09-18 22:00:00,1681.5
2023-09-18 23:00:00,1642.0
2023-09-19 00:00:00,1660.4
2023-09-19 01:00:00,1641.1
2023-09-19 02:00:00,1637.5
2023-09-19 03:00:00,1643.8
2023-09-19 04:00:00,1692.9
2023-09-19 05:00:00,1744.1
2023-09-19 06:00:00,1715.1
2023-09-19 07:00:00,1786.4
2023-09-19 08:00:00,1783.2
2023-09-19 09:00:00,1852.7
2023-09-19 10:00:00,1928.0
2023-09-19 11:00:00,1868.5
2023-09-19 12:00:00,1927.3
2023-09-19 13:00:00,1983.6
2023-09-19 14:00:00,1923.8
2023-09-19 15:00:00,1857.4
2023-09-19 16:00:00,1845.1
2023-09-19 17:00:00,1739.2
2023-09-19 18:00:00,1691.3
2023-09-19 19:00:00,1697.7
2023-09-19 20:00:00,1669.8
2023-09-19 21:00:00,1656.8
2023-09-19 22:00:00,1580.2
2023-09-19 23:00:00,1585.4
2023-09-20 00:00:00,1576.5
2023-09-20 01:00:00,1570.3
2023-09-20 02:00:00,1584.4
2023-09-20 03:00:00,1582.3
2023-09-20 04:00:00,1644.9
2023-09-20 05:00:00,1676.1
2023-09-20 06:00:00,1693.5
2023-09-20 07:00:00,1763.2
2023-09-20 08:00:00,1808.1
2023-09-20 09:00:00,1826.5
2023-09-20 10:00:00,1796.7
2023-09-20 11:00:00,1844.0
2023-09-20 12:00:00,1816.8
2023-09-20 13:00:00,1840.2
2023-09-20 14:00:00,1793.4
2023-09-20 15:00:00,1833.4
2023-09-20 16:00:00,1786.0
2023-09-20 17:00:00,1759.5
2023-09-20 18:00:00,1716.3
2023-09-20 19:00:00,1636.6
2023-09-20 20:00:00,1594.7
2023-09-20 21:00:00,1627.6
2023-09-20 22:00:00,1545.7
2023-09-20 23:00:00,1494.2
2023-09-21 00:00:00,1559.2
2023-09-21 01:00:00,1537.9
2023-09-21 02:00:00,1593.2
2023-09-21 03:00:00,1578.8
2023-09-21 04:00:00,1601.7
2023-09-21 05:00:00,1684.2
2023-09-21 06:00:00,1631.0
2023-09-21 07:00:00,1698.5
2023-09-21 08:00:00,1725.8
2023-09-21 09:00:00,1717.9
2023-09-21 10:00:00,1834.2
2023-09-21 11:00:00,1806.8
2023-09-21 12:00:00,1856.5
2023-09-21 13:00:00,1836.6
2023-09-21 14:00:00,1829.0
2023-09-21 15:00:00,1774.3
2023-09-21 16:00:00,1735.0
2023-09-21 17:00:00,1725.6
2023-09-21 18:00:00,1713.0
2023-09-21 19:00:00,1646.4
2023-09-21 20:00:00,1592.2
2023-09-21 21:00:00,1547.8
2023-09-21 22:00:00,1567.7
2023-09-21 23:00:00,1531.7
2023-09-22 00:00:00,1542.9
2023-09-22 01:00:00,1544.9
2023-09-22 02:00:00,1555.8
2023-09-22 03:00:00,1603.9
2023-09-22 04:00:00,1644.9
2023-09-22 05:00:00,1725.7
2023-09-22 06:00:00,1730.6
2023-09-22 07:00:00,1796.9
2023-09-22 08:00:00,1763.2
2023-09-22 09:00:00,1773.3
2023-09-22 10:00:00,1847.3
2023-09-22 11:00:00,1891.2
2023-09-22 12:00:00,1894.3
2023-09-22 13:00:00,1907.2
2023-09-22 14:00:00,1782.6
2023-09-22 15:00:00,1875.2
2023-09-22 16:00:00,1819.5
2023-09-22 17:00:00,1729.9
2023-09-22 18:00:00,1762.0
2023-09-22 19:00:00,1709.5
2023-09-22 20:00:00,1682.7
2023-09-22 21:00:00,1673.1
2023-09-22 22:00:00,1635.2
2023-09-22 23:00:00,1566.2
2023-09-23 00:00:00,1604.0
2023-09-23 01:00:00,1567.9
2023-09-23 02:00:00,1653.9
2023-09-23 03:00:00,1703.2
2023-09-23 04:00:00,1658.1
2023-09-23 05:00:00,1714.3
2023-09-23 06:00:00,1749.8
2023-09-23 07:00:00,1804.4
2023-09-23 08:00:00,1869.4
2023-09-23 09:00:00,1877.7
2023-09-23 10:00:00,1937.3
2023-09-23 11:00:00,1967.4
2023-09-23 12:00:00,1976.4
2023-09-23 13:00:00,1907.4
2023-09-23 14:00:00,1970.2
2023-09-23 15:00:00,1951.3
2023-09-23 16:00:00,1925.4
2023-09-23 17:00:00,1840.4
2023-09-23 18:00:00,1786.1
2023-09-23 19:00:00,1742.7
2023-09-23 20:00:00,1705.2
2023-09-23 21:00:00,1709.7
2023-09-23 22:00:00,1713.1
2023-09-23 23:00:00,1713.9
2023-09-24 00:00:00,1657.0
2023-09-24 01:00:00,1677.3
2023-09-24 02:00:00,1692.1
2023-09-24 03:00:00,1701.7
2023-09-24 04:00:00,1775.5
2023-09-24 05:00:00,1801.9
2023-09-24 06:00:00,1835.5
2023-09-24 07:00:00,1882.1
2023-09-24 08:00:00,1927.2
2023-09-24 09:00:00,1959.0
2023-09-24 10:00:00,1940.5
2023-09-24 11:00:00,2008.4
2023-09-24 12:00:00,1995.0
2023-09-24 13:00:00,1969.8
2023-09-24 14:00:00,1975.5
2023-09-24 15:00:00,1955.3
2023-09-24 16:00:00,1946.7
2023-09-24 17:00:00,1846.9
2023-09-24 18:00:00,1879.3
2023-09-24 19:00:00,1801.4
2023-09-24 20:00:00,1749.2
2023-09-24 21:00:00,1717.0
2023-09-24 22:00:00,1678.8
2023-09-24 23:00:00,1641.2
2023-09-25 00:00:00,1708.1
2023-09-25 01:00:00,1751.6
2023-09-25 02:00:00,1657.8
2023-09-25 03:00:00,1700.8
2023-09-25 04:00:00,1781.9
2023-09-25 05:00:00,1793.0
2023-09-25 06:00:00,1857.1
2023-09-25 07:00:00,1866.5
2023-09-25 08:00:00,1886.9
2023-09-25 09:00:00,1927.1
2023-09-25 10:00:00,1884.6
2023-09-25 11:00:00,1935.1
2023-09-25 12:00:00,2001.2
2023-09-25 13:00:00,2001.5
2023-09-25 14:00:00,1991.0
2023-09-25 15:00:00,1936.1
2023-09-25 16:00:00,1822.0
2023-09-25 17:00:00,1832.3
2023-09-25 18:00:00,1850.0
2023-09-25 19:00:00,1817.8
2023-09-25 20:00:00,1771.4
2023-09-25 21:00:00,1689.9
2023-09-25 22:00:00,1631.4
2023-09-25 23:00:00,1651.8
2023-09-26 00:00:00,1645.7
2023-09-26 01:00:00,1694.7
2023-09-26 02:00:00,1666.8
2023-09-26 03:00:00,1681.5
2023-09-26 04:00:00,1711.5
2023-09-26 05:00:00,1754.6
2023-09-26 06:00:00,1797.4
2023-09-26 07:00:00,1792.8
2023-09-26 08:00:00,1816.1
2023-09-26 09:00:00,1917.0
2023-09-26 10:00:00,1847.6
2023-09-26 11:00:00,1958.0
2023-09-26 12:00:00,1853.7
2023-09-26 13:00:00,1885.4
2023-09-26 14:00:00,1914.2
2023-09-26 15:00:00,1858.2
2023-09-26 16:00:00,1784.7
2023-09-26 17:00:00,1797.9
2023-09-26 18:00:00,1745.4
2023-09-26 19:00:00,1695.3
2023-09-26 20:00:00,1644.0
2023-09-26 21:00:00,1627.8
2023-09-26 22:00:00,1584.8
2023-09-26 23:00:00,1657.6
2023-09-27 00:00:00,1569.6
2023-09-27 01:00:00,1568.0
2023-09-27 02:00:00,1575.4
2023-09-27 03:00:00,1666.3
2023-09-27 04:00:00,1592.4
2023-09-27 05:00:00,1686.1
2023-09-27 06:00:00,1704.6
2023-09-27 07:00:00,1705.7
2023-09-27 08:00:00,1757.8
2023-09-27 09:00:00,1820.8
2023-09-27 10:00:00,1807.2
2023-09-27 11:00:00,1853.9
2023-09-27 12:00:00,1901.3
2023-09-27 13:00:00,1847.6
2023-09-27 14:00:00,1782.2
2023-09-27 15:00:00,1775.0
2023-09-27 16:00:00,1759.2
2023-09-27 17:00:00,1719.7
2023-09-27 18:00:00,1694.7
2023-09-27 19:00:00,1659.4
2023-09-27 20:00:00,1664.7
2023-09-27 21:00:00,1580.6
2023-09-27 22:00:00,1521.4
2023-09-27 23:00:00,1574.8
2023-09-28 00:00:00,1572.3
2023-09-28 01:00:00,1545.9
2023-09-28 02:00:00,1546.1
2023-09-28 03:00:00,1595.7
2023-09-28 04:00:00,1601.5
2023-09-28 05:00:00,1582.2
2023-09-28 06:00:00,1699.6
2023-09-28 07:00:00,1748.4
2023-09-28 08:00:00,1801.2
2023-09-28 09:00:00,1767.4
2023-09-28 10:00:00,1820.4
2023-09-28 11:00:00,1836.6
2023-09-28 12:00:00,1837.5
2023-09-28 13:00:00,1834.0
2023-09-28 14:00:00,1817.6
2023-09-28 15:00:00,1799.9
2023-09-28 16:00:00,1785.8
2023-09-28 17:00:00,1765.2
2023-09-28 18:00:00,1668.4
2023-09-28 19:00:00,1648.5
2023-09-28 20:00:00,1606.3
2023-09-28 21:00:00,1572.5
2023-09-28 22:00:00,1518.9
2023-09-28 23:00:00,1554.9
2023-09-29 00:00:00,1565.3
2023-09-29 01:00:00,1553.3
2023-09-29 02:00:00,1574.7
2023-09-29 03:00:00,1613.5
2023-09-29 04:00:00,1676.5
2023-09-29 05:00:00,1660.0
2023-09-29 06:00:00,1678.7
2023-09-29 07:00:00,1752.3
2023-09-29 08:00:00,1850.2
2023-09-29 09:00:00,1792.5
2023-09-29 10:00:00,1873.3
2023-09-29 11:00:00,1906.2
2023-09-29 12:00:00,1808.3
2023-09-29 13:00:00,1889.2
2023-09-29 14:00:00,1882.8
2023-09-29 15:00:00,1835.7
2023-09-29 16:00:00,1796.2
2023-09-29 17:00:00,1764.6
2023-09-29 18:00:00,1736.6
2023-09-29 19:00:00,1701.5
2023-09-29 20:00:00,1662.7
2023-09-29 21:00:00,1639.0
2023-09-29 22:00:00,1664.2
2023-09-29 23:00:00,1580.1
2023-09-30 00:00:00,1562.0
2023-09-30 01:00:00,1658.8
2023-09-30 02:00:00,1634.9
2023-09-30 03:00:00,1655.9
2023-09-30 04:00:00,1698.3
2023-09-30 05:00:00,1747.0
2023-09-30 06:00:00,1766.8
2023-09-30 07:00:00,1839.5
2023-09-30 08:00:00,1834.6
2023-09-30 09:00:00,1888.3
2023-09-30 10:00:00,1857.6
2023-09-30 11:00:00,1977.0
2023-09-30 12:00:00,1944.5
2023-09-30 13:00:00,1967.5
2023-09-30 14:00:00,1949.3
2023-09-30 15:00:00,1930.3
2023-09-30 16:00:00,1885.1
2023-09-30 17:00:00,1863.3
2023-09-30 18:00:00,1786.4
2023-09-30 19:00:00,1743.6
2023-09-30 20:00:00,1741.8
2023-09-30 21:00:00,1695.6
2023-09-30 22:00:00,1737.0
2023-09-30 23:00:00,1692.6
2023-10-01 00:00:00,1656.7
2023-10-01 01:00:00,1677.0
2023-10-01 02:00:00,1705.9
2023-10-01 03:00:00,1725.4
2023-10-01 04:00:00,1768.2
2023-10-01 05:00:00,1799.8
2023-10-01 06:00:00,1796.3
2023-10-01 07:00:00,1813.6
2023-10-01 08:00:00,1904.3
2023-10-01 09:00:00,1964.4
2023-10-01 10:00:00,1961.6
2023-10-01 11:00:00,2025.4
2023-10-01 12:00:00,1992.8
2023-10-01 13:00:00,2030.5
2023-10-01 14:00:00,2009.9
2023-10-01 15:00:00,1983.5
2023-10-01 16:00:00,1885.1
2023-10-01 17:00:00,1885.7
2023-10-01 18:00:00,1883.2
2023-10-01 19:00:00,1815.8
2023-10-01 20:00:00,1788.0
2023-10-01 21:00:00,1698.4
2023-10-01 22:00:00,1773.5
2023-10-01 23:00:00,1676.7
2023-10-02 00:00:00,1635.0
2023-10-02 01:00:00,1688.7
2023-10-02 02:00:00,1640.0
2023-10-02 03:00:00,1703.8
2023-10-02 04:00:00,1843.2
2023-10-02 05:00:00,1790.2
2023-10-02 06:00:00,1796.4
2023-10-02 07:00:00,1877.5
2023-10-02 08:00:00,1884.6
2023-10-02 09:00:00,1967.0
2023-10-02 10:00:00,1936.6
2023-10-02 11:00:00,1984.7
2023-10-02 12:00:00,1945.6
2023-10-02 13:00:00,2051.0
2023-10-02 14:00:00,1971.2
2023-10-02 15:00:00,1925.8
2023-10-02 16:00:00,1888.2
2023-10-02 17:00:00,1842.1
2023-10-02 18:00:00,1794.8
2023-10-02 19:00:00,1752.8
2023-10-02 20:00:00,1788.3
2023-10-02 21:00:00,1687.8
2023-10-02 22:00:00,1614.2
2023-10-02 23:00:00,1625.5
2023-10-03 00:00:00,1680.6
2023-10-03 01:00:00,1647.6
2023-10-03 02:00:00,1663.5
2023-10-03 03:00:00,1723.7
2023-10-03 04:00:00,1693.5
2023-10-03 05:00:00,1769.2
2023-10-03 06:00:00,1766.1
2023-10-03 07:00:00,1839.4
2023-10-03 08:00:00,1843.7
2023-10-03 09:00:00,1876.3
2023-10-03 10:00:00,1929.1
2023-10-03 11:00:00,1939.0
2023-10-03 12:00:00,1913.7
2023-10-03 13:00:00,1896.5
2023-10-03 14:00:00,1940.7
2023-10-03 15:00:00,1883.6
2023-10-03 16:00:00,1820.3
2023-10-03 17:00:00,1773.3
2023-10-03 18:00:00,1782.0
2023-10-03 19:00:00,1713.0
2023-10-03 20:00:00,1665.6
2023-10-03 21:00:00,1640.1
2023-10-03 22:00:00,1620.2
2023-10-03 23:00:00,1590.7
2023-10-04 00:00:00,1620.7
2023-10-04 01:00:00,1624.9
2023-10-04 02:00:00,1615.5
2023-10-04 03:00:00,1662.1
2023-10-04 04:00:00,1649.8
2023-10-04 05:00:00,1704.0
2023-10-04 06:00:00,1749.9
2023-10-04 07:00:00,1787.0
2023-10-04 08:00:00,1817.9
2023-10-04 09:00:00,1838.3
2023-10-04 10:00:00,1899.9
2023-10-04 11:00:00,1838.0
2023-10-04 12:00:00,1852.8
2023-10-04 13:00:00,1844.2
2023-10-04 14:00:00,1822.9
2023-10-04 15:00:00,1748.9
2023-10-04 16:00:00,1817.2
2023-10-04 17:00:00,1707.6
2023-10-04 18:00:00,1703.4
2023-10-04 19:00:00,1615.6
2023-10-04 20:00:00,1639.6
2023-10-04 21:00:00,1565.4
2023-10-04 22:00:00,1530.2
2023-10-04 23:00:00,1554.3
2023-10-05 00:00:00,1521.7
2023-10-05 01:00:00,1530.1
2023-10-05 02:00:00,1567.0
2023-10-05 03:00:00,1609.3
2023-10-05 04:00:00,1591.6
2023-10-05 05:00:00,1622.5
2023-10-05 06:00:00,1691.8
2023-10-05 07:00:00,1746.2
2023-10-05 08:00:00,1810.3
2023-10-05 09:00:00,1765.7
2023-10-05 10:00:00,1812.6
2023-10-05 11:00:00,1872.9
2023-10-05 12:00:00,1902.6
2023-10-05 13:00:00,1809.3
2023-10-05 14:00:00,1802.8
2023-10-05 15:00:00,1813.6
2023-10-05 16:00:00,1754.9
2023-10-05 17:00:00,1714.4
2023-10-05 18:00:00,1707.0
2023-10-05 19:00:00,1708.8
2023-10-05 20:00:00,1588.3
2023-10-05 21:00:00,1643.1
2023-10-05 22:00:00,1558.8
2023-10-05 23:00:00,1573.2
2023-10-06 00:00:00,1607.3
2023-10-06 01:00:00,1576.4
2023-10-06 02:00:00,1574.8
2023-10-06 03:00:00,1631.2
2023-10-06 04:00:00,1637.8
2023-10-06 05:00:00,1697.1
2023-10-06 06:00:00,1716.5
2023-10-06 07:00:00,1789.7
2023-10-06 08:00:00,1760.7
2023-10-06 09:00:00,1805.8
2023-10-06 10:00:00,1820.4
2023-10-06 11:00:00,1878.6
2023-10-06 12:00:00,1842.3
2023-10-06 13:00:00,1865.1
2023-10-06 14:00:00,1840.4
2023-10-06 15:00:00,1897.1
2023-10-06 16:00:00,1794.8
2023-10-06 17:00:00,1752.7
2023-10-06 18:00:00,1762.9
2023-10-06 19:00:00,1770.2
2023-10-06 20:00:00,1683.0
2023-10-06 21:00:00,1657.2
2023-10-06 22:00:00,1676.3
2023-10-06 23:00:00,1652.0
2023-10-07 00:00:00,1636.4
2023-10-07 01:00:00,1614.3
2023-10-07 02:00:00,1663.5
2023-10-07 03:00:00,1635.9
2023-10-07 04:00:00,1692.1
2023-10-07 05:00:00,1792.9
2023-10-07 06:00:00,1830.9
2023-10-07 07:00:00,1846.7
2023-10-07 08:00:00,1814.8
2023-10-07 09:00:00,1870.4
2023-10-07 10:00:00,1913.0
2023-10-07 11:00:00,1946.0
2023-10-07 12:00:00,1921.6
2023-10-07 13:00:00,1949.3
2023-10-07 14:00:00,1997.4
2023-10-07 15:00:00,1935.2
2023-10-07 16:00:00,1901.3
2023-10-07 17:00:00,1830.5
2023-10-07 18:00:00,1775.5
2023-10-07 19:00:00,1751.3
2023-10-07 20:00:00,1703.9
2023-10-07 21:00:00,1727.7
2023-10-07 22:00:00,1715.3
2023-10-07 23:00:00,1661.9
2023-10-08 00:00:00,1692.1
2023-10-08 01:00:00,1738.8
2023-10-08 02:00:00,1770.2
2023-10-08 03:00:00,1760.1
2023-10-08 04:00:00,1764.5
2023-10-08 05:00:00,1829.5
2023-10-08 06:00:00,1888.2
2023-10-08 07:00:00,1827.5
2023-10-08 08:00:00,1969.6
2023-10-08 09:00:00,1941.0
2023-10-08 10:00:00,1966.1
2023-10-08 11:00:00,1987.4
2023-10-08 12:00:00,2013.5
2023-10-08 13:00:00,1966.2
2023-10-08 14:00:00,1976.5
2023-10-08 15:00:00,1977.5
2023-10-08 16:00:00,1937.5
2023-10-08 17:00:00,1906.5
2023-10-08 18:00:00,1846.6
2023-10-08 19:00:00,1838.4
2023-10-08 20:00:00,1813.0
2023-10-08 21:00:00,1779.9
2023-10-08 22:00:00,1738.7
2023-10-08 23:00:00,1738.6
2023-10-09 00:00:00,1730.9
2023-10-09 01:00:00,1789.5
2023-10-09 02:00:00,1760.0
2023-10-09 03:00:00,1743.7
2023-10-09 04:00:00,1749.1
2023-10-09 05:00:00,1803.8
2023-10-09 06:00:00,1839.3
2023-10-09 07:00:00,1902.1
2023-10-09 08:00:00,1900.6
2023-10-09 09:00:00,1986.9
2023-10-09 10:00:00,1931.8
2023-10-09 11:00:00,1937.8
2023-10-09 12:00:00,1986.1
2023-10-09 13:00:00,1957.9
2023-10-09 14:00:00,1928.5
2023-10-09 15:00:00,1921.3
2023-10-09 16:00:00,1884.4
2023-10-09 17:00:00,1869.2
2023-10-09 18:00:00,1809.3
2023-10-09 19:00:00,1770.6
2023-10-09 20:00:00,1748.1
2023-10-09 21:00:00,1745.1
2023-10-09 22:00:00,1732.5
2023-10-09 23:00:00,1675.3
2023-10-10 00:00:00,1669.9
2023-10-10 01:00:00,1660.1
2023-10-10 02:00:00,1692.3
2023-10-10 03:00:00,1710.7
2023-10-10 04:00:00,1767.1
2023-10-10 05:00:00,1704.0
2023-10-10 06:00:00,1789.6
2023-10-10 07:00:00,1842.8
2023-10-10 08:00:00,1865.1
2023-10-10 09:00:00,1865.9
2023-10-10 10:00:00,1876.0
2023-10-10 11:00:00,1951.3
2023-10-10 12:00:00,1906.6
2023-10-10 13:00:00,1868.6
2023-10-10 14:00:00,1929.0
2023-10-10 15:00:00,1890.4
2023-10-10 16:00:00,1839.2
2023-10-10 17:00:00,1776.1
2023-10-10 18:00:00,1758.5
2023-10-10 19:00:00,1756.7
2023-10-10 20:00:00,1632.8
2023-10-10 21:00:00,1600.5
2023-10-10 22:00:00,1602.0
2023-10-10 23:00:00,1602.4
2023-10-11 00:00:00,1580.5
2023-10-11 01:00:00,1617.2
2023-10-11 02:00:00,1643.0
2023-10-11 03:00:00,1640.1
2023-10-11 04:00:00,1677.2
2023-10-11 05:00:00,1702.3
2023-10-11 06:00:00,1731.0
2023-10-11 07:00:00,1728.5
2023-10-11 08:00:00,1770.5
2023-10-11 09:00:00,1789.8
2023-10-11 10:00:00,1847.7
2023-10-11 11:00:00,1872.2
2023-10-11 12:00:00,1825.0
2023-10-11 13:00:00,1863.8
2023-10-11 14:00:00,1818.7
2023-10-11 15:00:00,1787.5
2023-10-11 16:00:00,1768.3
2023-10-11 17:00:00,1715.9
2023-10-11 18:00:00,1727.6
2023-10-11 19:00:00,1664.3
2023-10-11 20:00:00,1656.6
2023-10-11 21:00:00,1586.8
2023-10-11 22:00:00,1563.2
2023-10-11 23:00:00,1615.9
2023-10-12 00:00:00,1505.2
2023-10-12 01:00:00,1597.0
2023-10-12 02:00:00,1622.7
2023-10-12 03:00:00,1619.5
2023-10-12 04:00:00,1617.5
2023-10-12 05:00:00,1706.3
2023-10-12 06:00:00,1692.7
2023-10-12 07:00:00,1720.1
2023-10-12 08:00:00,1766.1
2023-10-12 09:00:00,1792.0
2023-10-12 10:00:00,1805.1
2023-10-12 11:00:00,1882.3
2023-10-12 12:00:00,1831.6
2023-10-12 13:00:00,1849.6
2023-10-12 14:00:00,1793.1
2023-10-12 15:00:00,1814.5
2023-10-12 16:00:00,1749.0
2023-10-12 17:00:00,1713.3
2023-10-12 18:00:00,1707.9
2023-10-12 19:00:00,1705.5
2023-10-12 20:00:00,1652.4
2023-10-12 21:00:00,1625.0
2023-10-12 22:00:00,1583.7
2023-10-12 23:00:00,1564.3
2023-10-13 00:00:00,1594.9
2023-10-13 01:00:00,1561.4
2023-10-13 02:00:00,1620.4
2023-10-13 03:00:00,1658.4
2023-10-13 04:00:00,1629.4
2023-10-13 05:00:00,1672.3
2023-10-13 06:00:00,1718.0
2023-10-13 07:00:00,1731.6
2023-10-13 08:00:00,1800.2
2023-10-13 09:00:00,1887.0
2023-10-13 10:00:00,1843.1
2023-10-13 11:00:00,1931.9
2023-10-13 12:00:00,1887.0
2023-10-13 13:00:00,1961.1
2023-10-13 14:00:00,1865.1
2023-10-13 15:00:00,1860.2
2023-10-13 16:00:00,1809.1
2023-10-13 17:00:00,1782.6
2023-10-13 18:00:00,1807.5
2023-10-13 19:00:00,1745.8
2023-10-13 20:00:00,1729.3
2023-10-13 21:00:00,1630.9
2023-10-13 22:00:00,1669.2
2023-10-13 23:00:00,1608.5
2023-10-14 00:00:00,1595.5
2023-10-14 01:00:00,1651.0
2023-10-14 02:00:00,1668.7
2023-10-14 03:00:00,1690.4
2023-10-14 04:00:00,1744.4
2023-10-14 05:00:00,1788.3
2023-10-14 06:00:00,1848.0
2023-10-14 07:00:00,1810.0
2023-10-14 08:00:00,1929.9
2023-10-14 09:00:00,1975.3
2023-10-14 10:00:00,1934.6
2023-10-14 11:00:00,1913.3
2023-10-14 12:00:00,1929.8
2023-10-14 13:00:00,1955.1
2023-10-14 14:00:00,2017.1
2023-10-14 15:00:00,1936.0
2023-10-14 16:00:00,1888.5
2023-10-14 17:00:00,1852.8
2023-10-14 18:00:00,1797.3
2023-10-14 19:00:00,1826.8
2023-10-14 20:00:00,1763.9
2023-10-14 21:00:00,1800.8
2023-10-14 22:00:00,1735.0
2023-10-14 23:00:00,1728.1
2023-10-15 00:00:00,1692.9
2023-10-15 01:00:00,1674.4
2023-10-15 02:00:00,1697.7
2023-10-15 03:00:00,1708.4
2023-10-15 04:00:00,1809.5
2023-10-15 05:00:00,1808.4
2023-10-15 06:00:00,1888.7
2023-10-15 07:00:00,1904.4
2023-10-15 08:00:00,1928.9
2023-10-15 09:00:00,1934.8
2023-10-15 10:00:00,2003.8
2023-10-15 11:00:00,2004.1
2023-10-15 12:00:00,2043.6
2023-10-15 13:00:00,1990.7
2023-10-15 14:00:00,2016.2
2023-10-15 15:00:00,2023.6
2023-10-15 16:00:00,1951.9
2023-10-15 17:00:00,1931.3
2023-10-15 18:00:00,1886.2
2023-10-15 19:00:00,1887.2
2023-10-15 20:00:00,1805.2
2023-10-15 21:00:00,1783.8
2023-10-15 22:00:00,1737.5
2023-10-15 23:00:00,1700.0
2023-10-16 00:00:00,1681.3
2023-10-16 01:00:00,1760.1
2023-10-16 02:00:00,1706.0
2023-10-16 03:00:00,1781.7
2023-10-16 04:00:00,1801.9
2023-10-16 05:00:00,1852.0
2023-10-16 06:00:00,1846.7
2023-10-16 07:00:00,1876.0
2023-10-16 08:00:00,1945.9
2023-10-16 09:00:00,1955.4
2023-10-16 10:00:00,1949.5
2023-10-16 11:00:00,2057.9
2023-10-16 12:00:00,1979.4
2023-10-16 13:00:00,1966.4
2023-10-16 14:00:00,1972.1
2023-10-16 15:00:00,1991.1
2023-10-16 16:00:00,1855.4
2023-10-16 17:00:00,1917.1
2023-10-16 18:00:00,1813.7
2023-10-16 19:00:00,1807.8
2023-10-16 20:00:00,1741.1
2023-10-16 21:00:00,1787.6
2023-10-16 22:00:00,1705.3
2023-10-16 23:00:00,1662.8
2023-10-17 00:00:00,1667.3
2023-10-17 01:00:00,1681.5
2023-10-17 02:00:00,1696.5
2023-10-17 03:00:00,1725.4
2023-10-17 04:00:00,1740.5
2023-10-17 05:00:00,1732.7
2023-10-17 06:00:00,1799.8
2023-10-17 07:00:00,1864.2
2023-10-17 08:00:00,1859.2
2023-10-17 09:00:00,1927.6
2023-10-17 10:00:00,1929.4
2023-10-17 11:00:00,1934.0
2023-10-17 12:00:00,1978.5
2023-10-17 13:00:00,1882.5
2023-10-17 14:00:00,1896.5
2023-10-17 15:00:00,1927.1
2023-10-17 16:00:00,1911.0
2023-10-17 17:00:00,1885.7
2023-10-17 18:00:00,1776.9
2023-10-17 19:00:00,1747.5
2023-10-17 20:00:00,1719.4
2023-10-17 21:00:00,1699.3
2023-10-17 22:00:00,1643.9
2023-10-17 23:00:00,1644.6
2023-10-18 00:00:00,1622.9
2023-10-18 01:00:00,1627.3
2023-10-18 02:00:00,1596.5
2023-10-18 03:00:00,1635.5
2023-10-18 04:00:00,1658.4
2023-10-18 05:00:00,1672.2
2023-10-18 06:00:00,1694.9
2023-10-18 07:00:00,1768.3
2023-10-18 08:00:00,1807.2
2023-10-18 09:00:00,1847.2
2023-10-18 10:00:00,1882.6
2023-10-18 11:00:00,1884.7
2023-10-18 12:00:00,1874.6
2023-10-18 13:00:00,1848.0
2023-10-18 14:00:00,1885.2
2023-10-18 15:00:00,1830.4
2023-10-18 16:00:00,1787.9
2023-10-18 17:00:00,1757.8
2023-10-18 18:00:00,1701.3
2023-10-18 19:00:00,1667.4
2023-10-18 20:00:00,1629.2
2023-10-18 21:00:00,1605.5
2023-10-18 22:00:00,1609.1
2023-10-18 23:00:00,1585.9
2023-10-19 00:00:00,1614.4
2023-10-19 01:00:00,1608.9
2023-10-19 02:00:00,1645.8
2023-10-19 03:00:00,1627.4
2023-10-19 04:00:00,1657.8
2023-10-19 05:00:00,1663.0
2023-10-19 06:00:00,1741.3
2023-10-19 07:00:00,1735.8
2023-10-19 08:00:00,1747.8
2023-10-19 09:00:00,1869.1
2023-10-19 10:00:00,1810.2
2023-10-19 11:00:00,1876.4
2023-10-19 12:00:00,1842.7
2023-10-19 13:00:00,1898.6
2023-10-19 14:00:00,1888.6
2023-10-19 15:00:00,1843.8
2023-10-19 16:00:00,1835.4
2023-10-19 17:00:00,1763.2
2023-10-19 18:00:00,1792.6
2023-10-19 19:00:00,1710.6
2023-10-19 20:00:00,1626.5
2023-10-19 21:00:00,1626.2
2023-10-19 22:00:00,1597.4
2023-10-19 23:00:00,1581.3
2023-10-20 00:00:00,1535.9
2023-10-20 01:00:00,1604.4
2023-10-20 02:00:00,1568.3
2023-10-20 03:00:00,1560.1
2023-10-20 04:00:00,1658.8
2023-10-20 05:00:00,1685.0
2023-10-20 06:00:00,1723.0
2023-10-20 07:00:00,1697.1
2023-10-20 08:00:00,1803.4
2023-10-20 09:00:00,1857.3
2023-10-20 10:00:00,1870.0
2023-10-20 11:00:00,1918.4
2023-10-20 12:00:00,1956.4
2023-10-20 13:00:00,1927.8
2023-10-20 14:00:00,1931.0
2023-10-20 15:00:00,1912.5
2023-10-20 16:00:00,1820.6
2023-10-20 17:00:00,1831.1
2023-10-20 18:00:00,1812.0
2023-10-20 19:00:00,1733.2
2023-10-20 20:00:00,1689.5
2023-10-20 21:00:00,1701.1
2023-10-20 22:00:00,1620.0
2023-10-20 23:00:00,1619.9
2023-10-21 00:00:00,1630.5
2023-10-21 01:00:00,1672.2
2023-10-21 02:00:00,1683.3
2023-10-21 03:00:00,1734.6
2023-10-21 04:00:00,1710.1
2023-10-21 05:00:00,1747.8
2023-10-21 06:00:00,1834.6
2023-10-21 07:00:00,1836.7
2023-10-21 08:00:00,1881.7
2023-10-21 09:00:00,1878.1
2023-10-21 10:00:00,1969.3
2023-10-21 11:00:00,2024.7
2023-10-21 12:00:00,1955.5
2023-10-21 13:00:00,2014.7
2023-10-21 14:00:00,1970.0
2023-10-21 15:00:00,1897.6
2023-10-21 16:00:00,1895.3
2023-10-21 17:00:00,1859.8
2023-10-21 18:00:00,1842.6
2023-10-21 19:00:00,1828.3
2023-10-21 20:00:00,1837.3
2023-10-21 21:00:00,1710.1
2023-10-21 22:00:00,1716.8
2023-10-21 23:00:00,1691.6
2023-10-22 00:00:00,1677.3
2023-10-22 01:00:00,1725.3
2023-10-22 02:00:00,1739.3
2023-10-22 03:00:00,1710.4
2023-10-22 04:00:00,1798.1
2023-10-22 05:00:00,1799.1
2023-10-22 06:00:00,1875.9
2023-10-22 07:00:00,1953.8
2023-10-22 08:00:00,1967.0
2023-10-22 09:00:00,1990.6
2023-10-22 10:00:00,1994.3
2023-10-22 11:00:00,2028.1
2023-10-22 12:00:00,2048.9
2023-10-22 13:00:00,2041.5
2023-10-22 14:00:00,2010.3
2023-10-22 15:00:00,1996.4
2023-10-22 16:00:00,1919.7
2023-10-22 17:00:00,1901.3
2023-10-22 18:00:00,1905.9
2023-10-22 19:00:00,1871.1
2023-10-22 20:00:00,1812.4
2023-10-22 21:00:00,1822.7
2023-10-22 22:00:00,1769.5
2023-10-22 23:00:00,1731.9
2023-10-23 00:00:00,1696.6
2023-10-23 01:00:00,1780.9
2023-10-23 02:00:00,1775.1
2023-10-23 03:00:00,1828.9
2023-10-23 04:00:00,1870.1
2023-10-23 05:00:00,1801.6
2023-10-23 06:00:00,1839.4
2023-10-23 07:00:00,1829.6
2023-10-23 08:00:00,1977.9
2023-10-23 09:00:00,1999.6
2023-10-23 10:00:00,2005.2
2023-10-23 11:00:00,1978.8
2023-10-23 12:00:00,2016.3
2023-10-23 13:00:00,2017.6
2023-10-23 14:00:00,2018.7
2023-10-23 15:00:00,1977.6
2023-10-23 16:00:00,1956.2
2023-10-23 17:00:00,1894.3
2023-10-23 18:00:00,1892.4
2023-10-23 19:00:00,1834.8
2023-10-23 20:00:00,1741.7
2023-10-23 21:00:00,1785.6
2023-10-23 22:00:00,1754.3
2023-10-23 23:00:00,1714.0
2023-10-24 00:00:00,1700.8
2023-10-24 01:00:00,1744.7
2023-10-24 02:00:00,1658.2
2023-10-24 03:00:00,1765.6
2023-10-24 04:00:00,1742.4
2023-10-24 05:00:00,1822.9
2023-10-24 06:00:00,1829.7
2023-10-24 07:00:00,1824.8
2023-10-24 08:00:00,1880.6
2023-10-24 09:00:00,1954.3
2023-10-24 10:00:00,1938.3
2023-10-24 11:00:00,1938.1
2023-10-24 12:00:00,1940.1
2023-10-24 13:00:00,1970.2
2023-10-24 14:00:00,1985.6
2023-10-24 15:00:00,1842.1
2023-10-24 16:00:00,1956.5
2023-10-24 17:00:00,1839.5
2023-10-24 18:00:00,1809.2
2023-10-24 19:00:00,1737.1
2023-10-24 20:00:00,1711.1
2023-10-24 21:00:00,1683.2
2023-10-24 22:00:00,1619.4
2023-10-24 23:00:00,1609.0
2023-10-25 00:00:00,1661.0
2023-10-25 01:00:00,1581.5
2023-10-25 02:00:00,1653.7
2023-10-25 03:00:00,1650.8
2023-10-25 04:00:00,1661.7
2023-10-25 05:00:00,1783.6
2023-10-25 06:00:00,1732.3
2023-10-25 07:00:00,1763.7
2023-10-25 08:00:00,1826.0
2023-10-25 09:00:00,1837.6
2023-10-25 10:00:00,1882.7
2023-10-25 11:00:00,1900.3
2023-10-25 12:00:00,1906.0
2023-10-25 13:00:00,1888.4
2023-10-25 14:00:00,1854.4
2023-10-25 15:00:00,1869.4
2023-10-25 16:00:00,1814.3
2023-10-25 17:00:00,1765.2
2023-10-25 18:00:00,1784.4
2023-10-25 19:00:00,1696.4
2023-10-25 20:00:00,1695.6
2023-10-25 21:00:00,1667.7
2023-10-25 22:00:00,1644.8
2023-10-25 23:00:00,1611.2
2023-10-26 00:00:00,1584.8
2023-10-26 01:00:00,1587.5
2023-10-26 02:00:00,1596.7
2023-10-26 03:00:00,1562.5
2023-10-26 04:00:00,1680.0
2023-10-26 05:00:00,1701.9
2023-10-26 06:00:00,1758.2
2023-10-26 07:00:00,1768.9
2023-10-26 08:00:00,1828.8
2023-10-26 09:00:00,1799.0
2023-10-26 10:00:00,1829.6
2023-10-26 11:00:00,1806.0
2023-10-26 12:00:00,1882.1
2023-10-26 13:00:00,1858.6
2023-10-26 14:00:00,1840.7
2023-10-26 15:00:00,1855.0
2023-10-26 16:00:00,1802.3
2023-10-26 17:00:00,1737.1
2023-10-26 18:00:00,1819.0
2023-10-26 19:00:00,1704.2
2023-10-26 20:00:00,1638.2
2023-10-26 21:00:00,1621.2
2023-10-26 22:00:00,1614.0
2023-10-26 23:00:00,1600.8
2023-10-27 00:00:00,1641.9
2023-10-27 01:00:00,1607.6
2023-10-27 02:00:00,1682.7
2023-10-27 03:00:00,1640.1
2023-10-27 04:00:00,1699.2
2023-10-27 05:00:00,1755.6
2023-10-27 06:00:00,1802.0
2023-10-27 07:00:00,1846.8
2023-10-27 08:00:00,1838.1
2023-10-27 09:00:00,1879.7
2023-10-27 10:00:00,1832.0
2023-10-27 11:00:00,1918.2
2023-10-27 12:00:00,1964.8
2023-10-27 13:00:00,1956.6
2023-10-27 14:00:00,1915.0
2023-10-27 15:00:00,1947.7
2023-10-27 16:00:00,1857.1
2023-10-27 17:00:00,1813.9
2023-10-27 18:00:00,1785.6
2023-10-27 19:00:00,1730.1
2023-10-27 20:00:00,1749.4
2023-10-27 21:00:00,1711.4
2023-10-27 22:00:00,1700.3
2023-10-27 23:00:00,1657.6
2023-10-28 00:00:00,1666.3
2023-10-28 01:00:00,1610.9
2023-10-28 02:00:00,1705.7
2023-10-28 03:00:00,1724.3
2023-10-28 04:00:00,1722.4
2023-10-28 05:00:00,1791.5
2023-10-28 06:00:00,1828.8
2023-10-28 07:00:00,1931.3
2023-10-28 08:00:00,1885.7
2023-10-28 09:00:00,1961.5
2023-10-28 10:00:00,1945.6
2023-10-28 11:00:00,1979.5
2023-10-28 12:00:00,2012.4
2023-10-28 13:00:00,1995.5
2023-10-28 14:00:00,1989.4
2023-10-28 15:00:00,1978.4
2023-10-28 16:00:00,1925.1
2023-10-28 17:00:00,1932.9
2023-10-28 18:00:00,1860.8
2023-10-28 19:00:00,1830.7
2023-10-28 20:00:00,1810.6
2023-10-28 21:00:00,1777.8
2023-10-28 22:00:00,1768.6
2023-10-28 23:00:00,1745.9
2023-10-29 00:00:00,1747.4
2023-10-29 01:00:00,1730.6
2023-10-29 02:00:00,1725.2
2023-10-29 03:00:00,1740.0
2023-10-29 04:00:00,1765.4
2023-10-29 05:00:00,1906.2
2023-10-29 06:00:00,1827.2
2023-10-29 07:00:00,1969.6
2023-10-29 08:00:00,1946.6
2023-10-29 09:00:00,2039.0
2023-10-29 10:00:00,1962.2
2023-10-29 11:00:00,2037.2
2023-10-29 12:00:00,2093.8
2023-10-29 13:00:00,2067.2
2023-10-29 14:00:00,2021.3
2023-10-29 15:00:00,1949.8
2023-10-29 16:00:00,1937.8
2023-10-29 17:00:00,1983.2
2023-10-29 18:00:00,1892.4
2023-10-29 19:00:00,1862.0
2023-10-29 20:00:00,1836.4
2023-10-29 21:00:00,1757.6
2023-10-29 22:00:00,1784.8
2023-10-29 23:00:00,1744.6
2023-10-30 00:00:00,1760.4
2023-10-30 01:00:00,1738.7
2023-10-30 02:00:00,1723.2
2023-10-30 03:00:00,1780.6
2023-10-30 04:00:00,1842.7
2023-10-30 05:00:00,1870.5
2023-10-30 06:00:00,1897.3
2023-10-30 07:00:00,1960.9
2023-10-30 08:00:00,1962.7
2023-10-30 09:00:00,2000.1
2023-10-30 10:00:00,2006.4
2023-10-30 11:00:00,2062.8
2023-10-30 12:00:00,2046.3
2023-10-30 13:00:00,2013.9
2023-10-30 14:00:00,1969.1
2023-10-30 15:00:00,2021.1
2023-10-30 16:00:00,1932.6
2023-10-30 17:00:00,1918.8
2023-10-30 18:00:00,1946.2
2023-10-30 19:00:00,1858.6
2023-10-30 20:00:00,1844.3
2023-10-30 21:00:00,1746.4
2023-10-30 22:00:00,1768.4
2023-10-30 23:00:00,1719.6
2023-10-31 00:00:00,1722.1
2023-10-31 01:00:00,1774.3
2023-10-31 02:00:00,1717.6
2023-10-31 03:00:00,1747.7
2023-10-31 04:00:00,1748.4
2023-10-31 05:00:00,1835.6
2023-10-31 06:00:00,1828.1
2023-10-31 07:00:00,1911.6
2023-10-31 08:00:00,1864.8
2023-10-31 09:00:00,1959.0
2023-10-31 10:00:00,1944.2
2023-10-31 11:00:00,1997.5
2023-10-31 12:00:00,1977.5
2023-10-31 13:00:00,1953.8
2023-10-31 14:00:00,1940.4
2023-10-31 15:00:00,1899.8
2023-10-31 16:00:00,1916.6
2023-10-31 17:00:00,1821.0
2023-10-31 18:00:00,1802.8
2023-10-31 19:00:00,1779.5
2023-10-31 20:00:00,1778.6
2023-10-31 21:00:00,1696.2
2023-10-31 22:00:00,1662.7
2023-10-31 23:00:00,1660.5
2023-11-01 00:00:00,1582.4
2023-11-01 01:00:00,1611.2
2023-11-01 02:00:00,1648.4
2023-11-01 03:00:00,1659.7
2023-11-01 04:00:00,1661.7
2023-11-01 05:00:00,1769.3
2023-11-01 06:00:00,1788.0
2023-11-01 07:00:00,1821.0
2023-11-01 08:00:00,1830.0
2023-11-01 09:00:00,1882.3
2023-11-01 10:00:00,1917.2
2023-11-01 11:00:00,1907.0
2023-11-01 12:00:00,1931.6
2023-11-01 13:00:00,1887.5
2023-11-01 14:00:00,1897.7
2023-11-01 15:00:00,1903.7
2023-11-01 16:00:00,1873.9
2023-11-01 17:00:00,1839.3
2023-11-01 18:00:00,1768.0
2023-11-01 19:00:00,1720.4
2023-11-01 20:00:00,1668.8
2023-11-01 21:00:00,1596.1
2023-11-01 22:00:00,1585.3
2023-11-01 23:00:00,1604.9
2023-11-02 00:00:00,1601.0
2023-11-02 01:00:00,1651.2
2023-11-02 02:00:00,1662.9
2023-11-02 03:00:00,1626.5
2023-11-02 04:00:00,1702.5
2023-11-02 05:00:00,1699.8
2023-11-02 06:00:00,1773.5
2023-11-02 07:00:00,1816.2
2023-11-02 08:00:00,1865.7
2023-11-02 09:00:00,1845.2
2023-11-02 10:00:00,1914.7
2023-11-02 11:00:00,1843.7
2023-11-02 12:00:00,1944.6
2023-11-02 13:00:00,1900.7
2023-11-02 14:00:00,1887.3
2023-11-02 15:00:00,1803.5
2023-11-02 16:00:00,1823.1
2023-11-02 17:00:00,1840.5
2023-11-02 18:00:00,1749.6
2023-11-02 19:00:00,1746.5
2023-11-02 20:00:00,1691.5
2023-11-02 21:00:00,1692.9
2023-11-02 22:00:00,1644.7
2023-11-02 23:00:00,1597.9
2023-11-03 00:00:00,1624.4
2023-11-03 01:00:00,1677.9
2023-11-03 02:00:00,1661.9
2023-11-03 03:00:00,1669.5
2023-11-03 04:00:00,1774.0
2023-11-03 05:00:00,1779.6
2023-11-03 06:00:00,1810.6
2023-11-03 07:00:00,1837.0
2023-11-03 08:00:00,1888.1
2023-11-03 09:00:00,1922.8
2023-11-03 10:00:00,1860.9
2023-11-03 11:00:00,1956.0
2023-11-03 12:00:00,1947.2
2023-11-03 13:00:00,1934.8
2023-11-03 14:00:00,1931.8
2023-11-03 15:00:00,1870.1
2023-11-03 16:00:00,1834.5
2023-11-03 17:00:00,1892.9
2023-11-03 18:00:00,1833.6
2023-11-03 19:00:00,1711.6
2023-11-03 20:00:00,1733.6
2023-11-03 21:00:00,1749.3
2023-11-03 22:00:00,1693.7
2023-11-03 23:00:00,1727.6
2023-11-04 00:00:00,1719.8
2023-11-04 01:00:00,1655.8
2023-11-04 02:00:00,1710.3
2023-11-04 03:00:00,1728.1
2023-11-04 04:00:00,1734.0
2023-11-04 05:00:00,1771.3
2023-11-04 06:00:00,1832.7
2023-11-04 07:00:00,1879.5
2023-11-04 08:00:00,1946.4
2023-11-04 09:00:00,2003.2
2023-11-04 10:00:00,2014.1
2023-11-04 11:00:00,2039.1
2023-11-04 12:00:00,2016.5
2023-11-04 13:00:00,2040.3
2023-11-04 14:00:00,2005.5
2023-11-04 15:00:00,1975.6
2023-11-04 16:00:00,2017.3
2023-11-04 17:00:00,1856.9
2023-11-04 18:00:00,1834.3
2023-11-04 19:00:00,1865.6
2023-11-04 20:00:00,1812.3
2023-11-04 21:00:00,1748.4
2023-11-04 22:00:00,1738.2
2023-11-04 23:00:00,1729.3
2023-11-05 00:00:00,1780.7
2023-11-05 01:00:00,1797.3
2023-11-05 02:00:00,1827.0
2023-11-05 03:00:00,1755.8
2023-11-05 04:00:00,1795.2
2023-11-05 05:00:00,1830.9
2023-11-05 06:00:00,1952.9
2023-11-05 07:00:00,1966.9
2023-11-05 08:00:00,1994.3
2023-11-05 09:00:00,2031.0
2023-11-05 10:00:00,2047.3
2023-11-05 11:00:00,2031.3
2023-11-05 12:00:00,2086.3
2023-11-05 13:00:00,2061.0
2023-11-05 14:00:00,2016.2
2023-11-05 15:00:00,2046.1
2023-11-05 16:00:00,1985.5
2023-11-05 17:00:00,1969.2
2023-11-05 18:00:00,1920.0
2023-11-05 19:00:00,1911.7
2023-11-05 20:00:00,1855.4
2023-11-05 21:00:00,1791.0
2023-11-05 22:00:00,1803.1
2023-11-05 23:00:00,1788.7
2023-11-06 00:00:00,1787.8
2023-11-06 01:00:00,1808.1
2023-11-06 02:00:00,1772.8
2023-11-06 03:00:00,1834.4
2023-11-06 04:00:00,1792.8
2023-11-06 05:00:00,1876.1
2023-11-06 06:00:00,1909.1
2023-11-06 07:00:00,1998.4
2023-11-06 08:00:00,1985.2
2023-11-06 09:00:00,2037.7
2023-11-06 10:00:00,1989.0
2023-11-06 11:00:00,2044.7
2023-11-06 12:00:00,2033.2
2023-11-06 13:00:00,2126.0
2023-11-06 14:00:00,2014.9
2023-11-06 15:00:00,2011.3
2023-11-06 16:00:00,1979.8
2023-11-06 17:00:00,1890.1
2023-11-06 18:00:00,1881.0
2023-11-06 19:00:00,1867.8
2023-11-06 20:00:00,1819.8
2023-11-06 21:00:00,1714.8
2023-11-06 22:00:00,1740.5
2023-11-06 23:00:00,1770.7
2023-11-07 00:00:00,1750.0
2023-11-07 01:00:00,1771.5
2023-11-07 02:00:00,1717.7
2023-11-07 03:00:00,1806.9
2023-11-07 04:00:00,1795.5
2023-11-07 05:00:00,1878.0
2023-11-07 06:00:00,1866.4
2023-11-07 07:00:00,1840.9
2023-11-07 08:00:00,1961.2
2023-11-07 09:00:00,1950.6
2023-11-07 10:00:00,1973.6
2023-11-07 11:00:00,1953.5
2023-11-07 12:00:00,2048.0
2023-11-07 13:00:00,1975.7
2023-11-07 14:00:00,2020.8
2023-11-07 15:00:00,1933.9
2023-11-07 16:00:00,1885.1
2023-11-07 17:00:00,1913.5
2023-11-07 18:00:00,1830.1
2023-11-07 19:00:00,1788.8
2023-11-07 20:00:00,1713.4
2023-11-07 21:00:00,1704.3
2023-11-07 22:00:00,1704.4
2023-11-07 23:00:00,1634.9
2023-11-08 00:00:00,1650.0
2023-11-08 01:00:00,1656.2
2023-11-08 02:00:00,1683.3
2023-11-08 03:00:00,1747.1
2023-11-08 04:00:00,1722.4
2023-11-08 05:00:00,1744.6
2023-11-08 06:00:00,1884.3
2023-11-08 07:00:00,1825.5
2023-11-08 08:00:00,1866.9
2023-11-08 09:00:00,1890.9
2023-11-08 10:00:00,1915.2
2023-11-08 11:00:00,1939.0
2023-11-08 12:00:00,1967.6
2023-11-08 13:00:00,1945.3
2023-11-08 14:00:00,1949.0
2023-11-08 15:00:00,1922.6
2023-11-08 16:00:00,1865.1
2023-11-08 17:00:00,1832.6
2023-11-08 18:00:00,1814.6
2023-11-08 19:00:00,1708.0
2023-11-08 20:00:00,1779.1
2023-11-08 21:00:00,1656.8
2023-11-08 22:00:00,1637.1
2023-11-08 23:00:00,1595.6
2023-11-09 00:00:00,1590.8
2023-11-09 01:00:00,1660.1
2023-11-09 02:00:00,1713.6
2023-11-09 03:00:00,1652.0
2023-11-09 04:00:00,1710.4
2023-11-09 05:00:00,1742.7
2023-11-09 06:00:00,1805.0
2023-11-09 07:00:00,1880.6
2023-11-09 08:00:00,1896.2
2023-11-09 09:00:00,1874.9
2023-11-09 10:00:00,1922.3
2023-11-09 11:00:00,1940.9
2023-11-09 12:00:00,1927.3
2023-11-09 13:00:00,1890.7
2023-11-09 14:00:00,1885.6
2023-11-09 15:00:00,1921.3
2023-11-09 16:00:00,1894.5
2023-11-09 17:00:00,1815.8
2023-11-09 18:00:00,1792.5
2023-11-09 19:00:00,1783.2
2023-11-09 20:00:00,1661.6
2023-11-09 21:00:00,1669.9
2023-11-09 22:00:00,1721.8
2023-11-09 23:00:00,1657.1
2023-11-10 00:00:00,1611.1
2023-11-10 01:00:00,1655.7
2023-11-10 02:00:00,1699.9
2023-11-10 03:00:00,1618.9
2023-11-10 04:00:00,1734.0
2023-11-10 05:00:00,1756.1
2023-11-10 06:00:00,1759.2
2023-11-10 07:00:00,1852.3
2023-11-10 08:00:00,1884.5
2023-11-10 09:00:00,1921.6
2023-11-10 10:00:00,1938.4
2023-11-10 11:00:00,1935.9
2023-11-10 12:00:00,1930.9
2023-11-10 13:00:00,1951.5
2023-11-10 14:00:00,1986.0
2023-11-10 15:00:00,1946.3
2023-11-10 16:00:00,1909.1
2023-11-10 17:00:00,1846.9
2023-11-10 18:00:00,1831.0
2023-11-10 19:00:00,1828.6
2023-11-10 20:00:00,1788.6
2023-11-10 21:00:00,1731.2
2023-11-10 22:00:00,1646.4
2023-11-10 23:00:00,1692.6
2023-11-11 00:00:00,1696.4
2023-11-11 01:00:00,1691.9
2023-11-11 02:00:00,1724.9
2023-11-11 03:00:00,1788.7
2023-11-11 04:00:00,1797.3
2023-11-11 05:00:00,1867.4
2023-11-11 06:00:00,1834.3
2023-11-11 07:00:00,1912.3
2023-11-11 08:00:00,1902.5
2023-11-11 09:00:00,1981.9
2023-11-11 10:00:00,1990.1
2023-11-11 11:00:00,2077.8
2023-11-11 12:00:00,2059.6
2023-11-11 13:00:00,2075.5
2023-11-11 14:00:00,2019.9
2023-11-11 15:00:00,1981.1
2023-11-11 16:00:00,1951.7
2023-11-11 17:00:00,1957.6
2023-11-11 18:00:00,1967.7
2023-11-11 19:00:00,1889.4
2023-11-11 20:00:00,1831.9
2023-11-11 21:00:00,1808.7
2023-11-11 22:00:00,1791.9
2023-11-11 23:00:00,1840.7
2023-11-12 00:00:00,1813.9
2023-11-12 01:00:00,1791.8
2023-11-12 02:00:00,1804.1
2023-11-12 03:00:00,1835.4
2023-11-12 04:00:00,1874.0
2023-11-12 05:00:00,1884.6
2023-11-12 06:00:00,1912.0
2023-11-12 07:00:00,2008.5
2023-11-12 08:00:00,2015.6
2023-11-12 09:00:00,2075.7
2023-11-12 10:00:00,2121.5
2023-11-12 11:00:00,2103.7
2023-11-12 12:00:00,2104.8
2023-11-12 13:00:00,2185.7
2023-11-12 14:00:00,2081.6
2023-11-12 15:00:00,2019.3
2023-11-12 16:00:00,2013.0
2023-11-12 17:00:00,2032.1
2023-11-12 18:00:00,1908.1
2023-11-12 19:00:00,1885.6
2023-11-12 20:00:00,1905.2
2023-11-12 21:00:00,1832.7
2023-11-12 22:00:00,1813.4
2023-11-12 23:00:00,1833.6
2023-11-13 00:00:00,1774.3
2023-11-13 01:00:00,1756.3
2023-11-13 02:00:00,1773.0
2023-11-13 03:00:00,1855.1
2023-11-13 04:00:00,1875.6
2023-11-13 05:00:00,1882.3
2023-11-13 06:00:00,1906.0
2023-11-13 07:00:00,1970.3
2023-11-13 08:00:00,2046.7
2023-11-13 09:00:00,2017.8
2023-11-13 10:00:00,2045.4
2023-11-13 11:00:00,2043.0
2023-11-13 12:00:00,2071.1
2023-11-13 13:00:00,2085.4
2023-11-13 14:00:00,2121.9
2023-11-13 15:00:00,2039.2
2023-11-13 16:00:00,1997.9
2023-11-13 17:00:00,1987.2
2023-11-13 18:00:00,1941.2
2023-11-13 19:00:00,1861.9
2023-11-13 20:00:00,1909.9
2023-11-13 21:00:00,1806.6
2023-11-13 22:00:00,1788.2
2023-11-13 23:00:00,1780.2
2023-11-14 00:00:00,1766.4
2023-11-14 01:00:00,1804.3
2023-11-14 02:00:00,1753.2
2023-11-14 03:00:00,1815.6
2023-11-14 04:00:00,1825.4
2023-11-14 05:00:00,1883.4
2023-11-14 06:00:00,1883.6
2023-11-14 07:00:00,1915.5
2023-11-14 08:00:00,1981.4
2023-11-14 09:00:00,1998.4
2023-11-14 10:00:00,1984.1
2023-11-14 11:00:00,2061.2
2023-11-14 12:00:00,2045.1
2023-11-14 13:00:00,2012.9
2023-11-14 14:00:00,1983.3
2023-11-14 15:00:00,1981.6
2023-11-14 16:00:00,1956.6
2023-11-14 17:00:00,1850.0
2023-11-14 18:00:00,1867.4
2023-11-14 19:00:00,1834.2
2023-11-14 20:00:00,1705.1
2023-11-14 21:00:00,1747.8
2023-11-14 22:00:00,1736.3
2023-11-14 23:00:00,1715.3
2023-11-15 00:00:00,1714.2
2023-11-15 01:00:00,1682.9
2023-11-15 02:00:00,1674.1
2023-11-15 03:00:00,1672.7
2023-11-15 04:00:00,1788.2
2023-11-15 05:00:00,1810.4
2023-11-15 06:00:00,1860.9
2023-11-15 07:00:00,1840.8
2023-11-15 08:00:00,1920.8
2023-11-15 09:00:00,1880.6
2023-11-15 10:00:00,1921.5
2023-11-15 11:00:00,1964.5
2023-11-15 12:00:00,1984.0
2023-11-15 13:00:00,2007.7
2023-11-15 14:00:00,1933.6
2023-11-15 15:00:00,1889.5
2023-11-15 16:00:00,1855.5
2023-11-15 17:00:00,1824.9
2023-11-15 18:00:00,1872.1
2023-11-15 19:00:00,1788.3
2023-11-15 20:00:00,1761.8
2023-11-15 21:00:00,1689.3
2023-11-15 22:00:00,1671.8
2023-11-15 23:00:00,1677.1
2023-11-16 00:00:00,1635.3
2023-11-16 01:00:00,1646.4
2023-11-16 02:00:00,1649.5
2023-11-16 03:00:00,1679.9
2023-11-16 04:00:00,1725.8
2023-11-16 05:00:00,1735.8
2023-11-16 06:00:00,1808.0
2023-11-16 07:00:00,1846.9
2023-11-16 08:00:00,1869.5
2023-11-16 09:00:00,1881.6
2023-11-16 10:00:00,1933.9
2023-11-16 11:00:00,1931.3
2023-11-16 12:00:00,1953.7
2023-11-16 13:00:00,1981.0
2023-11-16 14:00:00,1896.5
2023-11-16 15:00:00,1976.5
2023-11-16 16:00:00,1879.2
2023-11-16 17:00:00,1858.9
2023-11-16 18:00:00,1786.5
2023-11-16 19:00:00,1806.1
2023-11-16 20:00:00,1733.4
2023-11-16 21:00:00,1696.0
2023-11-16 22:00:00,1668.5
2023-11-16 23:00:00,1664.6
2023-11-17 00:00:00,1682.1
2023-11-17 01:00:00,1681.9
2023-11-17 02:00:00,1692.7
2023-11-17 03:00:00,1698.6
2023-11-17 04:00:00,1730.2
2023-11-17 05:00:00,1778.0
2023-11-17 06:00:00,1847.0
2023-11-17 07:00:00,1894.4
2023-11-17 08:00:00,1937.2
2023-11-17 09:00:00,1946.9
2023-11-17 10:00:00,1985.0
2023-11-17 11:00:00,1986.2
2023-11-17 12:00:00,1947.0
2023-11-17 13:00:00,1990.5
2023-11-17 14:00:00,1973.7
2023-11-17 15:00:00,1932.9
2023-11-17 16:00:00,1919.0
2023-11-17 17:00:00,1906.9
2023-11-17 18:00:00,1833.1
2023-11-17 19:00:00,1810.0
2023-11-17 20:00:00,1844.7
2023-11-17 21:00:00,1722.2
2023-11-17 22:00:00,1744.1
2023-11-17 23:00:00,1702.8
2023-11-18 00:00:00,1713.2
2023-11-18 01:00:00,1738.1
2023-11-18 02:00:00,1732.5
2023-11-18 03:00:00,1806.4
2023-11-18 04:00:00,1863.9
2023-11-18 05:00:00,1887.9
2023-11-18 06:00:00,1935.3
2023-11-18 07:00:00,1905.0
2023-11-18 08:00:00,1978.3
2023-11-18 09:00:00,2033.7
2023-11-18 10:00:00,2072.6
2023-11-18 11:00:00,2117.0
2023-11-18 12:00:00,2104.4
2023-11-18 13:00:00,2097.0
2023-11-18 14:00:00,2136.9
2023-11-18 15:00:00,2039.6
2023-11-18 16:00:00,1999.7
2023-11-18 17:00:00,1980.1
2023-11-18 18:00:00,1911.0
2023-11-18 19:00:00,1904.1
2023-11-18 20:00:00,1816.5
2023-11-18 21:00:00,1823.7
2023-11-18 22:00:00,1814.5
2023-11-18 23:00:00,1833.6
2023-11-19 00:00:00,1835.4
2023-11-19 01:00:00,1780.2
2023-11-19 02:00:00,1888.3
2023-11-19 03:00:00,1856.1
2023-11-19 04:00:00,1891.6
2023-11-19 05:00:00,1873.7
2023-11-19 06:00:00,1943.9
2023-11-19 07:00:00,2034.2
2023-11-19 08:00:00,2045.3
2023-11-19 09:00:00,2075.7
2023-11-19 10:00:00,2104.2
2023-11-19 11:00:00,2070.1
2023-11-19 12:00:00,2116.5
2023-11-19 13:00:00,2157.3
2023-11-19 14:00:00,2133.3
2023-11-19 15:00:00,2073.7
2023-11-19 16:00:00,2093.7
2023-11-19 17:00:00,1973.2
2023-11-19 18:00:00,1943.2
2023-11-19 19:00:00,1989.5
2023-11-19 20:00:00,1914.8
2023-11-19 21:00:00,1857.6
2023-11-19 22:00:00,1840.5
2023-11-19 23:00:00,1802.6
2023-11-20 00:00:00,1829.6
2023-11-20 01:00:00,1831.7
2023-11-20 02:00:00,1840.7
2023-11-20 03:00:00,1828.4
2023-11-20 04:00:00,1901.3
2023-11-20 05:00:00,1912.7
2023-11-20 06:00:00,1936.7
2023-11-20 07:00:00,2041.9
2023-11-20 08:00:00,2103.9
2023-11-20 09:00:00,2126.8
2023-11-20 10:00:00,2110.4
2023-11-20 11:00:00,2096.3
2023-11-20 12:00:00,2105.6
2023-11-20 13:00:00,2113.0
2023-11-20 14:00:00,2071.4
2023-11-20 15:00:00,2097.8
2023-11-20 16:00:00,1964.1
2023-11-20 17:00:00,1978.1
2023-11-20 18:00:00,1970.0
2023-11-20 19:00:00,1879.6
2023-11-20 20:00:00,1859.3
2023-11-20 21:00:00,1850.9
2023-11-20 22:00:00,1852.4
2023-11-20 23:00:00,1750.6
2023-11-21 00:00:00,1740.7
2023-11-21 01:00:00,1756.0
2023-11-21 02:00:00,1750.6
2023-11-21 03:00:00,1773.9
2023-11-21 04:00:00,1817.1
2023-11-21 05:00:00,1916.8
2023-11-21 06:00:00,1906.5
2023-11-21 07:00:00,1952.8
2023-11-21 08:00:00,1956.6
2023-11-21 09:00:00,2032.5
2023-11-21 10:00:00,2090.8
2023-11-21 11:00:00,2020.1
2023-11-21 12:00:00,2100.7
2023-11-21 13:00:00,2052.0
2023-11-21 14:00:00,2023.7
2023-11-21 15:00:00,2008.6
2023-11-21 16:00:00,1974.4
2023-11-21 17:00:00,1979.5
2023-11-21 18:00:00,1897.8
2023-11-21 19:00:00,1856.8
2023-11-21 20:00:00,1789.0
2023-11-21 21:00:00,1793.1
2023-11-21 22:00:00,1712.8
2023-11-21 23:00:00,1727.1
2023-11-22 00:00:00,1802.7
2023-11-22 01:00:00,1643.7
2023-11-22 02:00:00,1738.3
2023-11-22 03:00:00,1760.9
2023-11-22 04:00:00,1774.6
2023-11-22 05:00:00,1809.3
2023-11-22 06:00:00,1854.7
2023-11-22 07:00:00,1881.1
2023-11-22 08:00:00,1929.4
2023-11-22 09:00:00,1937.2
2023-11-22 10:00:00,2034.5
2023-11-22 11:00:00,1979.4
2023-11-22 12:00:00,2007.4
2023-11-22 13:00:00,1963.5
2023-11-22 14:00:00,1995.0
2023-11-22 15:00:00,1963.7
2023-11-22 16:00:00,1921.8
2023-11-22 17:00:00,1840.9
2023-11-22 18:00:00,1809.2
2023-11-22 19:00:00,1842.4
2023-11-22 20:00:00,1731.8
2023-11-22 21:00:00,1742.0
2023-11-22 22:00:00,1669.8
2023-11-22 23:00:00,1712.7
2023-11-23 00:00:00,1656.2
2023-11-23 01:00:00,1652.6
2023-11-23 02:00:00,1674.7
2023-11-23 03:00:00,1703.1
2023-11-23 04:00:00,1762.8
2023-11-23 05:00:00,1788.9
2023-11-23 06:00:00,1792.9
2023-11-23 07:00:00,1864.0
2023-11-23 08:00:00,1867.0
2023-11-23 09:00:00,1952.1
2023-11-23 10:00:00,1982.0
2023-11-23 11:00:00,1972.1
2023-11-23 12:00:00,1986.9
2023-11-23 13:00:00,2027.1
2023-11-23 14:00:00,1955.8
2023-11-23 15:00:00,1909.5
2023-11-23 16:00:00,1925.3
2023-11-23 17:00:00,1839.1
2023-11-23 18:00:00,1829.3
2023-11-23 19:00:00,1780.4
2023-11-23 20:00:00,1742.7
2023-11-23 21:00:00,1726.9
2023-11-23 22:00:00,1739.4
2023-11-23 23:00:00,1732.5
2023-11-24 00:00:00,1723.9
2023-11-24 01:00:00,1713.4
2023-11-24 02:00:00,1712.8
2023-11-24 03:00:00,1675.8
2023-11-24 04:00:00,1791.0
2023-11-24 05:00:00,1750.1
2023-11-24 06:00:00,1802.1
2023-11-24 07:00:00,1896.3
2023-11-24 08:00:00,1947.9
2023-11-24 09:00:00,1960.2
2023-11-24 10:00:00,2046.3
2023-11-24 11:00:00,2031.9
2023-11-24 12:00:00,2018.5
2023-11-24 13:00:00,2065.3
2023-11-24 14:00:00,2058.6
2023-11-24 15:00:00,2006.2
2023-11-24 16:00:00,1939.5
2023-11-24 17:00:00,1913.1
2023-11-24 18:00:00,1850.5
2023-11-24 19:00:00,1856.9
2023-11-24 20:00:00,1793.6
2023-11-24 21:00:00,1787.3
2023-11-24 22:00:00,1784.3
2023-11-24 23:00:00,1705.1
2023-11-25 00:00:00,1724.7
2023-11-25 01:00:00,1755.7
2023-11-25 02:00:00,1787.5
2023-11-25 03:00:00,1801.2
2023-11-25 04:00:00,1842.1
2023-11-25 05:00:00,1868.3
2023-11-25 06:00:00,1888.0
2023-11-25 07:00:00,1957.3
2023-11-25 08:00:00,2006.2
2023-11-25 09:00:00,2037.3
2023-11-25 10:00:00,2076.8
2023-11-25 11:00:00,2103.9
2023-11-25 12:00:00,2119.8
2023-11-25 13:00:00,2078.1
2023-11-25 14:00:00,2037.6
2023-11-25 15:00:00,2101.9
2023-11-25 16:00:00,2046.9
2023-11-25 17:00:00,1973.2
2023-11-25 18:00:00,1973.9
2023-11-25 19:00:00,1961.2
2023-11-25 20:00:00,1947.3
2023-11-25 21:00:00,1874.2
2023-11-25 22:00:00,1876.8
2023-11-25 23:00:00,1795.9
2023-11-26 00:00:00,1828.1
2023-11-26 01:00:00,1826.2
2023-11-26 02:00:00,1863.4
2023-11-26 03:00:00,1927.1
2023-11-26 04:00:00,1919.1
2023-11-26 05:00:00,1921.3
2023-11-26 06:00:00,1951.8
2023-11-26 07:00:00,2079.3
2023-11-26 08:00:00,2082.9
2023-11-26 09:00:00,2113.2
2023-11-26 10:00:00,2114.3
2023-11-26 11:00:00,2148.7
2023-11-26 12:00:00,2117.0
2023-11-26 13:00:00,2153.9
2023-11-26 14:00:00,2092.7
2023-11-26 15:00:00,2093.9
2023-11-26 16:00:00,2054.8
2023-11-26 17:00:00,1940.5
2023-11-26 18:00:00,1989.2
2023-11-26 19:00:00,1934.0
2023-11-26 20:00:00,1918.5
2023-11-26 21:00:00,1893.6
2023-11-26 22:00:00,1922.6
2023-11-26 23:00:00,1863.3
2023-11-27 00:00:00,1858.7
2023-11-27 01:00:00,1868.1
2023-11-27 02:00:00,1893.7
2023-11-27 03:00:00,1904.2
2023-11-27 04:00:00,1929.3
2023-11-27 05:00:00,1977.3
2023-11-27 06:00:00,1920.9
2023-11-27 07:00:00,2094.1
2023-11-27 08:00:00,2114.0
2023-11-27 09:00:00,2102.5
2023-11-27 10:00:00,2076.0
2023-11-27 11:00:00,2168.1
2023-11-27 12:00:00,2114.4
2023-11-27 13:00:00,2144.4
2023-11-27 14:00:00,2073.1
2023-11-27 15:00:00,2152.6
2023-11-27 16:00:00,2009.5
2023-11-27 17:00:00,2016.6
2023-11-27 18:00:00,1909.9
2023-11-27 19:00:00,1931.3
2023-11-27 20:00:00,1881.3
2023-11-27 21:00:00,1894.8
2023-11-27 22:00:00,1821.7
2023-11-27 23:00:00,1851.2
2023-11-28 00:00:00,1778.7
2023-11-28 01:00:00,1803.5
2023-11-28 02:00:00,1816.5
2023-11-28 03:00:00,1860.4
2023-11-28 04:00:00,1885.0
2023-11-28 05:00:00,1929.1
2023-11-28 06:00:00,1951.5
2023-11-28 07:00:00,1999.4
2023-11-28 08:00:00,1986.1
2023-11-28 09:00:00,2052.9
2023-11-28 10:00:00,2110.5
2023-11-28 11:00:00,2024.1
2023-11-28 12:00:00,2091.4
2023-11-28 13:00:00,2089.1
2023-11-28 14:00:00,2094.9
2023-11-28 15:00:00,2046.2
2023-11-28 16:00:00,1993.5
2023-11-28 17:00:00,1964.5
2023-11-28 18:00:00,1887.9
2023-11-28 19:00:00,1856.8
2023-11-28 20:00:00,1789.5
2023-11-28 21:00:00,1840.4
2023-11-28 22:00:00,1782.8
2023-11-28 23:00:00,1724.3
2023-11-29 00:00:00,1752.2
2023-11-29 01:00:00,1781.5
2023-11-29 02:00:00,1789.0
2023-11-29 03:00:00,1752.9
2023-11-29 04:00:00,1715.4
2023-11-29 05:00:00,1855.2
2023-11-29 06:00:00,1853.3
2023-11-29 07:00:00,1935.3
2023-11-29 08:00:00,1979.3
2023-11-29 09:00:00,2013.2
2023-11-29 10:00:00,2054.1
2023-11-29 11:00:00,2052.0
2023-11-29 12:00:00,2070.8
2023-11-29 13:00:00,2052.9
2023-11-29 14:00:00,2039.0
2023-11-29 15:00:00,1968.5
2023-11-29 16:00:00,1898.6
2023-11-29 17:00:00,1974.3
2023-11-29 18:00:00,1861.7
2023-11-29 19:00:00,1856.8
2023-11-29 20:00:00,1766.3
2023-11-29 21:00:00,1779.7
2023-11-29 22:00:00,1652.9
2023-11-29 23:00:00,1698.3
2023-11-30 00:00:00,1702.0
2023-11-30 01:00:00,1723.5
2023-11-30 02:00:00,1756.4
2023-11-30 03:00:00,1715.0
2023-11-30 04:00:00,1798.6
2023-11-30 05:00:00,1851.8
2023-11-30 06:00:00,1924.3
2023-11-30 07:00:00,1914.2
2023-11-30 08:00:00,1915.7
2023-11-30 09:00:00,1922.9
2023-11-30 10:00:00,2040.3
2023-11-30 11:00:00,2023.2
2023-11-30 12:00:00,2006.3
2023-11-30 13:00:00,1954.2
2023-11-30 14:00:00,1960.9
2023-11-30 15:00:00,1985.0
2023-11-30 16:00:00,1946.8
2023-11-30 17:00:00,1843.0
2023-11-30 18:00:00,1882.9
2023-11-30 19:00:00,1779.6
2023-11-30 20:00:00,1832.7
2023-11-30 21:00:00,1769.0
2023-11-30 22:00:00,1726.8
2023-11-30 23:00:00,1757.3
2023-12-01 00:00:00,1735.1
2023-12-01 01:00:00,1771.5
2023-12-01 02:00:00,1751.3
2023-12-01 03:00:00,1779.1
2023-12-01 04:00:00,1799.8
2023-12-01 05:00:00,1854.8
2023-12-01 06:00:00,1939.2
2023-12-01 07:00:00,1914.5
2023-12-01 08:00:00,1987.8
2023-12-01 09:00:00,1975.7
2023-12-01 10:00:00,1966.7
2023-12-01 11:00:00,2052.7
2023-12-01 12:00:00,2065.6
2023-12-01 13:00:00,2048.9
2023-12-01 14:00:00,1995.3
2023-12-01 15:00:00,2028.4
2023-12-01 16:00:00,1999.3
2023-12-01 17:00:00,1931.5
2023-12-01 18:00:00,1881.8
2023-12-01 19:00:00,1879.1
2023-12-01 20:00:00,1873.2
2023-12-01 21:00:00,1838.2
2023-12-01 22:00:00,1778.6
2023-12-01 23:00:00,1797.3
2023-12-02 00:00:00,1817.9
2023-12-02 01:00:00,1764.3
2023-12-02 02:00:00,1819.6
2023-12-02 03:00:00,1884.8
2023-12-02 04:00:00,1840.6
2023-12-02 05:00:00,1952.8
2023-12-02 06:00:00,2008.7
2023-12-02 07:00:00,1995.3
2023-12-02 08:00:00,2030.9
2023-12-02 09:00:00,2106.3
2023-12-02 10:00:00,2096.5
2023-12-02 11:00:00,2049.5
2023-12-02 12:00:00,2125.1
2023-12-02 13:00:00,2139.9
2023-12-02 14:00:00,2135.8
2023-12-02 15:00:00,2066.1
2023-12-02 16:00:00,2056.0
2023-12-02 17:00:00,2059.9
2023-12-02 18:00:00,1992.5
2023-12-02 19:00:00,1912.1
2023-12-02 20:00:00,1961.3
2023-12-02 21:00:00,1889.0
2023-12-02 22:00:00,1906.6
2023-12-02 23:00:00,1819.2
2023-12-03 00:00:00,1854.4
2023-12-03 01:00:00,1880.4
2023-12-03 02:00:00,1879.4
2023-12-03 03:00:00,1872.2
2023-12-03 04:00:00,1868.8
2023-12-03 05:00:00,2023.9
2023-12-03 06:00:00,2026.0
2023-12-03 07:00:00,2093.8
2023-12-03 08:00:00,2124.2
2023-12-03 09:00:00,2146.5
2023-12-03 10:00:00,2143.9
2023-12-03 11:00:00,2184.2
2023-12-03 12:00:00,2200.0
2023-12-03 13:00:00,2173.7
2023-12-03 14:00:00,2200.0
2023-12-03 15:00:00,2088.7
2023-12-03 16:00:00,2054.8
2023-12-03 17:00:00,2096.9
2023-12-03 18:00:00,2004.1
2023-12-03 19:00:00,2051.2
2023-12-03 20:00:00,1993.9
2023-12-03 21:00:00,1970.2
2023-12-03 22:00:00,1925.1
2023-12-03 23:00:00,1855.6
2023-12-04 00:00:00,1827.9
2023-12-04 01:00:00,1927.1
2023-12-04 02:00:00,1851.6
2023-12-04 03:00:00,1967.2
2023-12-04 04:00:00,1970.0
2023-12-04 05:00:00,1982.8
2023-12-04 06:00:00,2036.1
2023-12-04 07:00:00,2074.4
2023-12-04 08:00:00,2089.3
2023-12-04 09:00:00,2167.9
2023-12-04 10:00:00,2189.2
2023-12-04 11:00:00,2165.6
2023-12-04 12:00:00,2146.4
2023-12-04 13:00:00,2196.7
2023-12-04 14:00:00,2080.0
2023-12-04 15:00:00,2128.3
2023-12-04 16:00:00,2104.1
2023-12-04 17:00:00,2018.9
2023-12-04 18:00:00,2032.0
2023-12-04 19:00:00,1961.0
2023-12-04 20:00:00,1906.9
2023-12-04 21:00:00,1918.8
2023-12-04 22:00:00,1831.1
2023-12-04 23:00:00,1872.3
2023-12-05 00:00:00,1779.2
2023-12-05 01:00:00,1849.8
2023-12-05 02:00:00,1854.9
2023-12-05 03:00:00,1858.7
2023-12-05 04:00:00,1914.9
2023-12-05 05:00:00,1934.3
2023-12-05 06:00:00,2004.5
2023-12-05 07:00:00,2025.7
2023-12-05 08:00:00,2055.9
2023-12-05 09:00:00,2079.3
2023-12-05 10:00:00,2077.5
2023-12-05 11:00:00,2094.7
2023-12-05 12:00:00,2113.5
2023-12-05 13:00:00,2093.0
2023-12-05 14:00:00,2113.7
2023-12-05 15:00:00,2056.5
2023-12-05 16:00:00,2031.2
2023-12-05 17:00:00,1938.9
2023-12-05 18:00:00,1967.7
2023-12-05 19:00:00,1880.4
2023-12-05 20:00:00,1827.7
2023-12-05 21:00:00,1874.6
2023-12-05 22:00:00,1819.7
2023-12-05 23:00:00,1810.5
2023-12-06 00:00:00,1787.2
2023-12-06 01:00:00,1773.4
2023-12-06 02:00:00,1780.3
2023-12-06 03:00:00,1833.5
2023-12-06 04:00:00,1872.9
2023-12-06 05:00:00,1870.8
2023-12-06 06:00:00,1971.6
2023-12-06 07:00:00,1940.2
2023-12-06 08:00:00,1938.4
2023-12-06 09:00:00,1957.7
2023-12-06 10:00:00,1980.7
2023-12-06 11:00:00,2032.1
2023-12-06 12:00:00,2040.9
2023-12-06 13:00:00,2061.6
2023-12-06 14:00:00,2023.7
2023-12-06 15:00:00,2024.6
2023-12-06 16:00:00,1968.2
2023-12-06 17:00:00,1929.8
2023-12-06 18:00:00,1872.1
2023-12-06 19:00:00,1892.2
2023-12-06 20:00:00,1766.4
2023-12-06 21:00:00,1789.5
2023-12-06 22:00:00,1750.4
2023-12-06 23:00:00,1763.7
2023-12-07 00:00:00,1733.9
2023-12-07 01:00:00,1739.5
2023-12-07 02:00:00,1745.9
2023-12-07 03:00:00,1819.3
2023-12-07 04:00:00,1808.6
2023-12-07 05:00:00,1903.8
2023-12-07 06:00:00,1891.8
2023-12-07 07:00:00,1923.4
2023-12-07 08:00:00,1954.9
2023-12-07 09:00:00,2007.7
2023-12-07 10:00:00,1997.5
2023-12-07 11:00:00,2035.2
2023-12-07 12:00:00,2037.0
2023-12-07 13:00:00,2042.3
2023-12-07 14:00:00,2029.0
2023-12-07 15:00:00,2007.9
2023-12-07 16:00:00,1968.8
2023-12-07 17:00:00,1978.2
2023-12-07 18:00:00,1906.4
2023-12-07 19:00:00,1934.6
2023-12-07 20:00:00,1823.4
2023-12-07 21:00:00,1821.3
2023-12-07 22:00:00,1748.8
2023-12-07 23:00:00,1799.5
2023-12-08 00:00:00,1733.2
2023-12-08 01:00:00,1775.2
2023-12-08 02:00:00,1770.8
2023-12-08 03:00:00,1818.4
2023-12-08 04:00:00,1831.2
2023-12-08 05:00:00,1853.1
2023-12-08 06:00:00,1910.0
2023-12-08 07:00:00,2005.7
2023-12-08 08:00:00,2012.3
2023-12-08 09:00:00,1993.4
2023-12-08 10:00:00,2091.5
2023-12-08 11:00:00,2049.7
2023-12-08 12:00:00,2106.7
2023-12-08 13:00:00,2098.8
2023-12-08 14:00:00,2088.6
2023-12-08 15:00:00,2104.9
2023-12-08 16:00:00,1996.4
2023-12-08 17:00:00,2006.4
2023-12-08 18:00:00,1990.2
2023-12-08 19:00:00,1897.4
2023-12-08 20:00:00,1861.2
2023-12-08 21:00:00,1847.1
2023-12-08 22:00:00,1844.8
2023-12-08 23:00:00,1780.9
2023-12-09 00:00:00,1837.8
2023-12-09 01:00:00,1787.3
2023-12-09 02:00:00,1886.5
2023-12-09 03:00:00,1890.1
2023-12-09 04:00:00,1966.3
2023-12-09 05:00:00,1968.3
2023-12-09 06:00:00,1981.0
2023-12-09 07:00:00,2008.1
2023-12-09 08:00:00,2078.5
2023-12-09 09:00:00,2104.5
2023-12-09 10:00:00,2167.8
2023-12-09 11:00:00,2122.3
2023-12-09 12:00:00,2200.0
2023-12-09 13:00:00,2194.2
2023-12-09 14:00:00,2137.6
2023-12-09 15:00:00,2176.6
2023-12-09 16:00:00,2070.8
2023-12-09 17:00:00,2066.9
2023-12-09 18:00:00,1986.1
2023-12-09 19:00:00,2043.5
2023-12-09 20:00:00,1904.9
2023-12-09 21:00:00,1882.4
2023-12-09 22:00:00,1885.0
2023-12-09 23:00:00,1930.9
2023-12-10 00:00:00,1916.8
2023-12-10 01:00:00,1899.0
2023-12-10 02:00:00,1942.8
2023-12-10 03:00:00,1934.4
2023-12-10 04:00:00,1983.3
2023-12-10 05:00:00,2058.0
2023-12-10 06:00:00,2041.4
2023-12-10 07:00:00,2066.1
2023-12-10 08:00:00,2140.7
2023-12-10 09:00:00,2181.1
2023-12-10 10:00:00,2187.2
2023-12-10 11:00:00,2200.0
2023-12-10 12:00:00,2199.8
2023-12-10 13:00:00,2200.0
2023-12-10 14:00:00,2198.5
2023-12-10 15:00:00,2172.6
2023-12-10 16:00:00,2181.8
2023-12-10 17:00:00,2108.6
2023-12-10 18:00:00,2049.8
2023-12-10 19:00:00,2036.1
2023-12-10 20:00:00,2014.4
2023-12-10 21:00:00,1976.2
2023-12-10 22:00:00,1950.5
2023-12-10 23:00:00,1868.7
2023-12-11 00:00:00,1833.3
2023-12-11 01:00:00,1950.9
2023-12-11 02:00:00,1940.1
2023-12-11 03:00:00,1949.4
2023-12-11 04:00:00,2001.1
2023-12-11 05:00:00,2073.3
2023-12-11 06:00:00,2095.7
2023-12-11 07:00:00,2119.8
2023-12-11 08:00:00,2099.2
2023-12-11 09:00:00,2132.8
2023-12-11 10:00:00,2106.3
2023-12-11 11:00:00,2200.0
2023-12-11 12:00:00,2200.0
2023-12-11 13:00:00,2200.0
2023-12-11 14:00:00,2191.5
2023-12-11 15:00:00,2140.8
2023-12-11 16:00:00,2095.5
2023-12-11 17:00:00,2049.4
2023-12-11 18:00:00,2028.4
2023-12-11 19:00:00,1962.9
2023-12-11 20:00:00,2006.5
2023-12-11 21:00:00,1881.4
2023-12-11 22:00:00,1888.3
2023-12-11 23:00:00,1818.7
2023-12-12 00:00:00,1878.1
2023-12-12 01:00:00,1871.7
2023-12-12 02:00:00,1873.5
2023-12-12 03:00:00,1877.4
2023-12-12 04:00:00,1933.9
2023-12-12 05:00:00,1951.0
2023-12-12 06:00:00,1999.3
2023-12-12 07:00:00,2098.2
2023-12-12 08:00:00,2078.1
2023-12-12 09:00:00,2117.2
2023-12-12 10:00:00,2108.3
2023-12-12 11:00:00,2110.9
2023-12-12 12:00:00,2136.0
2023-12-12 13:00:00,2200.0
2023-12-12 14:00:00,2102.4
2023-12-12 15:00:00,2095.2
2023-12-12 16:00:00,2025.7
2023-12-12 17:00:00,1928.9
2023-12-12 18:00:00,1946.3
2023-12-12 19:00:00,1999.9
2023-12-12 20:00:00,1907.5
2023-12-12 21:00:00,1905.1
2023-12-12 22:00:00,1819.0
2023-12-12 23:00:00,1741.2
2023-12-13 00:00:00,1771.0
2023-12-13 01:00:00,1818.8
2023-12-13 02:00:00,1826.5
2023-12-13 03:00:00,1840.6
2023-12-13 04:00:00,1853.7
2023-12-13 05:00:00,1931.7
2023-12-13 06:00:00,1925.1
2023-12-13 07:00:00,1986.1
2023-12-13 08:00:00,2016.9
2023-12-13 09:00:00,2029.1
2023-12-13 10:00:00,2035.6
2023-12-13 11:00:00,2062.4
2023-12-13 12:00:00,2134.8
2023-12-13 13:00:00,2105.3
2023-12-13 14:00:00,2086.0
2023-12-13 15:00:00,2006.5
2023-12-13 16:00:00,1954.5
2023-12-13 17:00:00,1993.1
2023-12-13 18:00:00,1947.4
2023-12-13 19:00:00,1884.5
2023-12-13 20:00:00,1832.1
2023-12-13 21:00:00,1767.4
2023-12-13 22:00:00,1812.7
2023-12-13 23:00:00,1806.7
2023-12-14 00:00:00,1745.0
2023-12-14 01:00:00,1747.2
2023-12-14 02:00:00,1822.0
2023-12-14 03:00:00,1789.2
2023-12-14 04:00:00,1892.8
2023-12-14 05:00:00,1872.3
2023-12-14 06:00:00,1902.9
2023-12-14 07:00:00,1955.0
2023-12-14 08:00:00,1978.5
2023-12-14 09:00:00,2055.5
2023-12-14 10:00:00,2072.7
2023-12-14 11:00:00,2094.4
2023-12-14 12:00:00,2073.2
2023-12-14 13:00:00,2049.8
2023-12-14 14:00:00,2049.2
2023-12-14 15:00:00,2014.0
2023-12-14 16:00:00,2040.9
2023-12-14 17:00:00,1992.2
2023-12-14 18:00:00,1922.0
2023-12-14 19:00:00,1859.6
2023-12-14 20:00:00,1899.1
2023-12-14 21:00:00,1827.6
2023-12-14 22:00:00,1797.6
2023-12-14 23:00:00,1834.9
2023-12-15 00:00:00,1770.1
2023-12-15 01:00:00,1783.0
2023-12-15 02:00:00,1802.8
2023-12-15 03:00:00,1796.3
2023-12-15 04:00:00,1878.7
2023-12-15 05:00:00,1885.0
2023-12-15 06:00:00,1932.0
2023-12-15 07:00:00,1969.4
2023-12-15 08:00:00,2011.7
2023-12-15 09:00:00,2037.9
2023-12-15 10:00:00,2097.1
2023-12-15 11:00:00,2102.8
2023-12-15 12:00:00,2116.9
2023-12-15 13:00:00,2183.9
2023-12-15 14:00:00,2096.5
2023-12-15 15:00:00,2098.5
2023-12-15 16:00:00,2073.9
2023-12-15 17:00:00,2017.3
2023-12-15 18:00:00,1991.7
2023-12-15 19:00:00,1948.4
2023-12-15 20:00:00,1920.8
2023-12-15 21:00:00,1869.2
2023-12-15 22:00:00,1851.3
2023-12-15 23:00:00,1854.8
2023-12-16 00:00:00,1793.3
2023-12-16 01:00:00,1905.6
2023-12-16 02:00:00,1943.7
2023-12-16 03:00:00,1911.0
2023-12-16 04:00:00,1960.0
2023-12-16 05:00:00,2011.8
2023-12-16 06:00:00,1981.6
2023-12-16 07:00:00,2091.1
2023-12-16 08:00:00,2089.7
2023-12-16 09:00:00,2200.0
2023-12-16 10:00:00,2157.8
2023-12-16 11:00:00,2200.0
2023-12-16 12:00:00,2184.0
2023-12-16 13:00:00,2200.0
2023-12-16 14:00:00,2159.6
2023-12-16 15:00:00,2188.8
2023-12-16 16:00:00,2144.3
2023-12-16 17:00:00,2104.1
2023-12-16 18:00:00,2062.5
2023-12-16 19:00:00,1999.3
2023-12-16 20:00:00,1908.0
2023-12-16 21:00:00,1989.1
2023-12-16 22:00:00,1920.6
2023-12-16 23:00:00,1957.6
2023-12-17 00:00:00,1930.0
2023-12-17 01:00:00,1962.6
2023-12-17 02:00:00,1967.6
2023-12-17 03:00:00,1895.2
2023-12-17 04:00:00,2020.4
2023-12-17 05:00:00,2029.5
2023-12-17 06:00:00,2115.1
2023-12-17 07:00:00,2138.1
2023-12-17 08:00:00,2176.0
2023-12-17 09:00:00,2182.0
2023-12-17 10:00:00,2187.8
2023-12-17 11:00:00,2200.0
2023-12-17 12:00:00,2183.2
2023-12-17 13:00:00,2200.0
2023-12-17 14:00:00,2174.7
2023-12-17 15:00:00,2152.2
2023-12-17 16:00:00,2168.2
2023-12-17 17:00:00,2144.9
2023-12-17 18:00:00,2089.4
2023-12-17 19:00:00,2036.7
2023-12-17 20:00:00,1987.1
2023-12-17 21:00:00,1974.8
2023-12-17 22:00:00,1935.6
2023-12-17 23:00:00,1943.1
2023-12-18 00:00:00,1893.8
2023-12-18 01:00:00,1965.1
2023-12-18 02:00:00,1941.4
2023-12-18 03:00:00,1992.8
2023-12-18 04:00:00,2038.3
2023-12-18 05:00:00,2056.8
2023-12-18 06:00:00,2108.7
2023-12-18 07:00:00,2060.3
2023-12-18 08:00:00,2142.5
2023-12-18 09:00:00,2200.0
2023-12-18 10:00:00,2200.0
2023-12-18 11:00:00,2200.0
2023-12-18 12:00:00,2200.0
2023-12-18 13:00:00,2200.0
2023-12-18 14:00:00,2195.1
2023-12-18 15:00:00,2148.2
2023-12-18 16:00:00,2129.6
2023-12-18 17:00:00,2093.4
2023-12-18 18:00:00,2047.0
2023-12-18 19:00:00,1996.2
2023-12-18 20:00:00,1997.4
2023-12-18 21:00:00,2002.8
2023-12-18 22:00:00,1953.7
2023-12-18 23:00:00,1898.6
2023-12-19 00:00:00,1931.1
2023-12-19 01:00:00,1913.7
2023-12-19 02:00:00,1914.5
2023-12-19 03:00:00,1933.8
2023-12-19 04:00:00,1959.4
2023-12-19 05:00:00,2018.4
2023-12-19 06:00:00,2039.1
2023-12-19 07:00:00,2049.2
2023-12-19 08:00:00,2081.2
2023-12-19 09:00:00,2141.9
2023-12-19 10:00:00,2166.7
2023-12-19 11:00:00,2156.6
2023-12-19 12:00:00,2134.3
2023-12-19 13:00:00,2197.9
2023-12-19 14:00:00,2173.8
2023-12-19 15:00:00,2056.4
2023-12-19 16:00:00,2122.3
2023-12-19 17:00:00,2036.9
2023-12-19 18:00:00,2007.3
2023-12-19 19:00:00,1994.2
2023-12-19 20:00:00,1970.8
2023-12-19 21:00:00,1917.6
2023-12-19 22:00:00,1868.3
2023-12-19 23:00:00,1802.2
2023-12-20 00:00:00,1775.1
2023-12-20 01:00:00,1864.8
2023-12-20 02:00:00,1891.3
2023-12-20 03:00:00,1848.1
2023-12-20 04:00:00,1893.2
2023-12-20 05:00:00,1918.5
2023-12-20 06:00:00,1954.3
2023-12-20 07:00:00,2040.8
2023-12-20 08:00:00,2049.2
2023-12-20 09:00:00,2064.9
2023-12-20 10:00:00,2173.5
2023-12-20 11:00:00,2063.9
2023-12-20 12:00:00,2126.8
2023-12-20 13:00:00,2072.1
2023-12-20 14:00:00,2082.3
2023-12-20 15:00:00,2066.2
2023-12-20 16:00:00,2054.7
2023-12-20 17:00:00,1984.1
2023-12-20 18:00:00,1940.9
2023-12-20 19:00:00,1903.7
2023-12-20 20:00:00,1842.5
2023-12-20 21:00:00,1862.0
2023-12-20 22:00:00,1826.9
2023-12-20 23:00:00,1815.9
2023-12-21 00:00:00,1795.1
2023-12-21 01:00:00,1796.1
2023-12-21 02:00:00,1851.8
2023-12-21 03:00:00,1870.8
2023-12-21 04:00:00,1913.6
2023-12-21 05:00:00,1918.5
2023-12-21 06:00:00,1986.9
2023-12-21 07:00:00,1972.9
2023-12-21 08:00:00,2015.9
2023-12-21 09:00:00,2089.3
2023-12-21 10:00:00,2103.2
2023-12-21 11:00:00,2084.8
2023-12-21 12:00:00,2068.1
2023-12-21 13:00:00,2089.1
2023-12-21 14:00:00,2060.7
2023-12-21 15:00:00,2110.3
2023-12-21 16:00:00,2051.5
2023-12-21 17:00:00,1970.9
2023-12-21 18:00:00,1925.2
2023-12-21 19:00:00,1895.9
2023-12-21 20:00:00,1867.9
2023-12-21 21:00:00,1850.4
2023-12-21 22:00:00,1866.8
2023-12-21 23:00:00,1791.3
2023-12-22 00:00:00,1885.9
2023-12-22 01:00:00,1796.1
2023-12-22 02:00:00,1799.3
2023-12-22 03:00:00,1918.3
2023-12-22 04:00:00,1940.7
2023-12-22 05:00:00,1934.2
2023-12-22 06:00:00,1992.5
2023-12-22 07:00:00,2034.6
2023-12-22 08:00:00,2065.3
2023-12-22 09:00:00,2056.1
2023-12-22 10:00:00,2047.1
2023-12-22 11:00:00,2114.0
2023-12-22 12:00:00,2200.0
2023-12-22 13:00:00,2200.0
2023-12-22 14:00:00,2125.2
2023-12-22 15:00:00,2083.5
2023-12-22 16:00:00,2092.6
2023-12-22 17:00:00,2064.3
2023-12-22 18:00:00,2033.4
2023-12-22 19:00:00,1903.9
2023-12-22 20:00:00,2041.4
2023-12-22 21:00:00,1952.7
2023-12-22 22:00:00,1892.1
2023-12-22 23:00:00,1864.7
2023-12-23 00:00:00,1914.0
2023-12-23 01:00:00,1907.5
2023-12-23 02:00:00,1913.6
2023-12-23 03:00:00,1951.6
2023-12-23 04:00:00,1968.6
2023-12-23 05:00:00,2023.4
2023-12-23 06:00:00,2075.1
2023-12-23 07:00:00,2105.5
2023-12-23 08:00:00,2143.2
2023-12-23 09:00:00,2200.0
2023-12-23 10:00:00,2147.5
2023-12-23 11:00:00,2189.4
2023-12-23 12:00:00,2200.0
2023-12-23 13:00:00,2197.2
2023-12-23 14:00:00,2195.0
2023-12-23 15:00:00,2200.0
2023-12-23 16:00:00,2153.0
2023-12-23 17:00:00,2069.1
2023-12-23 18:00:00,2075.0
2023-12-23 19:00:00,2053.1
2023-12-23 20:00:00,2018.8
2023-12-23 21:00:00,2005.6
2023-12-23 22:00:00,1981.5
2023-12-23 23:00:00,1950.3
2023-12-24 00:00:00,1915.7
2023-12-24 01:00:00,1945.4
2023-12-24 02:00:00,1956.8
2023-12-24 03:00:00,1992.6
2023-12-24 04:00:00,2054.7
2023-12-24 05:00:00,2083.9
2023-12-24 06:00:00,2136.9
2023-12-24 07:00:00,2140.9
2023-12-24 08:00:00,2200.0
2023-12-24 09:00:00,2200.0
2023-12-24 10:00:00,2200.0
2023-12-24 11:00:00,2200.0
2023-12-24 12:00:00,2200.0
2023-12-24 13:00:00,2200.0
2023-12-24 14:00:00,2200.0
2023-12-24 15:00:00,2200.0
2023-12-24 16:00:00,2199.2
2023-12-24 17:00:00,2156.9
2023-12-24 18:00:00,2097.0
2023-12-24 19:00:00,2025.0
2023-12-24 20:00:00,2090.3
2023-12-24 21:00:00,2010.2
2023-12-24 22:00:00,1979.5
2023-12-24 23:00:00,1956.9
2023-12-25 00:00:00,2009.2
2023-12-25 01:00:00,2002.6
2023-12-25 02:00:00,1961.5
2023-12-25 03:00:00,2048.5
2023-12-25 04:00:00,2039.4
2023-12-25 05:00:00,2060.7
2023-12-25 06:00:00,2108.0
2023-12-25 07:00:00,2131.0
2023-12-25 08:00:00,2149.8
2023-12-25 09:00:00,2200.0
2023-12-25 10:00:00,2200.0
2023-12-25 11:00:00,2200.0
2023-12-25 12:00:00,2200.0
2023-12-25 13:00:00,2200.0
2023-12-25 14:00:00,2173.4
2023-12-25 15:00:00,2183.1
2023-12-25 16:00:00,2193.1
2023-12-25 17:00:00,2099.6
2023-12-25 18:00:00,2108.1
2023-12-25 19:00:00,2014.2
2023-12-25 20:00:00,2018.0
2023-12-25 21:00:00,2032.4
2023-12-25 22:00:00,1981.1
2023-12-25 23:00:00,1885.0
2023-12-26 00:00:00,1958.3
2023-12-26 01:00:00,1990.1
2023-12-26 02:00:00,2031.8
2023-12-26 03:00:00,1983.4
2023-12-26 04:00:00,1956.6
2023-12-26 05:00:00,2044.1
2023-12-26 06:00:00,2115.0
2023-12-26 07:00:00,2097.6
2023-12-26 08:00:00,2167.9
2023-12-26 09:00:00,2139.7
2023-12-26 10:00:00,2197.2
2023-12-26 11:00:00,2123.5
2023-12-26 12:00:00,2172.0
2023-12-26 13:00:00,2192.4
2023-12-26 14:00:00,2163.9
2023-12-26 15:00:00,2109.2
2023-12-26 16:00:00,2099.4
2023-12-26 17:00:00,2085.3
2023-12-26 18:00:00,2031.3
2023-12-26 19:00:00,1994.1
2023-12-26 20:00:00,1975.4
2023-12-26 21:00:00,1909.4
2023-12-26 22:00:00,1934.1
2023-12-26 23:00:00,1846.1
2023-12-27 00:00:00,1925.9
2023-12-27 01:00:00,1904.1
2023-12-27 02:00:00,1872.6
2023-12-27 03:00:00,1896.1
2023-12-27 04:00:00,1939.7
2023-12-27 05:00:00,1985.4
2023-12-27 06:00:00,2036.9
2023-12-27 07:00:00,2000.6
2023-12-27 08:00:00,2088.1
2023-12-27 09:00:00,2040.5
2023-12-27 10:00:00,2120.7
2023-12-27 11:00:00,2182.8
2023-12-27 12:00:00,2100.0
2023-12-27 13:00:00,2087.9
2023-12-27 14:00:00,2125.9
2023-12-27 15:00:00,2135.7
2023-12-27 16:00:00,2071.4
2023-12-27 17:00:00,1967.0
2023-12-27 18:00:00,1933.7
2023-12-27 19:00:00,1947.3
2023-12-27 20:00:00,1871.8
2023-12-27 21:00:00,1879.4
2023-12-27 22:00:00,1856.6
2023-12-27 23:00:00,1820.4
2023-12-28 00:00:00,1883.9
2023-12-28 01:00:00,1851.9
2023-12-28 02:00:00,1885.2
2023-12-28 03:00:00,1900.1
2023-12-28 04:00:00,1898.9
2023-12-28 05:00:00,1933.8
2023-12-28 06:00:00,1969.7
2023-12-28 07:00:00,2038.1
2023-12-28 08:00:00,2034.7
2023-12-28 09:00:00,2137.5
2023-12-28 10:00:00,2087.8
2023-12-28 11:00:00,2132.3
2023-12-28 12:00:00,2124.9
2023-12-28 13:00:00,2114.0
2023-12-28 14:00:00,2178.8
2023-12-28 15:00:00,2077.7
2023-12-28 16:00:00,2051.9
2023-12-28 17:00:00,2006.3
2023-12-28 18:00:00,1990.1
2023-12-28 19:00:00,1948.5
2023-12-28 20:00:00,1883.4
2023-12-28 21:00:00,1875.0
2023-12-28 22:00:00,1884.0
2023-12-28 23:00:00,1883.4
2023-12-29 00:00:00,1850.2
2023-12-29 01:00:00,1858.5
2023-12-29 02:00:00,1863.1
2023-12-29 03:00:00,1884.9
2023-12-29 04:00:00,1905.8
2023-12-29 05:00:00,1925.3
2023-12-29 06:00:00,1992.3
2023-12-29 07:00:00,2081.9
2023-12-29 08:00:00,2080.8
2023-12-29 09:00:00,2116.9
2023-12-29 10:00:00,2142.9
2023-12-29 11:00:00,2200.0
2023-12-29 12:00:00,2151.8
2023-12-29 13:00:00,2185.8
2023-12-29 14:00:00,2163.4
2023-12-29 15:00:00,2146.7
2023-12-29 16:00:00,2123.9
2023-12-29 17:00:00,2085.2
2023-12-29 18:00:00,2071.5
2023-12-29 19:00:00,2011.2
2023-12-29 20:00:00,2031.4
2023-12-29 21:00:00,1952.4
2023-12-29 22:00:00,1879.3
2023-12-29 23:00:00,1937.8
2023-12-30 00:00:00,1928.5
2023-12-30 01:00:00,1926.0
2023-12-30 02:00:00,1935.4
2023-12-30 03:00:00,1906.7
2023-12-30 04:00:00,1946.0
2023-12-30 05:00:00,2093.2
2023-12-30 06:00:00,2068.1
2023-12-30 07:00:00,2156.6
2023-12-30 08:00:00,2118.8
2023-12-30 09:00:00,2169.5
2023-12-30 10:00:00,2200.0
2023-12-30 11:00:00,2200.0
2023-12-30 12:00:00,2200.0
2023-12-30 13:00:00,2200.0
2023-12-30 14:00:00,2200.0
2023-12-30 15:00:00,2197.8
2023-12-30 16:00:00,2154.1
2023-12-30 17:00:00,2198.4
2023-12-30 18:00:00,2167.1
2023-12-30 19:00:00,2052.6
2023-12-30 20:00:00,2016.9
2023-12-30 21:00:00,2010.8
2023-12-30 22:00:00,2009.9
2023-12-30 23:00:00,1981.5
2023-12-31 00:00:00,1998.9
2023-12-31 01:00:00,1989.6
2023-12-31 02:00:00,2004.5
2023-12-31 03:00:00,2106.0
2023-12-31 04:00:00,2050.7
2023-12-31 05:00:00,2153.4
2023-12-31 06:00:00,2188.0
2023-12-31 07:00:00,2200.0
2023-12-31 08:00:00,2164.6
2023-12-31 09:00:00,2200.0
2023-12-31 10:00:00,2200.0
2023-12-31 11:00:00,2200.0
2023-12-31 12:00:00,2200.0
2023-12-31 13:00:00,2200.0
2023-12-31 14:00:00,2200.0
2023-12-31 15:00:00,2200.0
2023-12-31 16:00:00,2200.0
2023-12-31 17:00:00,2161.6
2023-12-31 18:00:00,2165.4
2023-12-31 19:00:00,2168.8
2023-12-31 20:00:00,2082.1
2023-12-31 21:00:00,2062.4
2023-12-31 22:00:00,2017.8
2023-12-31 23:00:00,1994.4
